issue,issue_title,start_date,end_date,rank,track_id,song_name,artist_name,qq_track_mid,new_flag,last_week_rank,on_chart_weeks,history_highest_rank,uni_index,play_heat,spread,preference,sales,recommendation,cover_url
202628,第28期（07.13-07.19）,2026-07-13,2026-07-19,1,530004147,红尘慌慌,周深,003ARFyH2himMe,False,5,2,1,96.97699,74.58,0.0,0.0,72.17,90.44,https://y.qq.com/music/photo_new/T062R500x500M000002P5PQ93Mb5a2.jpg
202628,第28期（07.13-07.19）,2026-07-13,2026-07-19,2,495731462,宇宙游乐场,梓渝,003xi4dG0HPhN3,False,3,7,1,96.50227,71.29,0.0,0.0,59.45,87.39,https://y.gtimg.cn/music/photo_new/T002R500x500M000001YF9mT23fsBQ_1.jpg
202628,第28期（07.13-07.19）,2026-07-13,2026-07-19,3,509534822,我想,刘宇宁,004BV00w11Ysvm,False,4,6,3,96.36423,70.72,0.0,0.0,38.66,86.64,https://y.gtimg.cn/music/photo_new/T002R500x500M000002lkcEK0ztfwR_1.jpg
202628,第28期（07.13-07.19）,2026-07-13,2026-07-19,4,531359848,我只要我开心,时代少年团,0047kieu3p1Zrf,True,0,1,4,96.2633,80.41,0.0,0.0,80.59,80.45,https://y.gtimg.cn/music/photo_new/T002R500x500M000002zvO7r0gSXWZ_1.jpg
202628,第28期（07.13-07.19）,2026-07-13,2026-07-19,5,515779632,Steal The Moon,王俊凯,0041rMW52UcUDL,False,10,4,1,96.19317,75.1,0.0,0.0,50.62,85.24,https://y.qq.com/music/photo_new/T062R500x500M000002Z67Ce1Dtijs.jpg
202628,第28期（07.13-07.19）,2026-07-13,2026-07-19,6,532831826,ZESTY,袁一琦,004Ymb8G1GWzPk,True,0,1,6,96.06111,71.34,0.0,0.0,79.01,79.29,https://y.gtimg.cn/music/photo_new/T002R500x500M000003qltM2469LMm_2.jpg
202628,第28期（07.13-07.19）,2026-07-13,2026-07-19,7,452195789,不渝,梓渝,000TyQAA0jYDlU,False,8,31,1,95.97662,61.94,0.0,0.0,43.37,83.28,https://y.gtimg.cn/music/photo_new/T002R500x500M000001bXK7t4Q576w_1.jpg
202628,第28期（07.13-07.19）,2026-07-13,2026-07-19,8,533095371,媚人,薛之谦,001Fk1hB2OWZYH,True,0,1,8,95.83907,82.12,0.0,0.0,52.0,81.05,https://y.gtimg.cn/music/photo_new/T002R500x500M000002vfBmm41fIRe_1.jpg
202628,第28期（07.13-07.19）,2026-07-13,2026-07-19,9,522436401,爱谁谁,张艺兴,0022DCpn01uwgJ,False,11,3,4,95.73439,61.55,0.0,0.0,80.92,71.49,https://y.gtimg.cn/music/photo_new/T002R500x500M000001w138z3PZEcz_1.jpg
202628,第28期（07.13-07.19）,2026-07-13,2026-07-19,10,477383450,一千一万朵,马嘉祺,003TNscL2TONPZ,False,19,15,6,95.31252,65.62,0.0,0.0,29.45,80.79,https://y.qq.com/music/photo_new/T062R500x500M000003CK5IN3d5z55.jpg
202628,第28期（07.13-07.19）,2026-07-13,2026-07-19,11,522436402,Again,张艺兴,001deuwV3jcVOr,False,21,3,6,95.13264,60.48,0.0,0.0,80.17,43.27,https://y.gtimg.cn/music/photo_new/T002R500x500M000001w138z3PZEcz_1.jpg
202628,第28期（07.13-07.19）,2026-07-13,2026-07-19,12,522436396,Higher,张艺兴,00283SX10LVsSP,False,20,3,5,95.1079,60.63,0.0,0.0,80.1,41.6,https://y.gtimg.cn/music/photo_new/T002R500x500M000001w138z3PZEcz_1.jpg
202628,第28期（07.13-07.19）,2026-07-13,2026-07-19,13,522436410,Living,张艺兴,003hfE050iuS2B,False,23,3,7,95.10458,60.38,0.0,0.0,80.09,41.77,https://y.gtimg.cn/music/photo_new/T002R500x500M000001w138z3PZEcz_1.jpg
202628,第28期（07.13-07.19）,2026-07-13,2026-07-19,14,522436400,Smoke & Mirrors,张艺兴,000SGh5g1MgDzo,False,24,3,9,95.02542,60.46,0.0,0.0,79.59,41.37,https://y.gtimg.cn/music/photo_new/T002R500x500M000001w138z3PZEcz_1.jpg
202628,第28期（07.13-07.19）,2026-07-13,2026-07-19,15,522436428,文艺工作者,张艺兴,001tQZO33ntbnd,False,27,3,12,95.00091,60.07,0.0,0.0,79.43,41.28,https://y.gtimg.cn/music/photo_new/T002R500x500M000001w138z3PZEcz_1.jpg
202628,第28期（07.13-07.19）,2026-07-13,2026-07-19,16,522436418,错错错,张艺兴,004V2b6s39ainE,False,26,3,11,94.95291,60.3,0.0,0.0,79.33,41.58,https://y.gtimg.cn/music/photo_new/T002R500x500M000001w138z3PZEcz_1.jpg
202628,第28期（07.13-07.19）,2026-07-13,2026-07-19,17,522436399,意中人,张艺兴,0032Yh0918cF8c,False,28,3,10,94.75221,60.19,0.0,0.0,79.04,41.37,https://y.gtimg.cn/music/photo_new/T002R500x500M000001w138z3PZEcz_1.jpg
202628,第28期（07.13-07.19）,2026-07-13,2026-07-19,18,521117665,甲乙丙丁 (你我怎么两清),李佳薇,002AZauQ1UKQxe,False,37,3,18,94.30231,87.52,0.0,0.0,39.24,61.52,https://y.gtimg.cn/music/photo_new/T002R500x500M00000446QRA1fTdqA_2.jpg
202628,第28期（07.13-07.19）,2026-07-13,2026-07-19,19,199985272,花开忘忧,周深,004czGF42WSgko,False,15,202,1,93.88619,71.45,0.0,0.0,52.59,76.68,https://y.gtimg.cn/music/photo_new/T002R500x500M000001rb1ah0bFKMo_1.jpg
202628,第28期（07.13-07.19）,2026-07-13,2026-07-19,20,463774753,Colder,蔡徐坤,00400RDv0ozgWg,False,74,24,2,93.68339,55.28,0.0,0.0,76.77,57.97,https://y.gtimg.cn/music/photo_new/T002R500x500M000003Q9it10RWLId_2.jpg
202628,第28期（07.13-07.19）,2026-07-13,2026-07-19,21,293603181,小美满,周深,002QvWwX1BG9mr,False,16,128,1,93.58025,79.59,0.0,0.0,44.79,74.94,https://y.gtimg.cn/music/photo_new/T002R500x500M0000002ATV00WcBgd_2.jpg
202628,第28期（07.13-07.19）,2026-07-13,2026-07-19,22,385505856,像晴天像雨天,汪苏泷,003sZs4P2hFUVQ,False,14,75,6,93.49317,78.07,0.0,0.0,56.21,74.49,https://y.gtimg.cn/music/photo_new/T002R500x500M000001V8PDy1om05K_1.jpg
202628,第28期（07.13-07.19）,2026-07-13,2026-07-19,23,463774751,Don't Call (feat. Free Nationals),蔡徐坤,004O0a1f4T0RI8,False,84,22,3,93.36077,54.32,0.0,0.0,76.6,53.28,https://y.gtimg.cn/music/photo_new/T002R500x500M000003Q9it10RWLId_2.jpg
202628,第28期（07.13-07.19）,2026-07-13,2026-07-19,24,528886869,吹吹山顶的风,巴扎黑,00300Opj0ekd7M,False,58,2,24,93.33665,85.96,0.0,0.0,56.31,54.89,https://y.gtimg.cn/music/photo_new/T002R500x500M000003fdCjM2I4CYg_4.jpg
202628,第28期（07.13-07.19）,2026-07-13,2026-07-19,25,490979740,玻璃,Gareth.T,001brxL63DYjSr,False,18,9,2,93.27686,86.64,0.0,0.0,33.4,53.89,https://y.gtimg.cn/music/photo_new/T002R500x500M000002kIED92uw8L5_1.jpg
202628,第28期（07.13-07.19）,2026-07-13,2026-07-19,26,476979934,大江南,刀郎,00353J6U0acVVf,False,17,17,9,93.15839,63.11,0.0,0.0,35.43,76.51,https://y.gtimg.cn/music/photo_new/T002R500x500M0000042UNmv3tjqE2_1.jpg
202628,第28期（07.13-07.19）,2026-07-13,2026-07-19,27,522467105,北京的雨,张艺兴,002ubhKy3qBLES,True,0,1,27,92.66639,74.14,0.0,0.0,70.83,68.57,https://y.qq.com/music/photo_new/T062R500x500M0000004cYUv1WOARD.jpg
202628,第28期（07.13-07.19）,2026-07-13,2026-07-19,28,474412512,那天下雨了,周杰伦,0044SaFh0apuR2,False,30,17,2,92.50935,84.74,0.0,0.0,47.31,58.44,https://y.gtimg.cn/music/photo_new/T002R500x500M0000041WVfh2vtlJE_1.jpg
202628,第28期（07.13-07.19）,2026-07-13,2026-07-19,29,517708558,Call My Name,张艺兴,000LnSwg4DkKg2,False,25,4,1,92.49727,65.39,0.0,0.0,75.35,45.87,https://y.gtimg.cn/music/photo_new/T002R500x500M000001w138z3PZEcz_1.jpg
202628,第28期（07.13-07.19）,2026-07-13,2026-07-19,30,486301870,Someone to Love,严浩翔,003h49Zi3ExoLi,False,55,11,1,92.39187,61.26,0.0,0.0,15.92,75.59,https://y.gtimg.cn/music/photo_new/T002R500x500M000002MLnIj1xJXLf_1.jpg
202628,第28期（07.13-07.19）,2026-07-13,2026-07-19,31,522436398,斗战胜佛,张艺兴,0031lecC265Cw1,False,36,3,13,92.19786,64.57,0.0,0.0,75.03,42.92,https://y.gtimg.cn/music/photo_new/T002R500x500M000001w138z3PZEcz_1.jpg
202628,第28期（07.13-07.19）,2026-07-13,2026-07-19,32,522467069,太阳,张艺兴,001Uoqxt4SYZNY,True,0,1,32,92.14795,73.8,0.0,0.0,70.98,63.06,https://y.gtimg.cn/music/photo_new/T002R500x500M000001w138z3PZEcz_1.jpg
202628,第28期（07.13-07.19）,2026-07-13,2026-07-19,33,495624493,梦哑,任然,003WHs6a1qmOeG,False,38,4,33,91.90494,83.46,0.0,0.0,20.47,59.98,https://y.gtimg.cn/music/photo_new/T002R500x500M000000JotAZ2WZEkq_1.jpg
202628,第28期（07.13-07.19）,2026-07-13,2026-07-19,34,447308818,街角的晚风,陈小春,001e2FJz3QXaf0,False,33,32,5,91.8793,84.16,0.0,0.0,50.9,41.99,https://y.gtimg.cn/music/photo_new/T002R500x500M0000028jKt80PGmlB_4.jpg
202628,第28期（07.13-07.19）,2026-07-13,2026-07-19,35,475529076,Fever Pitch,Richz,000WhoSx0Wpvog,False,42,10,22,91.66036,84.19,0.0,0.0,39.79,41.07,https://y.gtimg.cn/music/photo_new/T002R500x500M0000013EMSw3bvHuu_1.jpg
202628,第28期（07.13-07.19）,2026-07-13,2026-07-19,36,480650227,写故事的人,汪苏泷,0028t0n12nBn9U,False,35,4,13,91.45252,82.04,0.0,0.0,33.48,58.46,https://y.gtimg.cn/music/photo_new/T002R500x500M000000A1M903iHvyT_4.jpg
202628,第28期（07.13-07.19）,2026-07-13,2026-07-19,37,515804613,8DM,"V8,徐明浩",001gPXbo2gpbbH,False,12,3,12,91.35478,53.79,0.0,0.0,43.18,72.81,https://y.gtimg.cn/music/photo_new/T002R500x500M000000rDsrP3UzzFm_1.jpg
202628,第28期（07.13-07.19）,2026-07-13,2026-07-19,38,522370780,劫,于文文,002ErzzV0YOB5m,True,0,1,38,91.30592,51.96,0.0,0.0,72.98,43.49,https://y.gtimg.cn/music/photo_new/T002R500x500M000001AnXF325jMfu_1.jpg
202628,第28期（07.13-07.19）,2026-07-13,2026-07-19,39,532795800,问,TF_ING张子墨,0002BKiw3M8Yqb,True,0,1,39,91.09556,54.26,0.0,0.0,47.44,71.8,https://y.gtimg.cn/music/photo_new/T002R500x500M000001dK7Q03f3u6K_1.jpg
202628,第28期（07.13-07.19）,2026-07-13,2026-07-19,40,531112810,周旋,"王以太,艾热AIR",0009cN231s93BH,True,0,1,40,91.05183,77.79,0.0,0.0,11.31,66.56,https://y.gtimg.cn/music/photo_new/T002R500x500M000000TFXPO1bLY2u_1.jpg
202628,第28期（07.13-07.19）,2026-07-13,2026-07-19,41,501946792,云絮低语,云朵,000X5dVy0AaZKa,False,39,3,39,90.9607,62.47,0.0,0.0,56.15,70.26,https://y.gtimg.cn/music/photo_new/T002R500x500M000000BlY9Z3Nrr3g_1.jpg
202628,第28期（07.13-07.19）,2026-07-13,2026-07-19,42,480678966,静音恋人 (两颗缠绕的心),礼越,0046UbDu4Lyebe,False,40,8,18,90.76985,81.21,0.0,0.0,34.19,46.91,https://y.gtimg.cn/music/photo_new/T002R500x500M0000002luCJ26Yi4n_2.jpg
202628,第28期（07.13-07.19）,2026-07-13,2026-07-19,43,532442337,全世界的雨,"周深,Ella陈嘉桦",000R5lKk0KJBgG,True,0,1,43,90.73439,73.02,0.0,0.0,60.03,62.63,https://y.gtimg.cn/music/photo_new/T002R500x500M000003K9rwV09UxLk_1.jpg
202628,第28期（07.13-07.19）,2026-07-13,2026-07-19,44,458320813,Someone Like You,张真源,004TaA831D40QG,False,45,27,1,90.71359,52.69,0.0,0.0,6.3,71.58,https://y.gtimg.cn/music/photo_new/T002R500x500M000002P1zsF2O3TDF_1.jpg
202628,第28期（07.13-07.19）,2026-07-13,2026-07-19,45,478777514,有风的日落,万海东,0046Ffh90pkMOs,False,41,10,15,90.64472,81.13,0.0,0.0,40.77,34.96,https://y.gtimg.cn/music/photo_new/T002R500x500M000003ifChN0R3y1H_1.jpg
202628,第28期（07.13-07.19）,2026-07-13,2026-07-19,46,522370777,边界,于文文,001cSUnH33YRo6,True,0,1,46,90.53153,70.17,0.0,0.0,69.18,40.87,https://y.gtimg.cn/music/photo_new/T002R500x500M000001AnXF325jMfu_1.jpg
202628,第28期（07.13-07.19）,2026-07-13,2026-07-19,47,522370785,好演员,于文文,002iTZhl2hFO9j,True,0,1,47,90.51198,73.51,0.0,0.0,66.54,36.92,https://y.gtimg.cn/music/photo_new/T002R500x500M000001AnXF325jMfu_1.jpg
202628,第28期（07.13-07.19）,2026-07-13,2026-07-19,48,530399436,Badi Badi,王俊凯,003DPd5i2qrCU7,False,7,2,7,90.41232,76.04,0.0,0.0,55.47,54.54,https://y.qq.com/music/photo_new/T062R500x500M00000263WWe1mlRaa.jpg
202628,第28期（07.13-07.19）,2026-07-13,2026-07-19,49,511364187,挽红纱,"龚琳娜,张云雷",000QQHy712ZX4T,False,44,5,7,90.39461,62.95,0.0,0.0,21.69,70.07,https://y.gtimg.cn/music/photo_new/T002R500x500M000000r1HER3uMIFZ_1.jpg
202628,第28期（07.13-07.19）,2026-07-13,2026-07-19,50,530399435,破晓,王俊凯,001IXEnW4OmqLF,False,1,2,1,90.37637,75.35,0.0,0.0,52.32,58.97,https://y.qq.com/music/photo_new/T062R500x500M000004EhfP90kZ9le.jpg
202628,第28期（07.13-07.19）,2026-07-13,2026-07-19,51,512187104,你本就是光,刘亦辰,000ayLmZ0gCLWV,False,34,2,34,90.30061,80.69,0.0,0.0,11.12,15.52,https://y.gtimg.cn/music/photo_new/T002R500x500M0000002Qetd2gtePo_2.jpg
202628,第28期（07.13-07.19）,2026-07-13,2026-07-19,52,531874518,选择题,鹭卓,002ywSq61rnSBt,True,0,1,52,90.28403,75.92,0.0,0.0,25.71,61.37,https://y.gtimg.cn/music/photo_new/T002R500x500M000002c83pC3o9r3T_1.jpg
202628,第28期（07.13-07.19）,2026-07-13,2026-07-19,53,531082488,Bad Boy,万妮达Vinida Weng,003twp2w4OaRcC,True,148,1,53,90.26874,80.47,0.0,0.0,11.22,35.25,https://y.gtimg.cn/music/photo_new/T002R500x500M0000005bCtH469HXW_1.jpg
202628,第28期（07.13-07.19）,2026-07-13,2026-07-19,54,487550585,主角,王菲,001uywZc1PxmVv,False,46,11,11,90.26046,79.15,0.0,0.0,43.43,42.54,https://y.gtimg.cn/music/photo_new/T002R500x500M0000014oHsO311mVp_1.jpg
202628,第28期（07.13-07.19）,2026-07-13,2026-07-19,55,531090462,知我,刘雨昕,0044ggkk0zpdKI,True,0,1,55,90.16416,70.84,0.0,0.0,38.3,64.16,https://y.qq.com/music/photo_new/T062R500x500M000003ywZr62dmsxA.jpg
202628,第28期（07.13-07.19）,2026-07-13,2026-07-19,56,518582456,相思锁,张真源,000EQX6y3kMOYI,False,22,3,2,90.14277,71.41,0.0,0.0,33.8,63.87,https://y.gtimg.cn/music/photo_new/T002R500x500M000003YtOnb3UDtqO_2.jpg
202628,第28期（07.13-07.19）,2026-07-13,2026-07-19,57,499329279,山歌追上云朵,央金拉姆,004RglME1g9lJV,False,60,6,39,90.02824,77.52,0.0,0.0,40.39,46.58,https://y.gtimg.cn/music/photo_new/T002R500x500M000004N13wG44oqY1_1.jpg
202628,第28期（07.13-07.19）,2026-07-13,2026-07-19,58,486022788,两世洞天,黄星,001rRVzh2m7RJB,False,57,7,15,90.02748,50.74,0.0,0.0,8.0,68.61,https://y.gtimg.cn/music/photo_new/T002R500x500M0000001ze381iKWmo_2.jpg
202628,第28期（07.13-07.19）,2026-07-13,2026-07-19,59,466598714,人间共鸣,李健,001ve92b4N7wT1,False,62,23,4,89.81555,77.78,0.0,0.0,35.42,44.09,https://y.gtimg.cn/music/photo_new/T002R500x500M000003RVJjp1svtyz_1.jpg
202628,第28期（07.13-07.19）,2026-07-13,2026-07-19,60,524476063,一直下,陈宇祥,002GlLlX2IsyYr,True,150,1,60,89.74172,79.28,0.0,0.0,7.49,22.42,https://y.gtimg.cn/music/photo_new/T002R500x500M0000036ad3O39VsR1_1.jpg
202628,第28期（07.13-07.19）,2026-07-13,2026-07-19,61,521720356,疑疑疑,王俊凯,003Y82u91ZIDmO,False,32,3,3,89.4914,75.22,0.0,0.0,47.18,51.73,https://y.qq.com/music/photo_new/T062R500x500M000001RGf6N2Plzq6.jpg
202628,第28期（07.13-07.19）,2026-07-13,2026-07-19,62,474412516,爱琴海,周杰伦,003WPrjL4dimFE,False,63,17,4,89.40065,78.03,0.0,0.0,30.3,41.25,https://y.gtimg.cn/music/photo_new/T002R500x500M0000041WVfh2vtlJE_1.jpg
202628,第28期（07.13-07.19）,2026-07-13,2026-07-19,63,530838888,窝囊废,"刘凤瑶,曾一鸣,张玮,李琦,派克特",002oy5sA18Y1vl,True,102,1,63,89.04789,77.06,0.0,0.0,23.24,47.55,https://y.gtimg.cn/music/photo_new/T002R500x500M000000i2YjH2563cV_1.jpg
202628,第28期（07.13-07.19）,2026-07-13,2026-07-19,64,480650228,让你知道,"汪苏泷,G.E.M. 邓紫棋",002V5FGl3Wga6v,False,59,4,11,89.0344,76.03,0.0,0.0,9.66,53.55,https://y.gtimg.cn/music/photo_new/T002R500x500M000000A1M903iHvyT_4.jpg
202628,第28期（07.13-07.19）,2026-07-13,2026-07-19,65,530494384,青玉恋,刘宇,001Mlxo70U5jA2,False,52,2,52,88.90632,66.0,0.0,0.0,55.77,56.56,https://y.gtimg.cn/music/photo_new/T002R500x500M000003zREKb4gJGUF_1.jpg
202628,第28期（07.13-07.19）,2026-07-13,2026-07-19,66,522370779,灌溉,于文文,004M0xLa37KL64,True,0,1,66,88.37107,67.39,0.0,0.0,62.53,30.6,https://y.gtimg.cn/music/photo_new/T002R500x500M000001AnXF325jMfu_1.jpg
202628,第28期（07.13-07.19）,2026-07-13,2026-07-19,67,463431785,巴拉莱卡（The Rod）,门尼,004cIIT23E42Bi,False,67,17,19,88.36963,76.89,0.0,0.0,31.03,41.91,https://y.qq.com/music/photo_new/T062R500x500M000000KuGDR0MKlCb.jpg
202628,第28期（07.13-07.19）,2026-07-13,2026-07-19,68,530399437,下一天,王俊凯,002d62eR3BYiWY,False,9,2,9,88.27152,72.73,0.0,0.0,49.75,51.28,https://y.qq.com/music/photo_new/T062R500x500M000000NfJyp11Nuig.jpg
202628,第28期（07.13-07.19）,2026-07-13,2026-07-19,69,484990426,西乌旗99号公路,"LunaLiu刘不语,张川海",002n9rPh3tYpOc,False,54,3,51,88.2483,76.83,0.0,0.0,30.22,41.82,https://y.gtimg.cn/music/photo_new/T002R500x500M000003woY5f2sdNs7_2.jpg
202628,第28期（07.13-07.19）,2026-07-13,2026-07-19,70,524048324,香烟与吻痕 (我在月光下许过情真),黄龄,002L0ilt0Sk1xo,False,85,2,70,87.99229,77.59,0.0,0.0,3.67,25.08,https://y.gtimg.cn/music/photo_new/T002R500x500M000001k5VY01qCYXb_1.jpg
202628,第28期（07.13-07.19）,2026-07-13,2026-07-19,71,512003003,逍遥仙,筷子兄弟,00485M1a40O8Hi,False,70,5,28,87.79501,76.71,0.0,0.0,31.91,32.04,https://y.gtimg.cn/music/photo_new/T002R500x500M000002z6UmJ3m71jH_2.jpg
202628,第28期（07.13-07.19）,2026-07-13,2026-07-19,72,515090709,落日微醺（晚风中一杯酒）,落日微醺,0029j7eI4Poe44,False,86,2,72,87.64298,75.51,0.0,0.0,40.92,42.57,https://y.gtimg.cn/music/photo_new/T002R500x500M000001TMIlo2CCoNX_1.jpg
202628,第28期（07.13-07.19）,2026-07-13,2026-07-19,73,530520414,Falling 4 U,Mr.岑,004MUUm62svbnq,True,0,1,73,87.56921,51.26,0.0,0.0,63.97,36.11,https://y.gtimg.cn/music/photo_new/T002R500x500M000004VMOxL1DzkyR_1.jpg
202628,第28期（07.13-07.19）,2026-07-13,2026-07-19,74,521720340,如期,王俊凯,000n3xE32Sdk1C,False,43,3,25,87.45839,72.59,0.0,0.0,42.68,51.44,https://y.qq.com/music/photo_new/T062R500x500M000000axnOS3fnS48.jpg
202628,第28期（07.13-07.19）,2026-07-13,2026-07-19,75,485150107,My Fondest,郝熠然,004Q9M7v4WduyW,False,200,5,8,87.07919,72.4,0.0,0.0,34.9,52.56,https://y.gtimg.cn/music/photo_new/T002R500x500M000002DNaAy3DLTff_1.jpg
202628,第28期（07.13-07.19）,2026-07-13,2026-07-19,76,521720344,无声潮汐,王俊凯,002OhQnJ2tqnT6,False,47,3,26,87.07244,71.97,0.0,0.0,42.98,51.06,https://y.qq.com/music/photo_new/T062R500x500M000004ATwLB1BZI0b.jpg
202628,第28期（07.13-07.19）,2026-07-13,2026-07-19,77,531353214,乐此不疲,陈伟霆,002X5EiS0uAdZb,True,0,1,77,87.02991,68.16,0.0,0.0,44.22,55.35,https://y.gtimg.cn/music/photo_new/T002R500x500M000002MRWBb0HhAAO_1.jpg
202628,第28期（07.13-07.19）,2026-07-13,2026-07-19,78,491256250,凌绝顶,梓渝,001SZuO01zTv4Y,False,73,9,1,87.02198,69.32,0.0,0.0,33.69,57.65,https://y.gtimg.cn/music/photo_new/T002R500x500M000004bXPkr3OymlI_1.jpg
202628,第28期（07.13-07.19）,2026-07-13,2026-07-19,79,512101294,人间的剧本,老韩很哇塞,001Pa1g53DmNQ3,False,75,3,75,86.96565,75.23,0.0,0.0,38.6,41.03,https://y.gtimg.cn/music/photo_new/T002R500x500M000002F2Rfl3kTcYx_2.jpg
202628,第28期（07.13-07.19）,2026-07-13,2026-07-19,80,478120646,情深深雨濛濛,梓渝,001IodTs2xXctR,False,95,16,1,86.87865,64.75,0.0,0.0,19.11,60.81,https://y.gtimg.cn/music/photo_new/T002R500x500M000004d4d3s0RGI34_1.jpg
202628,第28期（07.13-07.19）,2026-07-13,2026-07-19,81,521720355,幻梦,王俊凯,000bbwzf2E0nwB,False,48,3,23,86.74575,71.88,0.0,0.0,41.41,50.66,https://y.qq.com/music/photo_new/T062R500x500M000003tjnfQ2DkfyZ.jpg
202628,第28期（07.13-07.19）,2026-07-13,2026-07-19,82,466782905,梦底,海来阿木,001bG0HK1bhUgX,False,72,20,9,86.66295,75.65,0.0,0.0,26.63,38.82,https://y.qq.com/music/photo_new/T062R500x500M000002Lcths3JW6kx.jpg
202628,第28期（07.13-07.19）,2026-07-13,2026-07-19,83,521720357,Stay,王俊凯,002TplNQ18uPB9,False,50,3,24,86.6428,72.0,0.0,0.0,41.1,50.18,https://y.qq.com/music/photo_new/T062R500x500M000000yKB6w1WY6fo.jpg
202628,第28期（07.13-07.19）,2026-07-13,2026-07-19,84,467620041,吉量,周深,004VCyBy391azx,False,6,22,1,86.56434,69.6,0.0,0.0,26.21,56.92,https://y.gtimg.cn/music/photo_new/T002R500x500M0000010e79v0CExQN_2.jpg
202628,第28期（07.13-07.19）,2026-07-13,2026-07-19,85,471987459,无趣生活指南,宋亚轩,004MTdEu3oB5ZR,False,71,19,1,86.53382,60.18,0.0,0.0,9.61,61.72,https://y.gtimg.cn/music/photo_new/T002R500x500M000003Lv1d94F8P3W_1.jpg
202628,第28期（07.13-07.19）,2026-07-13,2026-07-19,86,476300984,无人乐园,王俊凯,004BsuOC1hamlB,False,66,17,1,86.30944,71.5,0.0,0.0,37.55,50.87,https://y.qq.com/music/photo_new/T062R500x500M000002ExhNX0VO1Mc.jpg
202628,第28期（07.13-07.19）,2026-07-13,2026-07-19,87,513694560,最后的借口,"h3R3刘清云,罗可Lorkin",0009ekdK2Ilzld,False,103,2,73,86.27443,75.2,0.0,0.0,10.36,42.74,https://y.gtimg.cn/music/photo_new/T002R500x500M0000031yTwA0yq3b5_1.jpg
202628,第28期（07.13-07.19）,2026-07-13,2026-07-19,88,464961899,失眠了,吴琳珂Moske,001TbwI91Lu6kB,False,76,21,19,86.26133,75.56,0.0,0.0,2.87,40.6,https://y.gtimg.cn/music/photo_new/T002R500x500M000001Eq1Sr22DGRf_1.jpg
202628,第28期（07.13-07.19）,2026-07-13,2026-07-19,89,515780030,真相,王俊凯,004WWjMC2Dt1ip,False,61,4,5,86.22064,71.65,0.0,0.0,35.61,50.64,https://y.qq.com/music/photo_new/T062R500x500M000004YwMvf2ekLnQ.jpg
202628,第28期（07.13-07.19）,2026-07-13,2026-07-19,90,515779634,I Love This Life,王俊凯,002snOiL3DNzr2,False,64,4,7,86.13332,71.61,0.0,0.0,35.14,50.48,https://y.qq.com/music/photo_new/T062R500x500M0000033JXxr402Nw0.jpg
202628,第28期（07.13-07.19）,2026-07-13,2026-07-19,91,513296573,街角的晚风1997,曾舜晞,004Ge20S1FuiOF,False,110,2,87,86.12658,75.8,0.0,0.0,4.19,22.07,https://y.gtimg.cn/music/photo_new/T002R500x500M000002eea6O0cudxW_2.jpg
202628,第28期（07.13-07.19）,2026-07-13,2026-07-19,92,522662100,UP IT,刘耀文,003envMt4H3x7x,False,2,2,2,86.09683,65.0,0.0,0.0,34.67,56.74,https://y.gtimg.cn/music/photo_new/T002R500x500M000003Q3flT1zkBX3_1.jpg
202628,第28期（07.13-07.19）,2026-07-13,2026-07-19,93,481957782,烟花街,"崔十八,听潮阁",002EsPoW4eUnsu,False,79,4,52,86.06983,47.05,0.0,0.0,39.74,60.58,https://y.gtimg.cn/music/photo_new/T002R500x500M000003VWOiA0YwIBI_1.jpg
202628,第28期（07.13-07.19）,2026-07-13,2026-07-19,94,515780154,从前,王俊凯,000Ji0xi2WKRll,False,65,4,6,86.05398,71.6,0.0,0.0,34.32,50.38,https://y.qq.com/music/photo_new/T062R500x500M000001q4lBQ4YRSPD.jpg
202628,第28期（07.13-07.19）,2026-07-13,2026-07-19,95,464953063,消逝在八月盛夏,TF_ING张子墨,003mA8Fo07IAmp,False,49,3,18,86.02475,52.93,0.0,0.0,30.45,60.96,https://y.gtimg.cn/music/photo_new/T002R500x500M000003pvZer4RNjFP_1.jpg
202628,第28期（07.13-07.19）,2026-07-13,2026-07-19,96,530772974,Metal Flower,R.E.D,0043j4Cx4XEcBt,True,156,1,96,85.86492,70.37,0.0,0.0,20.6,53.91,https://y.gtimg.cn/music/photo_new/T002R500x500M000000u1Owg2RJzL5_1.jpg
202628,第28期（07.13-07.19）,2026-07-13,2026-07-19,97,492018231,焰 (Born of fire),喻言,002XikGC1GN4Ug,False,88,9,5,85.85817,44.67,0.0,0.0,16.58,61.7,https://y.gtimg.cn/music/photo_new/T002R500x500M000000rhRU20WI7Ce_1.jpg
202628,第28期（07.13-07.19）,2026-07-13,2026-07-19,98,472514843,问你一个人类梦寐以求的深奥问题,汪苏泷,003O2jAx2Z8mad,False,93,19,5,85.83387,70.29,0.0,0.0,23.76,53.62,https://y.qq.com/music/photo_new/T062R500x500M000001MhXjs26yhdQ.jpg
202628,第28期（07.13-07.19）,2026-07-13,2026-07-19,99,474678725,宠,檀健次,004F7UlD2YXJtR,False,80,18,10,85.82426,61.12,0.0,0.0,13.73,60.23,https://y.gtimg.cn/music/photo_new/T002R500x500M000001pEKRz4LW4Vx_1.jpg
202628,第28期（07.13-07.19）,2026-07-13,2026-07-19,100,516975210,千香,周深,004Uik3G0sMdUW,False,77,4,10,85.8077,71.56,0.0,0.0,23.66,51.09,https://y.qq.com/music/photo_new/T062R500x500M000001xCpOz3ARHzs.jpg
202628,第28期（07.13-07.19）,2026-07-13,2026-07-19,101,478427528,不如见一面2026,海来阿木,001Yebpx1l4SQo,False,82,0,0,85.73828,75.09,0.0,0.0,21.25,29.23,https://y.gtimg.cn/music/photo_new/T002R500x500M000003A9CBx4QpfFW_1.jpg
202628,第28期（07.13-07.19）,2026-07-13,2026-07-19,102,524671893,依兰爱情故事,金志文,003wJze11ABhHl,False,137,0,0,85.72995,74.31,0.0,0.0,15.49,42.28,https://y.gtimg.cn/music/photo_new/T002R500x500M000003kMWUy2EinCC_2.jpg
202628,第28期（07.13-07.19）,2026-07-13,2026-07-19,103,522370786,圆,于文文,000CiXne1TznfI,False,0,0,0,85.56053,62.69,0.0,0.0,58.18,28.7,https://y.gtimg.cn/music/photo_new/T002R500x500M000001AnXF325jMfu_1.jpg
202628,第28期（07.13-07.19）,2026-07-13,2026-07-19,104,524521641,漫游,黄子弘凡,0009xPxG0R6G9c,False,68,0,0,85.48611,68.93,0.0,0.0,12.35,54.35,https://y.qq.com/music/photo_new/T062R500x500M0000011NdbQ2F154j.jpg
202628,第28期（07.13-07.19）,2026-07-13,2026-07-19,105,525085674,In My Head,MIKS,000b8pg62ENzDu,False,170,0,0,85.48391,75.26,0.0,0.0,1.33,13.79,https://y.gtimg.cn/music/photo_new/T002R500x500M000003c6Y8R0h0KJ2_1.jpg
202628,第28期（07.13-07.19）,2026-07-13,2026-07-19,106,532366382,天色晚了,张远,0005ggKe3chYYK,False,0,0,0,85.48348,71.85,0.0,0.0,20.65,49.29,https://y.gtimg.cn/music/photo_new/T002R500x500M000004EF9yp3n5tuL_2.jpg
202628,第28期（07.13-07.19）,2026-07-13,2026-07-19,107,531111308,想得美,TOP登陆少年组合,003QLx9h4Y71iu,False,29,0,0,85.42837,71.95,0.0,0.0,19.85,48.63,https://y.gtimg.cn/music/photo_new/T002R500x500M000002YPc1C0WN5qn_1.jpg
202628,第28期（07.13-07.19）,2026-07-13,2026-07-19,108,517484236,光,陈楚生,004JAWWq0NadAX,False,81,0,0,85.28174,54.9,0.0,0.0,10.48,60.27,https://y.gtimg.cn/music/photo_new/T002R500x500M000002ld9Tt17lb4O_1.jpg
202628,第28期（07.13-07.19）,2026-07-13,2026-07-19,109,529862221,遗忘之海（Sea of Remnants）,"Alan Walker,张韶涵",0041PT4w38s81i,False,53,0,0,85.01182,74.09,0.0,0.0,4.08,33.63,https://y.gtimg.cn/music/photo_new/T002R500x500M000003NU8b73skCMh_2.jpg
202628,第28期（07.13-07.19）,2026-07-13,2026-07-19,110,531358137,Floating,闫桉,003SoYda3TDRy1,False,0,0,0,84.92319,72.18,0.0,0.0,35.05,40.02,https://y.gtimg.cn/music/photo_new/T002R500x500M000000j9vMb0sbbCl_1.jpg
202628,第28期（07.13-07.19）,2026-07-13,2026-07-19,111,529851668,全世界陪我出发,"TF家族,TF家族-官俊臣,TF家族-张桂源,TF家族-张函瑞,TF家族-王橹杰,TF家族-王烁然,TF家族-左奇函,TF家族-陈奕恒,TF家族-杨博文,TF家族-杨涵博,TF家族-张奕然,TF家族-聂玮辰,TF家族-陈思罕,TF家族-魏子宸,TF家族-李煜东,TF家族-陈浚铭",003RIqye0gr9MB,False,31,0,0,84.88014,72.57,0.0,0.0,15.19,43.03,https://y.gtimg.cn/music/photo_new/T002R500x500M000000dn6vm1EN6ax_1.jpg
202628,第28期（07.13-07.19）,2026-07-13,2026-07-19,112,478805623,热烈盛开,周深,002Od4YI4Y4cC7,False,87,0,0,84.68291,71.31,0.0,0.0,9.06,47.74,https://y.gtimg.cn/music/photo_new/T002R500x500M000001R9ZrA3WgkUO_2.jpg
202628,第28期（07.13-07.19）,2026-07-13,2026-07-19,113,532441524,过海,"王赫野,黄龄",003DEzAQ3HSB9l,False,0,0,0,84.58428,71.11,0.0,0.0,16.93,47.3,https://y.gtimg.cn/music/photo_new/T002R500x500M000003sDdGY2FtUY2_1.jpg
202628,第28期（07.13-07.19）,2026-07-13,2026-07-19,114,531999871,心跳赫兹 (Love Got Me Ooh),A2O MAY,001xOKCT3wNoKB,False,0,0,0,84.54176,72.32,0.0,0.0,11.31,43.1,https://y.gtimg.cn/music/photo_new/T002R500x500M000002qB0Ds2U9Vvy_1.jpg
202628,第28期（07.13-07.19）,2026-07-13,2026-07-19,115,531181249,玄翎谣,"鸣潮先约电台,jkinss,薄荷_Miint",000rB2Ck1bZTZW,False,0,0,0,84.43124,71.75,0.0,0.0,4.36,45.56,https://y.gtimg.cn/music/photo_new/T002R500x500M000001rovrt1tUywT_1.jpg
202628,第28期（07.13-07.19）,2026-07-13,2026-07-19,116,522370784,原来活着,于文文,003uYCcj01z8AI,False,0,0,0,84.36664,50.79,0.0,0.0,59.28,20.81,https://y.gtimg.cn/music/photo_new/T002R500x500M000001AnXF325jMfu_1.jpg
202628,第28期（07.13-07.19）,2026-07-13,2026-07-19,117,491996814,本末,任素汐,001sTnpM1Kw5aa,False,128,0,0,84.22538,72.86,0.0,0.0,5.27,40.41,https://y.gtimg.cn/music/photo_new/T002R500x500M0000033vNiW2uLR2S_1.jpg
202628,第28期（07.13-07.19）,2026-07-13,2026-07-19,118,513183075,一见如故,许嵩,002ioSAK2ftAqy,False,78,0,0,84.20438,71.92,0.0,0.0,7.6,43.66,https://y.gtimg.cn/music/photo_new/T002R500x500M000001Oqn952HAPRk_1.jpg
202628,第28期（07.13-07.19）,2026-07-13,2026-07-19,119,474604193,锁,TF_ING张子墨,0031DL8C2JpFzq,False,94,0,0,83.94415,72.75,0.0,0.0,17.77,30.41,https://y.gtimg.cn/music/photo_new/T002R500x500M000000XPnel0Xsj5B_1.jpg
202628,第28期（07.13-07.19）,2026-07-13,2026-07-19,120,507703039,也许在下雨天 (眼泪才不被看见),"何遇Hayu,Crybird",003hjJ9O4AiBl9,False,108,0,0,83.77671,72.32,0.0,0.0,18.53,36.0,https://y.gtimg.cn/music/photo_new/T002R500x500M000001xNQMK1OvExE_2.jpg
202628,第28期（07.13-07.19）,2026-07-13,2026-07-19,121,533093011,拜托拜托,"TF家族,TF家族-吕政熙,TF家族-杨云皓,TF家族-侯王子,TF家族-刘禹辰,TF家族-余政霖,TF家族-高铭阳,TF家族-任玄哲,TF家族-皮子渝,TF家族-智恩涵,TF家族-沈子航,TF家族-杨林好,TF家族-朱映宸,TF家族-张誉严,‌TF家族-陈璟翊,TF家族-胡阿米,TF家族-魏新航,TF家族-佟弋,TF家族-赵俊羽,TF家族-刘瀚辰,TF家族-陈燊,TF家族-越艺晨",000OCI2w2CUB1T,False,0,0,0,83.67885,56.3,0.0,0.0,13.11,56.5,https://y.gtimg.cn/music/photo_new/T002R500x500M000000ZOvCx2j7dwx_1.jpg
202628,第28期（07.13-07.19）,2026-07-13,2026-07-19,122,511979926,古风2026,"一颗狼星,糯米Nomi,倪浩毅,指尖笑,草帽酱,执素兮,平生不晚,浅影阿",002BNkDq46SfPr,False,134,0,0,83.6343,73.08,0.0,0.0,2.25,20.68,https://y.gtimg.cn/music/photo_new/T002R500x500M000002KRyi405Zmjv_1.jpg
202628,第28期（07.13-07.19）,2026-07-13,2026-07-19,123,522370782,无常,于文文,001iGWqk0G4Sce,False,0,0,0,83.53663,50.43,0.0,0.0,57.73,9.66,https://y.gtimg.cn/music/photo_new/T002R500x500M000001AnXF325jMfu_1.jpg
202628,第28期（07.13-07.19）,2026-07-13,2026-07-19,124,522370781,是什么,于文文,001tAmUX2ALtul,False,0,0,0,83.49356,50.48,0.0,0.0,57.67,7.36,https://y.gtimg.cn/music/photo_new/T002R500x500M000001AnXF325jMfu_1.jpg
202628,第28期（07.13-07.19）,2026-07-13,2026-07-19,125,474412513,七月的极光,周杰伦,003wwuRJ3OmrGc,False,100,0,0,83.45294,71.99,0.0,0.0,12.12,39.95,https://y.gtimg.cn/music/photo_new/T002R500x500M0000041WVfh2vtlJE_1.jpg
202628,第28期（07.13-07.19）,2026-07-13,2026-07-19,126,503612889,渡,周深,004XNL6L36CrFC,False,96,0,0,83.33622,65.6,0.0,0.0,5.07,51.77,https://y.gtimg.cn/music/photo_new/T002R500x500M000000QqmQq1hKTuB_1.jpg
202628,第28期（07.13-07.19）,2026-07-13,2026-07-19,127,531377175,破晓,十个勤天,0040bFEa46eiwG,False,107,0,0,83.331,63.04,0.0,0.0,6.99,53.3,https://y.gtimg.cn/music/photo_new/T002R500x500M000003jlUc82XQcof_1.jpg
202628,第28期（07.13-07.19）,2026-07-13,2026-07-19,128,511809673,人间,刘宇宁,002dyLPw3kRsuA,False,105,0,0,83.32819,70.11,0.0,0.0,14.42,46.49,https://y.qq.com/music/photo_new/T062R500x500M000001Plf3T3zraRt.jpg
202628,第28期（07.13-07.19）,2026-07-13,2026-07-19,129,513759558,浮生若梦,周深,002ElBqW0fEWXI,False,98,0,0,83.29579,67.95,0.0,0.0,8.57,50.0,https://y.qq.com/music/photo_new/T062R500x500M000003O2ogG11M5da.jpg
202628,第28期（07.13-07.19）,2026-07-13,2026-07-19,130,480650223,昨晚我环游了地球,汪苏泷,003RhiFk16EeF7,False,113,0,0,83.26869,68.12,0.0,0.0,6.28,49.92,https://y.gtimg.cn/music/photo_new/T002R500x500M000000A1M903iHvyT_4.jpg
202628,第28期（07.13-07.19）,2026-07-13,2026-07-19,131,495396282,一曲相思(欲问青天这人生有几何),海来阿木,0029SPEq1UThNj,False,124,0,0,82.97982,71.79,0.0,0.0,20.83,24.87,https://y.gtimg.cn/music/photo_new/T002R500x500M0000034yzah0TRjti_1.jpg
202628,第28期（07.13-07.19）,2026-07-13,2026-07-19,132,512975549,洛阳纸,许嵩,000iOs7F4gQ4VR,False,101,0,0,82.95084,71.32,0.0,0.0,7.98,41.04,https://y.gtimg.cn/music/photo_new/T002R500x500M000001Oqn952HAPRk_1.jpg
202628,第28期（07.13-07.19）,2026-07-13,2026-07-19,133,532082556,Too Many Lies,钱锟 (KUN),000ZXvVA0u0JGI,False,0,0,0,82.88526,41.23,0.0,0.0,53.66,42.56,https://y.gtimg.cn/music/photo_new/T002R500x500M000004fXplH0mttA1_1.jpg
202628,第28期（07.13-07.19）,2026-07-13,2026-07-19,134,513183119,心安之地,许嵩,000h1psW2HN90S,False,91,0,0,82.83511,70.91,0.0,0.0,6.47,42.3,https://y.gtimg.cn/music/photo_new/T002R500x500M000001Oqn952HAPRk_1.jpg
202628,第28期（07.13-07.19）,2026-07-13,2026-07-19,135,512152956,以为有以后,李廷旭,001lkVOI2SdXSS,False,0,0,0,82.55726,72.21,0.0,0.0,0.9,3.28,https://y.gtimg.cn/music/photo_new/T002R500x500M00000364HbC0r03Ed_2.jpg
202628,第28期（07.13-07.19）,2026-07-13,2026-07-19,136,492295463,隐瞒,TF_ING邓佳鑫,002Bw7Br2V7OZF,False,115,0,0,82.44593,51.13,0.0,0.0,21.75,54.78,https://y.gtimg.cn/music/photo_new/T002R500x500M000004A6rAz2YPGz5_1.jpg
202628,第28期（07.13-07.19）,2026-07-13,2026-07-19,137,530520415,浓雾,Mr.岑,0021tUBT3YVJzS,False,0,0,0,82.29628,50.81,0.0,0.0,54.39,20.97,https://y.gtimg.cn/music/photo_new/T002R500x500M000004VMOxL1DzkyR_1.jpg
202628,第28期（07.13-07.19）,2026-07-13,2026-07-19,138,513183074,老歌,许嵩,001dHWRw44FBP3,False,97,0,0,82.26118,70.74,0.0,0.0,4.66,40.88,https://y.gtimg.cn/music/photo_new/T002R500x500M000001Oqn952HAPRk_1.jpg
202628,第28期（07.13-07.19）,2026-07-13,2026-07-19,139,518768695,你从春天走来,刘若英,002QwHdc11MAzQ,False,114,0,0,82.26028,71.83,0.0,0.0,2.45,6.6,https://y.gtimg.cn/music/photo_new/T002R500x500M000003PHxFb4EbMCi_1.jpg
202628,第28期（07.13-07.19）,2026-07-13,2026-07-19,140,514417457,略略略略略,TOP登陆少年组合,000QuvKj4aCfBU,False,92,0,0,82.24576,69.26,0.0,0.0,11.95,43.86,https://y.gtimg.cn/music/photo_new/T002R500x500M000002rYBVh2iOMHZ_2.jpg
202628,第28期（07.13-07.19）,2026-07-13,2026-07-19,141,520238249,看山,"方大树,灯叔",00445tP34GOx8n,False,121,0,0,82.20422,71.09,0.0,0.0,4.26,36.19,https://y.gtimg.cn/music/photo_new/T002R500x500M000003lKa1y3gVIvi_1.jpg
202628,第28期（07.13-07.19）,2026-07-13,2026-07-19,142,491996849,张仙语三,任素汐,004Jrpe7322cCK,False,99,0,0,82.03306,71.22,0.0,0.0,1.49,30.84,https://y.gtimg.cn/music/photo_new/T002R500x500M0000033vNiW2uLR2S_1.jpg
202628,第28期（07.13-07.19）,2026-07-13,2026-07-19,143,531361192,Talk that shhh,余宇涵,000w87HB0fSuTX,False,13,0,0,82.02702,62.27,0.0,0.0,29.9,49.05,https://y.gtimg.cn/music/photo_new/T002R500x500M000002kWebq0vOfiC_1.jpg
202628,第28期（07.13-07.19）,2026-07-13,2026-07-19,144,530520409,烟雨八月,Mr.岑,002TVyv74JPeW8,False,0,0,0,82.01276,50.46,0.0,0.0,53.97,16.3,https://y.gtimg.cn/music/photo_new/T002R500x500M000004VMOxL1DzkyR_1.jpg
202628,第28期（07.13-07.19）,2026-07-13,2026-07-19,145,522370783,自由,于文文,00271fzl1r91s3,False,0,0,0,82.00638,50.19,0.0,0.0,54.26,7.06,https://y.gtimg.cn/music/photo_new/T002R500x500M000001AnXF325jMfu_1.jpg
202628,第28期（07.13-07.19）,2026-07-13,2026-07-19,146,491996827,别来无恙,任素汐,000bBKeM3mhVCL,False,122,0,0,81.94741,71.09,0.0,0.0,4.21,30.19,https://y.gtimg.cn/music/photo_new/T002R500x500M0000033vNiW2uLR2S_1.jpg
202628,第28期（07.13-07.19）,2026-07-13,2026-07-19,147,485769620,月下煮茶,陈佳,002iOnEw2PFuF6,False,109,0,0,81.62683,70.65,0.0,0.0,7.26,30.82,https://y.gtimg.cn/music/photo_new/T002R500x500M0000001LdBa3HeROT_5.jpg
202628,第28期（07.13-07.19）,2026-07-13,2026-07-19,148,530520412,晚风写的信,Mr.岑,003gQczP3B3KDn,False,0,0,0,81.47872,50.4,0.0,0.0,52.72,16.56,https://y.gtimg.cn/music/photo_new/T002R500x500M000004VMOxL1DzkyR_1.jpg
202628,第28期（07.13-07.19）,2026-07-13,2026-07-19,149,530223961,夏日底片（不可战胜的夏天）,"逵逵爱唱歌（KuiKui）,还是可以",001cxhhO3G8Y3R,False,0,0,0,81.46629,67.47,0.0,0.0,4.02,43.92,https://y.gtimg.cn/music/photo_new/T002R500x500M0000011Yv8k3o8BKB_1.jpg
202628,第28期（07.13-07.19）,2026-07-13,2026-07-19,150,485736028,Run Wild（向风而野）,是晚星呀,004dZt8y0kkzGX,False,123,0,0,81.39215,70.14,0.0,0.0,21.66,24.02,https://y.gtimg.cn/music/photo_new/T002R500x500M000002I05GE3f5zSh_3.jpg
202628,第28期（07.13-07.19）,2026-07-13,2026-07-19,151,490409162,满心愧疚 ,金润吉,003ht8Pb1OsDla,False,116,0,0,81.38576,70.42,0.0,0.0,14.89,21.65,https://y.gtimg.cn/music/photo_new/T002R500x500M000000cpsDu4LdGQl_1.jpg
202628,第28期（07.13-07.19）,2026-07-13,2026-07-19,152,512967685,赤子,周深,0010pjD24VRte6,False,111,0,0,81.29994,64.87,0.0,0.0,7.0,46.29,https://y.qq.com/music/photo_new/T062R500x500M0000015O72c2P9HAO.jpg
202628,第28期（07.13-07.19）,2026-07-13,2026-07-19,153,531623400,PeterPen (彼得潘),"功夫胖KUNGFU-PEN,Rapeter",002u1sqt275i8k,False,0,0,0,81.25616,67.8,0.0,0.0,2.62,42.82,https://y.gtimg.cn/music/photo_new/T002R500x500M000002rr8W61LY7Ls_1.jpg
202628,第28期（07.13-07.19）,2026-07-13,2026-07-19,154,517370193,怎么能,侯明昊,003NyZSD2d3zPD,False,69,0,0,81.24268,61.9,0.0,0.0,11.01,49.44,https://y.gtimg.cn/music/photo_new/T002R500x500M000000SnDwr12zILh_2.jpg
202628,第28期（07.13-07.19）,2026-07-13,2026-07-19,155,530520417,被夕阳打翻的柑橘酱,Mr.岑,001nSfTx11b1Eg,False,0,0,0,81.20588,50.22,0.0,0.0,52.33,8.46,https://y.gtimg.cn/music/photo_new/T002R500x500M000004VMOxL1DzkyR_1.jpg
202628,第28期（07.13-07.19）,2026-07-13,2026-07-19,156,491667172,我把心事说给风,卡带森林,000OQmxP3RSXvi,False,125,0,0,81.13658,65.81,0.0,0.0,32.49,39.8,https://y.gtimg.cn/music/photo_new/T002R500x500M000000IRsNV4XLaqL_1.jpg
202628,第28期（07.13-07.19）,2026-07-13,2026-07-19,157,493990931,Alive,"王嘉尔,五月天 阿信",0013X2Uy17E28w,False,0,0,0,81.05252,70.46,0.0,0.0,3.56,16.57,https://y.gtimg.cn/music/photo_new/T002R500x500M000001PC3JU3e688L_2.jpg
202628,第28期（07.13-07.19）,2026-07-13,2026-07-19,158,530732609,梦中的阿哥,梅度,003e2ZAa32mybA,False,0,0,0,81.04861,65.58,0.0,0.0,22.16,42.59,https://y.gtimg.cn/music/photo_new/T002R500x500M000000bmqZw0jSGvI_2.jpg
202628,第28期（07.13-07.19）,2026-07-13,2026-07-19,159,530520411,标本,Mr.岑,0043v9md0Y9OWF,False,0,0,0,81.01026,50.25,0.0,0.0,51.89,7.24,https://y.gtimg.cn/music/photo_new/T002R500x500M000004VMOxL1DzkyR_1.jpg
202628,第28期（07.13-07.19）,2026-07-13,2026-07-19,160,533340250,逞强,丁禹兮,002l3OmG2lEfdB,False,0,0,0,81.00023,54.09,0.0,0.0,36.14,48.18,https://y.gtimg.cn/music/photo_new/T002R500x500M000004HXwrK4YUDaz_1.jpg
202628,第28期（07.13-07.19）,2026-07-13,2026-07-19,161,480650225,疯狂爱人,汪苏泷,001ObIOx0ODZvP,False,132,0,0,80.79896,64.94,0.0,0.0,2.85,44.66,https://y.gtimg.cn/music/photo_new/T002R500x500M000000A1M903iHvyT_4.jpg
202628,第28期（07.13-07.19）,2026-07-13,2026-07-19,162,530520407,请允许我最后一次为你哭泣,Mr.岑,000fQvCm1pirvi,False,0,0,0,80.58764,50.06,0.0,0.0,50.95,7.58,https://y.gtimg.cn/music/photo_new/T002R500x500M000004VMOxL1DzkyR_1.jpg
202628,第28期（07.13-07.19）,2026-07-13,2026-07-19,163,532904645,All For You,Eric周兴哲,003Mk0wX0NkUHg,False,0,0,0,80.51923,60.28,0.0,0.0,8.53,48.94,https://y.gtimg.cn/music/photo_new/T002R500x500M000000hWmro139Qy0_1.jpg
202628,第28期（07.13-07.19）,2026-07-13,2026-07-19,164,530520413,Goodbye to the whispers in the dark,Mr.岑,002HHvgX2NG8Sf,False,0,0,0,80.50375,50.0,0.0,0.0,50.75,8.0,https://y.gtimg.cn/music/photo_new/T002R500x500M000004VMOxL1DzkyR_1.jpg
202628,第28期（07.13-07.19）,2026-07-13,2026-07-19,165,513759604,何故,刘宇宁,004SKGhv0yCThR,False,146,0,0,80.49609,63.77,0.0,0.0,6.08,44.64,https://y.qq.com/music/photo_new/T062R500x500M0000039N97f1Tefsr.jpg
202628,第28期（07.13-07.19）,2026-07-13,2026-07-19,166,513260499,FIND THE WAY,鞠婧祎,00437uBu1XnGlr,False,139,0,0,80.42094,63.44,0.0,0.0,15.83,43.75,https://y.gtimg.cn/music/photo_new/T002R500x500M000003Dwzfn4263MZ_1.jpg
202628,第28期（07.13-07.19）,2026-07-13,2026-07-19,167,480650224,世界之巅,汪苏泷,002DIIhu0OSRN1,False,133,0,0,80.38312,64.84,0.0,0.0,5.17,42.92,https://y.gtimg.cn/music/photo_new/T002R500x500M000000A1M903iHvyT_4.jpg
202628,第28期（07.13-07.19）,2026-07-13,2026-07-19,168,531181255,且听风吟,"鸣潮先约电台,jixwang,云之泣",003qYzA508Z2yF,False,0,0,0,80.23649,65.69,0.0,0.0,1.54,41.64,https://y.gtimg.cn/music/photo_new/T002R500x500M000001rovrt1tUywT_1.jpg
202628,第28期（07.13-07.19）,2026-07-13,2026-07-19,169,511768934,我在意的,单依纯,003H0CGe1vL66I,False,131,0,0,80.20936,64.41,0.0,0.0,5.98,42.7,https://y.gtimg.cn/music/photo_new/T002R500x500M000000IAfgq0N42nF_1.jpg
202628,第28期（07.13-07.19）,2026-07-13,2026-07-19,170,512483930,满纸,阿鲲,001ifLic2K9S9m,False,118,0,0,80.1818,65.09,0.0,0.0,25.51,34.69,https://y.gtimg.cn/music/photo_new/T002R500x500M000003ZuKKp2FKC3S_1.jpg
202628,第28期（07.13-07.19）,2026-07-13,2026-07-19,171,482530756,刺,时代少年团,003zJoye03D7NX,False,140,0,0,80.13446,66.11,0.0,0.0,11.54,37.94,https://y.gtimg.cn/music/photo_new/T002R500x500M000000I9a4s1sFmaf_1.jpg
202628,第28期（07.13-07.19）,2026-07-13,2026-07-19,172,531088711,炙光,"张碧晨,侯明昊",000cuQPZ0n0D1B,False,0,0,0,80.10704,65.48,0.0,0.0,7.89,40.73,https://y.qq.com/music/photo_new/T062R500x500M000004GHilm2q2DjB.jpg
202628,第28期（07.13-07.19）,2026-07-13,2026-07-19,173,532474533,灯暗下来 (ENJOY THE SHOW),HENRY刘宪华,0042SY1a1Imv08,False,0,0,0,79.85691,57.08,0.0,0.0,26.14,45.93,https://y.gtimg.cn/music/photo_new/T002R500x500M000002PeBvc0TaC2h_1.jpg
202628,第28期（07.13-07.19）,2026-07-13,2026-07-19,174,513183077,忽略不计,许嵩,002ALgtr2b2Rdm,False,120,0,0,79.80329,66.4,0.0,0.0,6.32,33.71,https://y.gtimg.cn/music/photo_new/T002R500x500M000001Oqn952HAPRk_1.jpg
202628,第28期（07.13-07.19）,2026-07-13,2026-07-19,175,492018554,别回头 别停留 往前走,Roling7,0041uFyN1vNtlG,False,0,0,0,79.78988,68.52,0.0,0.0,0.26,4.24,https://y.gtimg.cn/music/photo_new/T002R500x500M000004QpH7n0AGTJK_1.jpg
202628,第28期（07.13-07.19）,2026-07-13,2026-07-19,176,531112745,宜居星球,"王以太,艾热AIR",0032i8x72N3XLm,False,0,0,0,79.5706,64.51,0.0,0.0,1.08,41.49,https://y.gtimg.cn/music/photo_new/T002R500x500M000000TFXPO1bLY2u_1.jpg
202628,第28期（07.13-07.19）,2026-07-13,2026-07-19,177,490087692,爱多一点点,袁一琦,004ViayW07Gpch,False,104,0,0,79.54207,46.69,0.0,0.0,4.51,51.03,https://y.gtimg.cn/music/photo_new/T002R500x500M000002wr4tt20HERf_2.jpg
202628,第28期（07.13-07.19）,2026-07-13,2026-07-19,178,531452780,我那么爱你怎么说忘就能忘,洋澜一,000dGaDs1MuYfd,False,0,0,0,79.45912,65.2,0.0,0.0,12.42,35.4,https://y.gtimg.cn/music/photo_new/T002R500x500M000000OGtfB3RtxiT_1.jpg
202628,第28期（07.13-07.19）,2026-07-13,2026-07-19,179,480712414,等一个傍晚,叶童,003o1sdo4gdLum,False,158,0,0,79.35615,40.02,0.0,0.0,0.57,51.47,https://y.gtimg.cn/music/photo_new/T002R500x500M0000022HlHt44v4vg_1.jpg
202628,第28期（07.13-07.19）,2026-07-13,2026-07-19,180,532415038,幸福的习惯,李耕耘,003b8vFp2nB2tz,False,0,0,0,79.34519,53.89,0.0,0.0,4.6,49.43,https://y.gtimg.cn/music/photo_new/T002R500x500M000000K31me0RMIwd_1.jpg
202628,第28期（07.13-07.19）,2026-07-13,2026-07-19,181,491362536,撞地球,刘宇宁,002dbfiy0u7BgF,False,174,0,0,79.00397,60.75,0.0,0.0,6.18,44.77,https://y.gtimg.cn/music/photo_new/T002R500x500M000000pBsrn0IgUVR_1.jpg
202628,第28期（07.13-07.19）,2026-07-13,2026-07-19,182,531090367,怜心,黄霄雲,002nb6R72hJmXD,False,0,0,0,78.84202,63.71,0.0,0.0,15.29,38.43,https://y.qq.com/music/photo_new/T062R500x500M000001xatkY0tMILg.jpg
202628,第28期（07.13-07.19）,2026-07-13,2026-07-19,183,530553254,花影,希林娜依高,000tGuBc2RFkzM,False,0,0,0,78.82577,51.75,0.0,0.0,30.12,45.79,https://y.qq.com/music/photo_new/T062R500x500M000002bY92z2j6X0u.jpg
202628,第28期（07.13-07.19）,2026-07-13,2026-07-19,184,516829621,定玄,"鸣潮先约电台,黄霄雲,杨秉音",001XB38U0c31Hk,False,147,0,0,78.79131,64.62,0.0,0.0,1.34,39.6,https://y.gtimg.cn/music/photo_new/T002R500x500M00000087mKB1xbyP2_1.jpg
202628,第28期（07.13-07.19）,2026-07-13,2026-07-19,185,493167498,着火的沉默世界,鞠婧祎,001hEuIs1wa2cl,False,181,0,0,78.75923,58.53,0.0,0.0,2.78,46.34,https://y.gtimg.cn/music/photo_new/T002R500x500M000004KDXGi1hJ81f_1.jpg
202628,第28期（07.13-07.19）,2026-07-13,2026-07-19,186,489778705,Come What May,王力宏,00228bN72yDnTM,False,151,0,0,78.73368,63.54,0.0,0.0,11.46,40.16,https://y.gtimg.cn/music/photo_new/T002R500x500M000000S79v91L2U6W_1.jpg
202628,第28期（07.13-07.19）,2026-07-13,2026-07-19,187,498152992,一吻天荒,刘宇,000Zm0uH3HsqjG,False,155,0,0,78.63914,60.34,0.0,0.0,24.33,42.3,https://y.gtimg.cn/music/photo_new/T002R500x500M000003axFOy39cIHM_1.jpg
202628,第28期（07.13-07.19）,2026-07-13,2026-07-19,188,518586456,葡萄未熟时,鱼蛋,001oKmnC1iDY1h,False,0,0,0,78.46711,66.52,0.0,0.0,1.09,6.62,https://y.gtimg.cn/music/photo_new/T002R500x500M000000ok8ad0muMTX_1.jpg
202628,第28期（07.13-07.19）,2026-07-13,2026-07-19,189,513303547,讨厌爱上了你,音乐文件夹,00485hz43n7xzV,False,0,0,0,78.44257,65.96,0.0,0.0,7.43,7.18,https://y.gtimg.cn/music/photo_new/T002R500x500M00000045ynD268Z4g_1.jpg
202628,第28期（07.13-07.19）,2026-07-13,2026-07-19,190,532404571,可以不难过,海来阿木,003GvjEH1LmVDt,False,0,0,0,78.43231,62.22,0.0,0.0,9.63,41.51,https://y.gtimg.cn/music/photo_new/T002R500x500M0000040CKrS34xIYd_3.jpg
202628,第28期（07.13-07.19）,2026-07-13,2026-07-19,191,526444959,风又吹了多少遍,花姐,003Ot6eA1UzOL5,False,163,0,0,78.41515,65.04,0.0,0.0,5.98,28.93,https://y.gtimg.cn/music/photo_new/T002R500x500M0000014ZYl33DD9Gm_1.jpg
202628,第28期（07.13-07.19）,2026-07-13,2026-07-19,192,491206570,不再回头,付豪,003N7hJM4TsWfw,False,157,0,0,78.37175,65.47,0.0,0.0,9.14,14.88,https://y.gtimg.cn/music/photo_new/T002R500x500M00000255on64euYQH_2.jpg
202628,第28期（07.13-07.19）,2026-07-13,2026-07-19,193,511392343,Crazy Love,"王以太,艾热AIR",0029YomQ2cOgCi,False,0,0,0,78.36458,65.03,0.0,0.0,5.61,28.49,https://y.gtimg.cn/music/photo_new/T002R500x500M000000TFXPO1bLY2u_1.jpg
202628,第28期（07.13-07.19）,2026-07-13,2026-07-19,194,515804610,BEAT,"V8,Vernon,徐明浩",001dAF572GXHCS,False,119,0,0,78.35711,53.6,0.0,0.0,42.66,22.82,https://y.gtimg.cn/music/photo_new/T002R500x500M000000rDsrP3UzzFm_1.jpg
202628,第28期（07.13-07.19）,2026-07-13,2026-07-19,195,511757784,亲爱的你，好久不见,"黄子弘凡,黄霄雲,孙楠,谭松韵,王铮亮,杨丞琳,姚晓棠,曾舜晞",00357t7Q2cECO8,False,0,0,0,78.30002,61.57,0.0,0.0,1.44,42.95,https://y.gtimg.cn/music/photo_new/T002R500x500M000000aAeO742o2xC_1.jpg
202628,第28期（07.13-07.19）,2026-07-13,2026-07-19,196,511989046,半生啊,巴扎黑,001Ljh8d2ZF9lI,False,186,0,0,78.29693,65.35,0.0,0.0,5.09,22.69,https://y.gtimg.cn/music/photo_new/T002R500x500M00000433cOj1HGVpQ_1.jpg
202628,第28期（07.13-07.19）,2026-07-13,2026-07-19,197,503562813,心世界,周深,001lyL8U3jsFkN,False,144,0,0,78.28794,61.03,0.0,0.0,9.95,42.73,https://y.gtimg.cn/music/photo_new/T002R500x500M000003Bcl1K2CJfNX_3.jpg
202628,第28期（07.13-07.19）,2026-07-13,2026-07-19,198,512029569,曾经,丁禹兮,000oZ1Wv2I3ZIG,False,172,0,0,78.22494,63.6,0.0,0.0,10.86,35.43,https://y.gtimg.cn/music/photo_new/T002R500x500M0000035gLmv3onPz1_2.jpg
202628,第28期（07.13-07.19）,2026-07-13,2026-07-19,199,514394854,岁月如笔写春秋-走心女版,吕口口,0047bR5e0J7mmX,False,0,0,0,78.09884,65.34,0.0,0.0,6.51,13.64,https://y.gtimg.cn/music/photo_new/T002R500x500M000002YFk8z0WLsAZ_2.jpg
202628,第28期（07.13-07.19）,2026-07-13,2026-07-19,200,512975388,前程似锦,许嵩,000ViWoI3noBmD,False,159,0,0,78.01364,63.66,0.0,0.0,1.76,38.4,https://y.gtimg.cn/music/photo_new/T002R500x500M000001Oqn952HAPRk_1.jpg
202629,第29期（07.20-07.26）,2026-07-20,2026-07-26,1,533373322,Cold Blooded,严浩翔,001uODJ03jwbpe,True,0,1,1,97.89861,82.47,0.0,0.0,90.98,91.15,https://y.qq.com/music/photo_new/T062R500x500M0000001dgoc1T2sbP.jpg
202629,第29期（07.20-07.26）,2026-07-20,2026-07-26,2,532442337,全世界的雨,"周深,Ella陈嘉桦",000R5lKk0KJBgG,False,43,2,2,97.04119,85.24,0.0,0.0,72.54,90.43,https://y.gtimg.cn/music/photo_new/T002R500x500M000003K9rwV09UxLk_1.jpg
202629,第29期（07.20-07.26）,2026-07-20,2026-07-26,3,495731462,宇宙游乐场,梓渝,003xi4dG0HPhN3,False,2,8,1,96.38078,70.17,0.0,0.0,49.2,86.7,https://y.gtimg.cn/music/photo_new/T002R500x500M000001YF9mT23fsBQ_1.jpg
202629,第29期（07.20-07.26）,2026-07-20,2026-07-26,4,535314845,如约,周深,000uTZAI1djRlw,True,0,1,4,96.3426,70.09,0.0,0.0,82.81,80.32,https://y.gtimg.cn/music/photo_new/T002R500x500M0000007zt0H0BXeMQ_1.jpg
202629,第29期（07.20-07.26）,2026-07-20,2026-07-26,5,509534822,我想,刘宇宁,004BV00w11Ysvm,False,3,7,3,96.32505,70.61,0.0,0.0,31.24,86.39,https://y.gtimg.cn/music/photo_new/T002R500x500M000002lkcEK0ztfwR_1.jpg
202629,第29期（07.20-07.26）,2026-07-20,2026-07-26,6,477383450,一千一万朵,马嘉祺,003TNscL2TONPZ,False,10,16,6,96.00146,65.31,0.0,0.0,49.28,83.24,https://y.qq.com/music/photo_new/T062R500x500M000003CK5IN3d5z55.jpg
202629,第29期（07.20-07.26）,2026-07-20,2026-07-26,7,515779632,Steal The Moon,王俊凯,0041rMW52UcUDL,False,5,5,1,95.8463,72.81,0.0,0.0,44.38,82.44,https://y.qq.com/music/photo_new/T062R500x500M000002Z67Ce1Dtijs.jpg
202629,第29期（07.20-07.26）,2026-07-20,2026-07-26,8,452195789,不渝,梓渝,000TyQAA0jYDlU,False,7,32,1,95.63447,61.67,0.0,0.0,39.68,82.03,https://y.gtimg.cn/music/photo_new/T002R500x500M000001bXK7t4Q576w_1.jpg
202629,第29期（07.20-07.26）,2026-07-20,2026-07-26,9,521117665,甲乙丙丁 (你我怎么两清),李佳薇,002AZauQ1UKQxe,False,18,4,9,95.36048,90.2,0.0,0.0,46.5,64.64,https://y.gtimg.cn/music/photo_new/T002R500x500M00000446QRA1fTdqA_2.jpg
202629,第29期（07.20-07.26）,2026-07-20,2026-07-26,10,533456646,Cold Blooded,严浩翔,00061EFa3uGj8q,True,0,1,10,95.19608,75.82,0.0,0.0,76.83,71.06,https://y.qq.com/music/photo_new/T062R500x500M000003A2OO61lP2bU.jpg
202629,第29期（07.20-07.26）,2026-07-20,2026-07-26,11,522467105,北京的雨,张艺兴,002ubhKy3qBLES,False,27,2,11,94.92951,75.25,0.0,0.0,71.42,75.19,https://y.qq.com/music/photo_new/T062R500x500M0000004cYUv1WOARD.jpg
202629,第29期（07.20-07.26）,2026-07-20,2026-07-26,12,528886869,吹吹山顶的风,巴扎黑,00300Opj0ekd7M,False,24,3,12,94.44524,87.41,0.0,0.0,62.39,50.34,https://y.gtimg.cn/music/photo_new/T002R500x500M000003fdCjM2I4CYg_4.jpg
202629,第29期（07.20-07.26）,2026-07-20,2026-07-26,13,476979934,大江南,刀郎,00353J6U0acVVf,False,26,18,9,93.28415,62.4,0.0,0.0,37.08,76.7,https://y.gtimg.cn/music/photo_new/T002R500x500M0000042UNmv3tjqE2_1.jpg
202629,第29期（07.20-07.26）,2026-07-20,2026-07-26,14,490979740,玻璃,Gareth.T,001brxL63DYjSr,False,25,10,2,92.9781,86.22,0.0,0.0,30.82,53.79,https://y.gtimg.cn/music/photo_new/T002R500x500M000002kIED92uw8L5_1.jpg
202629,第29期（07.20-07.26）,2026-07-20,2026-07-26,15,495624493,梦哑,任然,003WHs6a1qmOeG,False,33,5,15,92.64089,85.39,0.0,0.0,21.93,59.56,https://y.gtimg.cn/music/photo_new/T002R500x500M000000JotAZ2WZEkq_1.jpg
202629,第29期（07.20-07.26）,2026-07-20,2026-07-26,16,474412512,那天下雨了,周杰伦,0044SaFh0apuR2,False,28,18,2,92.13892,83.98,0.0,0.0,41.64,57.79,https://y.gtimg.cn/music/photo_new/T002R500x500M0000041WVfh2vtlJE_1.jpg
202629,第29期（07.20-07.26）,2026-07-20,2026-07-26,17,533095371,媚人,薛之谦,001Fk1hB2OWZYH,False,8,2,8,92.1206,83.03,0.0,0.0,35.63,62.69,https://y.gtimg.cn/music/photo_new/T002R500x500M000002vfBmm41fIRe_1.jpg
202629,第29期（07.20-07.26）,2026-07-20,2026-07-26,18,447308818,街角的晚风,陈小春,001e2FJz3QXaf0,False,34,33,5,91.71054,83.93,0.0,0.0,48.13,40.7,https://y.gtimg.cn/music/photo_new/T002R500x500M0000028jKt80PGmlB_4.jpg
202629,第29期（07.20-07.26）,2026-07-20,2026-07-26,19,385505856,像晴天像雨天,汪苏泷,003sZs4P2hFUVQ,False,22,76,6,91.70727,77.81,0.0,0.0,25.06,70.81,https://y.gtimg.cn/music/photo_new/T002R500x500M000001V8PDy1om05K_1.jpg
202629,第29期（07.20-07.26）,2026-07-20,2026-07-26,20,293603181,小美满,周深,002QvWwX1BG9mr,False,21,129,1,91.67786,79.56,0.0,0.0,38.34,68.63,https://y.gtimg.cn/music/photo_new/T002R500x500M0000002ATV00WcBgd_2.jpg
202629,第29期（07.20-07.26）,2026-07-20,2026-07-26,21,199985272,花开忘忧,周深,004czGF42WSgko,False,19,203,1,91.53411,71.84,0.0,0.0,39.65,72.09,https://y.gtimg.cn/music/photo_new/T002R500x500M000001rb1ah0bFKMo_1.jpg
202629,第29期（07.20-07.26）,2026-07-20,2026-07-26,22,534156472,耳朵,JOSHUA,002j3L464CkhrE,True,0,1,22,91.53314,71.03,0.0,0.0,49.81,71.76,https://y.gtimg.cn/music/photo_new/T002R500x500M000002PtA2u0hqulV_1.jpg
202629,第29期（07.20-07.26）,2026-07-20,2026-07-26,23,475529076,Fever Pitch,Richz,000WhoSx0Wpvog,False,35,11,22,91.38871,83.51,0.0,0.0,35.79,40.36,https://y.gtimg.cn/music/photo_new/T002R500x500M0000013EMSw3bvHuu_1.jpg
202629,第29期（07.20-07.26）,2026-07-20,2026-07-26,24,532410190,小小的我,罗云熙,000rF3qi30JHca,True,0,1,24,91.33893,51.17,0.0,0.0,72.63,50.54,https://y.gtimg.cn/music/photo_new/T002R500x500M000002D9AST0qddiF_1.jpg
202629,第29期（07.20-07.26）,2026-07-20,2026-07-26,25,532831826,ZESTY,袁一琦,004Ymb8G1GWzPk,False,6,2,6,91.27165,68.93,0.0,0.0,54.39,70.85,https://y.gtimg.cn/music/photo_new/T002R500x500M000003qltM2469LMm_2.jpg
202629,第29期（07.20-07.26）,2026-07-20,2026-07-26,26,535195004,竞速游戏,TOP登陆少年组合,002cmsGd2ClwVJ,True,0,1,26,91.20796,66.85,0.0,0.0,56.01,70.66,https://y.gtimg.cn/music/photo_new/T002R500x500M000000ji8iX05RUPt_1.jpg
202629,第29期（07.20-07.26）,2026-07-20,2026-07-26,27,531112810,周旋,"王以太,艾热AIR",0009cN231s93BH,False,40,2,27,90.97213,80.29,0.0,0.0,10.88,61.17,https://y.gtimg.cn/music/photo_new/T002R500x500M000000TFXPO1bLY2u_1.jpg
202629,第29期（07.20-07.26）,2026-07-20,2026-07-26,28,501946792,云絮低语,云朵,000X5dVy0AaZKa,False,41,4,28,90.912,62.93,0.0,0.0,56.98,69.97,https://y.gtimg.cn/music/photo_new/T002R500x500M000000BlY9Z3Nrr3g_1.jpg
202629,第29期（07.20-07.26）,2026-07-20,2026-07-26,29,480678966,静音恋人 (两颗缠绕的心),礼越,0046UbDu4Lyebe,False,42,9,18,90.58244,80.72,0.0,0.0,33.03,46.01,https://y.gtimg.cn/music/photo_new/T002R500x500M0000002luCJ26Yi4n_2.jpg
202629,第29期（07.20-07.26）,2026-07-20,2026-07-26,30,478777514,有风的日落,万海东,0046Ffh90pkMOs,False,45,11,15,90.49988,80.82,0.0,0.0,37.82,31.71,https://y.gtimg.cn/music/photo_new/T002R500x500M000003ifChN0R3y1H_1.jpg
202629,第29期（07.20-07.26）,2026-07-20,2026-07-26,31,480650227,写故事的人,汪苏泷,0028t0n12nBn9U,False,36,5,13,90.47749,79.39,0.0,0.0,24.85,54.59,https://y.gtimg.cn/music/photo_new/T002R500x500M000000A1M903iHvyT_4.jpg
202629,第29期（07.20-07.26）,2026-07-20,2026-07-26,32,512152956,以为有以后,李廷旭,001lkVOI2SdXSS,True,135,1,32,90.38544,80.99,0.0,0.0,4.89,20.26,https://y.gtimg.cn/music/photo_new/T002R500x500M00000364HbC0r03Ed_2.jpg
202629,第29期（07.20-07.26）,2026-07-20,2026-07-26,33,511364187,挽红纱,"龚琳娜,张云雷",000QQHy712ZX4T,False,49,6,7,90.31772,62.01,0.0,0.0,13.61,69.93,https://y.gtimg.cn/music/photo_new/T002R500x500M000000r1HER3uMIFZ_1.jpg
202629,第29期（07.20-07.26）,2026-07-20,2026-07-26,34,515804613,8DM,"V8,徐明浩",001gPXbo2gpbbH,False,37,4,12,90.29606,52.28,0.0,0.0,34.15,70.03,https://y.gtimg.cn/music/photo_new/T002R500x500M000000rDsrP3UzzFm_1.jpg
202629,第29期（07.20-07.26）,2026-07-20,2026-07-26,35,522467090,香,张艺兴,001a7UVj0yhPcv,True,0,1,35,90.2636,68.01,0.0,0.0,63.63,53.63,https://y.gtimg.cn/music/photo_new/T002R500x500M000001w138z3PZEcz_1.jpg
202629,第29期（07.20-07.26）,2026-07-20,2026-07-26,36,522436401,爱谁谁,张艺兴,0022DCpn01uwgJ,False,9,4,4,90.1542,60.19,0.0,0.0,67.76,42.79,https://y.gtimg.cn/music/photo_new/T002R500x500M000001w138z3PZEcz_1.jpg
202629,第29期（07.20-07.26）,2026-07-20,2026-07-26,37,532795800,问,TF_ING张子墨,0002BKiw3M8Yqb,False,39,2,37,90.13399,52.27,0.0,0.0,20.83,69.23,https://y.gtimg.cn/music/photo_new/T002R500x500M000001dK7Q03f3u6K_1.jpg
202629,第29期（07.20-07.26）,2026-07-20,2026-07-26,38,458320813,Someone Like You,张真源,004TaA831D40QG,False,44,28,1,90.12974,52.52,0.0,0.0,38.73,67.97,https://y.gtimg.cn/music/photo_new/T002R500x500M000002P1zsF2O3TDF_1.jpg
202629,第29期（07.20-07.26）,2026-07-20,2026-07-26,39,486022788,两世洞天,黄星,001rRVzh2m7RJB,False,58,8,15,90.09707,50.46,0.0,0.0,7.94,69.35,https://y.gtimg.cn/music/photo_new/T002R500x500M0000001ze381iKWmo_2.jpg
202629,第29期（07.20-07.26）,2026-07-20,2026-07-26,40,487550585,主角,王菲,001uywZc1PxmVv,False,54,12,11,90.09591,78.43,0.0,0.0,41.75,41.72,https://y.gtimg.cn/music/photo_new/T002R500x500M0000014oHsO311mVp_1.jpg
202629,第29期（07.20-07.26）,2026-07-20,2026-07-26,41,533046971,尽情一刻,汪苏泷,003JBwuV1y9UtQ,True,0,1,41,90.05386,77.01,0.0,0.0,0.5,55.16,https://y.gtimg.cn/music/photo_new/T002R500x500M000000zb7J104KdXz_1.jpg
202629,第29期（07.20-07.26）,2026-07-20,2026-07-26,42,466598714,人间共鸣,李健,001ve92b4N7wT1,False,59,24,4,90.03585,77.89,0.0,0.0,38.49,45.09,https://y.gtimg.cn/music/photo_new/T002R500x500M000003RVJjp1svtyz_1.jpg
202629,第29期（07.20-07.26）,2026-07-20,2026-07-26,43,534176228,三分钟后一定睡,蒋敦豪,004XJgSP20NwEs,True,0,1,43,90.03251,73.59,0.0,0.0,53.19,54.13,https://y.gtimg.cn/music/photo_new/T002R500x500M000002EvMqb45YqLE_1.jpg
202629,第29期（07.20-07.26）,2026-07-20,2026-07-26,44,532877240,Hmm,展轩,002P1cUI2Ebaid,True,0,1,44,89.85187,70.55,0.0,0.0,58.39,54.3,https://y.gtimg.cn/music/photo_new/T002R500x500M000003g18kj4V3lZz_1.jpg
202629,第29期（07.20-07.26）,2026-07-20,2026-07-26,45,522467107,绛色的爱,张艺兴,000wLKc61CDB47,True,0,1,45,89.72592,63.43,0.0,0.0,63.62,48.59,https://y.gtimg.cn/music/photo_new/T002R500x500M000001w138z3PZEcz_1.jpg
202629,第29期（07.20-07.26）,2026-07-20,2026-07-26,46,522436396,Higher,张艺兴,00283SX10LVsSP,False,12,4,5,89.42091,58.83,0.0,0.0,65.79,41.13,https://y.gtimg.cn/music/photo_new/T002R500x500M000001w138z3PZEcz_1.jpg
202629,第29期（07.20-07.26）,2026-07-20,2026-07-26,47,499329279,山歌追上云朵,央金拉姆,004RglME1g9lJV,False,57,7,39,89.25007,76.9,0.0,0.0,38.77,45.19,https://y.gtimg.cn/music/photo_new/T002R500x500M000004N13wG44oqY1_1.jpg
202629,第29期（07.20-07.26）,2026-07-20,2026-07-26,48,533499976,你值得太阳,刘雨昕,002h3baK1xH9MY,True,0,1,48,89.18444,56.8,0.0,0.0,21.01,66.08,https://y.gtimg.cn/music/photo_new/T002R500x500M000003n2pLK3MInUU_1.jpg
202629,第29期（07.20-07.26）,2026-07-20,2026-07-26,49,532410193,晨星,罗云熙,002S7iU01xTW3O,True,0,1,49,89.14492,48.69,0.0,0.0,67.08,18.34,https://y.gtimg.cn/music/photo_new/T002R500x500M000002D9AST0qddiF_1.jpg
202629,第29期（07.20-07.26）,2026-07-20,2026-07-26,50,532441524,过海,"王赫野,黄龄",003DEzAQ3HSB9l,True,113,1,50,89.09646,76.78,0.0,0.0,18.83,50.42,https://y.gtimg.cn/music/photo_new/T002R500x500M000003sDdGY2FtUY2_1.jpg
202629,第29期（07.20-07.26）,2026-07-20,2026-07-26,51,522436400,Smoke & Mirrors,张艺兴,000SGh5g1MgDzo,False,14,4,9,89.02003,58.66,0.0,0.0,65.19,41.0,https://y.gtimg.cn/music/photo_new/T002R500x500M000001w138z3PZEcz_1.jpg
202629,第29期（07.20-07.26）,2026-07-20,2026-07-26,52,522436410,Living,张艺兴,003hfE050iuS2B,False,13,4,7,88.96825,58.37,0.0,0.0,65.13,41.03,https://y.gtimg.cn/music/photo_new/T002R500x500M000001w138z3PZEcz_1.jpg
202629,第29期（07.20-07.26）,2026-07-20,2026-07-26,53,522436402,Again,张艺兴,001deuwV3jcVOr,False,11,4,6,88.96609,58.42,0.0,0.0,65.16,40.84,https://y.gtimg.cn/music/photo_new/T002R500x500M000001w138z3PZEcz_1.jpg
202629,第29期（07.20-07.26）,2026-07-20,2026-07-26,54,530399436,Badi Badi,王俊凯,003DPd5i2qrCU7,False,48,3,7,88.88309,74.21,0.0,0.0,47.89,51.5,https://y.qq.com/music/photo_new/T062R500x500M00000263WWe1mlRaa.jpg
202629,第29期（07.20-07.26）,2026-07-20,2026-07-26,55,522436418,错错错,张艺兴,004V2b6s39ainE,False,16,4,11,88.77208,58.31,0.0,0.0,64.83,41.0,https://y.gtimg.cn/music/photo_new/T002R500x500M000001w138z3PZEcz_1.jpg
202629,第29期（07.20-07.26）,2026-07-20,2026-07-26,56,474412516,爱琴海,周杰伦,003WPrjL4dimFE,False,62,18,4,88.64948,77.39,0.0,0.0,28.53,40.89,https://y.gtimg.cn/music/photo_new/T002R500x500M0000041WVfh2vtlJE_1.jpg
202629,第29期（07.20-07.26）,2026-07-20,2026-07-26,57,512101294,人间的剧本,老韩很哇塞,001Pa1g53DmNQ3,False,79,4,57,88.54127,76.27,0.0,0.0,42.03,42.54,https://y.gtimg.cn/music/photo_new/T002R500x500M000002F2Rfl3kTcYx_2.jpg
202629,第29期（07.20-07.26）,2026-07-20,2026-07-26,58,522436399,意中人,张艺兴,0032Yh0918cF8c,False,17,4,10,88.49552,57.97,0.0,0.0,64.47,40.77,https://y.gtimg.cn/music/photo_new/T002R500x500M000001w138z3PZEcz_1.jpg
202629,第29期（07.20-07.26）,2026-07-20,2026-07-26,59,522436428,文艺工作者,张艺兴,001tQZO33ntbnd,False,15,4,12,88.272,57.72,0.0,0.0,64.08,41.04,https://y.gtimg.cn/music/photo_new/T002R500x500M000001w138z3PZEcz_1.jpg
202629,第29期（07.20-07.26）,2026-07-20,2026-07-26,60,524476063,一直下,陈宇祥,002GlLlX2IsyYr,False,60,2,60,88.12936,77.76,0.0,0.0,3.86,21.61,https://y.gtimg.cn/music/photo_new/T002R500x500M0000036ad3O39VsR1_1.jpg
202629,第29期（07.20-07.26）,2026-07-20,2026-07-26,61,533556213,缠,那英,003XAZLD3KzQ2j,True,0,1,61,87.83523,77.15,0.0,0.0,8.11,38.04,https://y.gtimg.cn/music/photo_new/T002R500x500M000003mTx4M2vjsxl_1.jpg
202629,第29期（07.20-07.26）,2026-07-20,2026-07-26,62,518582456,相思锁,张真源,000EQX6y3kMOYI,False,56,4,2,87.64706,69.4,0.0,0.0,31.37,60.18,https://y.gtimg.cn/music/photo_new/T002R500x500M000003YtOnb3UDtqO_2.jpg
202629,第29期（07.20-07.26）,2026-07-20,2026-07-26,63,480650228,让你知道,"汪苏泷,G.E.M. 邓紫棋",002V5FGl3Wga6v,False,64,5,11,87.64311,74.95,0.0,0.0,8.48,52.44,https://y.gtimg.cn/music/photo_new/T002R500x500M000000A1M903iHvyT_4.jpg
202629,第29期（07.20-07.26）,2026-07-20,2026-07-26,64,463431785,巴拉莱卡（The Rod）,门尼,004cIIT23E42Bi,False,67,18,19,87.44643,76.23,0.0,0.0,25.81,41.36,https://y.qq.com/music/photo_new/T062R500x500M000000KuGDR0MKlCb.jpg
202629,第29期（07.20-07.26）,2026-07-20,2026-07-26,65,463774753,Colder,蔡徐坤,00400RDv0ozgWg,False,20,25,2,86.94447,54.61,0.0,0.0,50.9,58.39,https://y.gtimg.cn/music/photo_new/T002R500x500M000003Q9it10RWLId_2.jpg
202629,第29期（07.20-07.26）,2026-07-20,2026-07-26,66,534467920,云儿,喻言,0004am9z0JNbXr,True,0,1,66,86.94351,57.04,0.0,0.0,49.32,58.83,https://y.qq.com/music/photo_new/T062R500x500M0000000DBkm13Yu2I.jpg
202629,第29期（07.20-07.26）,2026-07-20,2026-07-26,67,530004147,红尘慌慌,周深,003ARFyH2himMe,False,1,3,1,86.88849,71.83,0.0,0.0,23.86,54.62,https://y.qq.com/music/photo_new/T062R500x500M000002P5PQ93Mb5a2.jpg
202629,第29期（07.20-07.26）,2026-07-20,2026-07-26,68,521720356,疑疑疑,王俊凯,003Y82u91ZIDmO,False,61,4,3,86.76372,73.09,0.0,0.0,35.45,49.91,https://y.qq.com/music/photo_new/T062R500x500M000001RGf6N2Plzq6.jpg
202629,第29期（07.20-07.26）,2026-07-20,2026-07-26,69,522467069,太阳,张艺兴,001Uoqxt4SYZNY,False,32,2,32,86.73125,64.81,0.0,0.0,59.43,42.21,https://y.gtimg.cn/music/photo_new/T002R500x500M000001w138z3PZEcz_1.jpg
202629,第29期（07.20-07.26）,2026-07-20,2026-07-26,70,532410184,事隔多年,罗云熙,001RhwBP2MJf3w,True,0,1,70,86.54412,47.98,0.0,0.0,62.98,11.1,https://y.gtimg.cn/music/photo_new/T002R500x500M000002D9AST0qddiF_1.jpg
202629,第29期（07.20-07.26）,2026-07-20,2026-07-26,71,478120646,情深深雨濛濛,梓渝,001IodTs2xXctR,False,80,17,1,86.45828,62.11,0.0,0.0,12.46,61.01,https://y.gtimg.cn/music/photo_new/T002R500x500M000004d4d3s0RGI34_1.jpg
202629,第29期（07.20-07.26）,2026-07-20,2026-07-26,72,491256250,凌绝顶,梓渝,001SZuO01zTv4Y,False,78,10,1,86.45826,63.25,0.0,0.0,25.32,60.29,https://y.gtimg.cn/music/photo_new/T002R500x500M000004bXPkr3OymlI_1.jpg
202629,第29期（07.20-07.26）,2026-07-20,2026-07-26,73,521720340,如期,王俊凯,000n3xE32Sdk1C,False,74,4,25,86.43706,72.06,0.0,0.0,36.82,50.41,https://y.qq.com/music/photo_new/T062R500x500M000000axnOS3fnS48.jpg
202629,第29期（07.20-07.26）,2026-07-20,2026-07-26,74,466782905,梦底,海来阿木,001bG0HK1bhUgX,False,82,21,9,86.42978,75.38,0.0,0.0,28.83,37.67,https://y.qq.com/music/photo_new/T062R500x500M000002Lcths3JW6kx.jpg
202629,第29期（07.20-07.26）,2026-07-20,2026-07-26,75,531359848,我只要我开心,时代少年团,0047kieu3p1Zrf,False,4,2,4,86.21525,72.36,0.0,0.0,35.82,48.44,https://y.gtimg.cn/music/photo_new/T002R500x500M000002zvO7r0gSXWZ_1.jpg
202629,第29期（07.20-07.26）,2026-07-20,2026-07-26,76,471987459,无趣生活指南,宋亚轩,004MTdEu3oB5ZR,False,85,20,1,86.20899,60.02,0.0,0.0,7.6,61.29,https://y.gtimg.cn/music/photo_new/T002R500x500M000003Lv1d94F8P3W_1.jpg
202629,第29期（07.20-07.26）,2026-07-20,2026-07-26,77,512003003,逍遥仙,筷子兄弟,00485M1a40O8Hi,False,71,6,28,86.19813,75.39,0.0,0.0,27.74,26.58,https://y.gtimg.cn/music/photo_new/T002R500x500M000002z6UmJ3m71jH_2.jpg
202629,第29期（07.20-07.26）,2026-07-20,2026-07-26,78,476300984,无人乐园,王俊凯,004BsuOC1hamlB,False,86,18,1,86.10936,70.72,0.0,0.0,30.43,53.09,https://y.qq.com/music/photo_new/T062R500x500M000002ExhNX0VO1Mc.jpg
202629,第29期（07.20-07.26）,2026-07-20,2026-07-26,79,533552071,男朋友,刘轩丞,000r2c360zHJhr,True,0,1,79,86.02594,62.43,0.0,0.0,51.8,51.34,https://y.gtimg.cn/music/photo_new/T002R500x500M0000045UOmN0pyYKP_1.jpg
202629,第29期（07.20-07.26）,2026-07-20,2026-07-26,80,530399435,破晓,王俊凯,001IXEnW4OmqLF,False,50,3,1,85.95708,71.38,0.0,0.0,38.46,49.17,https://y.qq.com/music/photo_new/T062R500x500M000004EhfP90kZ9le.jpg
202629,第29期（07.20-07.26）,2026-07-20,2026-07-26,81,532410188,宇宙第一响,罗云熙,000zj7kA02FPiz,True,0,1,81,85.93992,47.38,0.0,0.0,62.03,10.43,https://y.gtimg.cn/music/photo_new/T002R500x500M000002D9AST0qddiF_1.jpg
202629,第29期（07.20-07.26）,2026-07-20,2026-07-26,82,532410186,圣塔里奥酒馆,罗云熙,001bfNQo1lJC7D,True,0,1,82,85.93927,47.88,0.0,0.0,62.0,12.78,https://y.gtimg.cn/music/photo_new/T002R500x500M000002D9AST0qddiF_1.jpg
202629,第29期（07.20-07.26）,2026-07-20,2026-07-26,83,532410189,夜梦春游,罗云熙,003dKXes3PsPHc,True,0,1,83,85.87374,49.41,0.0,0.0,61.81,18.17,https://y.gtimg.cn/music/photo_new/T002R500x500M000002D9AST0qddiF_1.jpg
202629,第29期（07.20-07.26）,2026-07-20,2026-07-26,84,534467928,同学，我有一本关于你的日记,陈卓璇,003DDhRU2rMxxl,True,0,1,84,85.86405,51.25,0.0,0.0,3.56,61.73,https://y.qq.com/music/photo_new/T062R500x500M000002OtuYt2bvN6K.jpg
202629,第29期（07.20-07.26）,2026-07-20,2026-07-26,85,464961899,失眠了,吴琳珂Moske,001TbwI91Lu6kB,False,88,22,19,85.78029,75.16,0.0,0.0,1.77,40.17,https://y.gtimg.cn/music/photo_new/T002R500x500M000001Eq1Sr22DGRf_1.jpg
202629,第29期（07.20-07.26）,2026-07-20,2026-07-26,86,474678725,宠,檀健次,004F7UlD2YXJtR,False,99,19,10,85.779,61.0,0.0,0.0,17.31,60.11,https://y.gtimg.cn/music/photo_new/T002R500x500M000001pEKRz4LW4Vx_1.jpg
202629,第29期（07.20-07.26）,2026-07-20,2026-07-26,87,517708558,Call My Name,张艺兴,000LnSwg4DkKg2,False,29,5,1,85.77633,62.44,0.0,0.0,57.09,41.99,https://y.gtimg.cn/music/photo_new/T002R500x500M000001w138z3PZEcz_1.jpg
202629,第29期（07.20-07.26）,2026-07-20,2026-07-26,88,513694560,最后的借口,"h3R3刘清云,罗可Lorkin",0009ekdK2Ilzld,False,87,3,73,85.73202,74.82,0.0,0.0,9.38,40.96,https://y.gtimg.cn/music/photo_new/T002R500x500M0000031yTwA0yq3b5_1.jpg
202629,第29期（07.20-07.26）,2026-07-20,2026-07-26,89,533345324,是你让我成为我,丁禹兮,000mrOhm3lXq0Z,True,0,1,89,85.68733,67.04,0.0,0.0,41.88,52.01,https://y.gtimg.cn/music/photo_new/T002R500x500M000001Tb9NF0x1OJU_1.jpg
202629,第29期（07.20-07.26）,2026-07-20,2026-07-26,90,481957782,烟花街,"崔十八,听潮阁",002EsPoW4eUnsu,False,93,5,52,85.62243,45.87,0.0,0.0,25.94,60.94,https://y.gtimg.cn/music/photo_new/T002R500x500M000003VWOiA0YwIBI_1.jpg
202629,第29期（07.20-07.26）,2026-07-20,2026-07-26,91,463774751,Don't Call (feat. Free Nationals),蔡徐坤,004O0a1f4T0RI8,False,23,23,3,85.5544,53.73,0.0,0.0,50.47,53.74,https://y.gtimg.cn/music/photo_new/T002R500x500M000003Q9it10RWLId_2.jpg
202629,第29期（07.20-07.26）,2026-07-20,2026-07-26,92,484990426,西乌旗99号公路,"LunaLiu刘不语,张川海",002n9rPh3tYpOc,False,69,4,51,85.48258,73.66,0.0,0.0,30.91,39.93,https://y.gtimg.cn/music/photo_new/T002R500x500M000003woY5f2sdNs7_2.jpg
202629,第29期（07.20-07.26）,2026-07-20,2026-07-26,93,467620041,吉量,周深,004VCyBy391azx,False,84,23,1,85.45009,68.93,0.0,0.0,29.89,52.78,https://y.gtimg.cn/music/photo_new/T002R500x500M0000010e79v0CExQN_2.jpg
202629,第29期（07.20-07.26）,2026-07-20,2026-07-26,94,515090709,落日微醺（晚风中一杯酒）,落日微醺,0029j7eI4Poe44,False,72,3,72,85.4499,72.92,0.0,0.0,35.8,40.56,https://y.gtimg.cn/music/photo_new/T002R500x500M000001TMIlo2CCoNX_1.jpg
202629,第29期（07.20-07.26）,2026-07-20,2026-07-26,95,492018231,焰 (Born of fire),喻言,002XikGC1GN4Ug,False,97,10,5,85.38492,43.24,0.0,0.0,8.87,61.14,https://y.gtimg.cn/music/photo_new/T002R500x500M000000rhRU20WI7Ce_1.jpg
202629,第29期（07.20-07.26）,2026-07-20,2026-07-26,96,472514843,问你一个人类梦寐以求的深奥问题,汪苏泷,003O2jAx2Z8mad,False,98,20,5,85.38423,70.23,0.0,0.0,16.3,52.64,https://y.qq.com/music/photo_new/T062R500x500M000001MhXjs26yhdQ.jpg
202629,第29期（07.20-07.26）,2026-07-20,2026-07-26,97,530399437,下一天,王俊凯,002d62eR3BYiWY,False,68,3,9,85.3677,70.32,0.0,0.0,36.38,49.66,https://y.qq.com/music/photo_new/T062R500x500M000000NfJyp11Nuig.jpg
202629,第29期（07.20-07.26）,2026-07-20,2026-07-26,98,521720344,无声潮汐,王俊凯,002OhQnJ2tqnT6,False,76,4,26,85.36535,70.8,0.0,0.0,33.51,49.0,https://y.qq.com/music/photo_new/T062R500x500M000004ATwLB1BZI0b.jpg
202629,第29期（07.20-07.26）,2026-07-20,2026-07-26,99,532547067,如果你也刚好抬头看树,孙天宇,0005HuT83Cze8P,True,0,1,99,85.33858,70.64,0.0,0.0,15.39,51.72,https://y.gtimg.cn/music/photo_new/T002R500x500M000002w4MPC0gdACF_1.jpg
202629,第29期（07.20-07.26）,2026-07-20,2026-07-26,100,522436398,斗战胜佛,张艺兴,0031lecC265Cw1,False,31,4,13,85.3065,61.96,0.0,0.0,55.65,41.48,https://y.gtimg.cn/music/photo_new/T002R500x500M000001w138z3PZEcz_1.jpg
202629,第29期（07.20-07.26）,2026-07-20,2026-07-26,101,530494384,青玉恋,刘宇,001Mlxo70U5jA2,False,65,0,0,85.28273,63.23,0.0,0.0,25.93,56.22,https://y.gtimg.cn/music/photo_new/T002R500x500M000003zREKb4gJGUF_1.jpg
202629,第29期（07.20-07.26）,2026-07-20,2026-07-26,102,533494826,山风山风等等我,万海东,0012TY2n0qQurs,False,0,0,0,85.27865,72.07,0.0,0.0,30.3,44.81,https://y.gtimg.cn/music/photo_new/T002R500x500M000002O92eu0Jubpi_3.jpg
202629,第29期（07.20-07.26）,2026-07-20,2026-07-26,103,521720355,幻梦,王俊凯,000bbwzf2E0nwB,False,81,0,0,85.22224,70.53,0.0,0.0,32.22,49.5,https://y.qq.com/music/photo_new/T062R500x500M000003tjnfQ2DkfyZ.jpg
202629,第29期（07.20-07.26）,2026-07-20,2026-07-26,104,530838888,窝囊废,"刘凤瑶,曾一鸣,张玮,李琦,派克特",002oy5sA18Y1vl,False,63,0,0,85.17514,73.58,0.0,0.0,15.29,40.94,https://y.gtimg.cn/music/photo_new/T002R500x500M000000i2YjH2563cV_1.jpg
202629,第29期（07.20-07.26）,2026-07-20,2026-07-26,105,513296573,街角的晚风1997,曾舜晞,004Ge20S1FuiOF,False,91,0,0,85.16236,74.77,0.0,0.0,3.71,19.82,https://y.gtimg.cn/music/photo_new/T002R500x500M000002eea6O0cudxW_2.jpg
202629,第29期（07.20-07.26）,2026-07-20,2026-07-26,106,515780154,从前,王俊凯,000Ji0xi2WKRll,False,94,0,0,85.12422,70.45,0.0,0.0,32.58,48.93,https://y.qq.com/music/photo_new/T062R500x500M000001q4lBQ4YRSPD.jpg
202629,第29期（07.20-07.26）,2026-07-20,2026-07-26,107,532410192,也许有你,罗云熙,0018E0jN2IO9Az,False,0,0,0,85.11506,46.72,0.0,0.0,60.73,9.77,https://y.gtimg.cn/music/photo_new/T002R500x500M000002D9AST0qddiF_1.jpg
202629,第29期（07.20-07.26）,2026-07-20,2026-07-26,108,521720357,Stay,王俊凯,002TplNQ18uPB9,False,83,0,0,85.10589,70.62,0.0,0.0,31.08,48.78,https://y.qq.com/music/photo_new/T062R500x500M000000yKB6w1WY6fo.jpg
202629,第29期（07.20-07.26）,2026-07-20,2026-07-26,109,515779634,I Love This Life,王俊凯,002snOiL3DNzr2,False,90,0,0,85.00993,70.27,0.0,0.0,32.51,48.78,https://y.qq.com/music/photo_new/T062R500x500M0000033JXxr402Nw0.jpg
202629,第29期（07.20-07.26）,2026-07-20,2026-07-26,110,516975210,千香,周深,004Uik3G0sMdUW,False,100,0,0,85.00429,70.9,0.0,0.0,15.43,49.93,https://y.qq.com/music/photo_new/T062R500x500M000001xCpOz3ARHzs.jpg
202629,第29期（07.20-07.26）,2026-07-20,2026-07-26,111,515780030,真相,王俊凯,004WWjMC2Dt1ip,False,89,0,0,84.93543,70.16,0.0,0.0,31.65,49.24,https://y.qq.com/music/photo_new/T062R500x500M000004YwMvf2ekLnQ.jpg
202629,第29期（07.20-07.26）,2026-07-20,2026-07-26,112,524048324,香烟与吻痕 (我在月光下许过情真),黄龄,002L0ilt0Sk1xo,False,70,0,0,84.61642,74.02,0.0,0.0,4.64,20.41,https://y.gtimg.cn/music/photo_new/T002R500x500M000001k5VY01qCYXb_1.jpg
202629,第29期（07.20-07.26）,2026-07-20,2026-07-26,113,532410194,新一天,罗云熙,0019tLwx49ugnd,False,0,0,0,84.5366,46.3,0.0,0.0,60.16,11.08,https://y.gtimg.cn/music/photo_new/T002R500x500M000002D9AST0qddiF_1.jpg
202629,第29期（07.20-07.26）,2026-07-20,2026-07-26,114,532410187,在蓉城,罗云熙,002AJLAm46YuAb,False,0,0,0,84.44459,46.4,0.0,0.0,60.09,9.64,https://y.gtimg.cn/music/photo_new/T002R500x500M000002D9AST0qddiF_1.jpg
202629,第29期（07.20-07.26）,2026-07-20,2026-07-26,115,493990931,Alive,"王嘉尔,五月天 阿信",0013X2Uy17E28w,False,157,0,0,84.39493,73.87,0.0,0.0,3.24,17.24,https://y.gtimg.cn/music/photo_new/T002R500x500M000001PC3JU3e688L_2.jpg
202629,第29期（07.20-07.26）,2026-07-20,2026-07-26,116,524521641,漫游,黄子弘凡,0009xPxG0R6G9c,False,104,0,0,83.86388,66.62,0.0,0.0,9.18,51.94,https://y.qq.com/music/photo_new/T062R500x500M0000011NdbQ2F154j.jpg
202629,第29期（07.20-07.26）,2026-07-20,2026-07-26,117,530342519,归途恰恰,黄泥,0007hEyW2MvXPs,False,0,0,0,83.80609,73.42,0.0,0.0,1.27,8.44,https://y.gtimg.cn/music/photo_new/T002R500x500M000003B32uN4Glf7f_1.jpg
202629,第29期（07.20-07.26）,2026-07-20,2026-07-26,118,517484236,光,陈楚生,004JAWWq0NadAX,False,108,0,0,83.69691,53.55,0.0,0.0,7.89,57.46,https://y.gtimg.cn/music/photo_new/T002R500x500M000002ld9Tt17lb4O_1.jpg
202629,第29期（07.20-07.26）,2026-07-20,2026-07-26,119,531999871,心跳赫兹 (Love Got Me Ooh),A2O MAY,001xOKCT3wNoKB,False,114,0,0,83.63259,71.33,0.0,0.0,15.75,42.86,https://y.gtimg.cn/music/photo_new/T002R500x500M000002qB0Ds2U9Vvy_1.jpg
202629,第29期（07.20-07.26）,2026-07-20,2026-07-26,120,512187104,你本就是光,刘亦辰,000ayLmZ0gCLWV,False,51,0,0,83.34405,72.92,0.0,0.0,3.55,5.44,https://y.gtimg.cn/music/photo_new/T002R500x500M0000002Qetd2gtePo_2.jpg
202629,第29期（07.20-07.26）,2026-07-20,2026-07-26,121,530772974,Metal Flower,R.E.D,0043j4Cx4XEcBt,False,96,0,0,83.33723,66.27,0.0,0.0,6.9,51.25,https://y.gtimg.cn/music/photo_new/T002R500x500M000000u1Owg2RJzL5_1.jpg
202629,第29期（07.20-07.26）,2026-07-20,2026-07-26,122,529851668,全世界陪我出发,"TF家族,TF家族-官俊臣,TF家族-张桂源,TF家族-张函瑞,TF家族-王橹杰,TF家族-王烁然,TF家族-左奇函,TF家族-陈奕恒,TF家族-杨博文,TF家族-杨涵博,TF家族-张奕然,TF家族-聂玮辰,TF家族-陈思罕,TF家族-魏子宸,TF家族-李煜东,TF家族-陈浚铭",003RIqye0gr9MB,False,111,0,0,83.31933,71.56,0.0,0.0,9.12,41.43,https://y.gtimg.cn/music/photo_new/T002R500x500M000000dn6vm1EN6ax_1.jpg
202629,第29期（07.20-07.26）,2026-07-20,2026-07-26,123,485150107,My Fondest,郝熠然,004Q9M7v4WduyW,False,75,0,0,83.05159,60.9,0.0,0.0,16.88,53.61,https://y.gtimg.cn/music/photo_new/T002R500x500M000002DNaAy3DLTff_1.jpg
202629,第29期（07.20-07.26）,2026-07-20,2026-07-26,124,531085098,沪上龙王,郭有才,0049xZge3U5SLp,False,0,0,0,83.03077,72.34,0.0,0.0,11.47,9.52,https://y.gtimg.cn/music/photo_new/T002R500x500M000000xjTTE3rd5Df_1.jpg
202629,第29期（07.20-07.26）,2026-07-20,2026-07-26,125,518768695,你从春天走来,刘若英,002QwHdc11MAzQ,False,139,0,0,83.02743,72.6,0.0,0.0,3.12,6.14,https://y.gtimg.cn/music/photo_new/T002R500x500M000003PHxFb4EbMCi_1.jpg
202629,第29期（07.20-07.26）,2026-07-20,2026-07-26,126,533897375,贴心,梁咏琪,0042LLtJ3DmpFZ,False,0,0,0,82.94761,72.37,0.0,0.0,2.92,20.11,https://y.gtimg.cn/music/photo_new/T002R500x500M000003mTx4M2vjsxl_1.jpg
202629,第29期（07.20-07.26）,2026-07-20,2026-07-26,127,513183075,一见如故,许嵩,002ioSAK2ftAqy,False,118,0,0,82.83227,70.82,0.0,0.0,5.59,42.73,https://y.gtimg.cn/music/photo_new/T002R500x500M000001Oqn952HAPRk_1.jpg
202629,第29期（07.20-07.26）,2026-07-20,2026-07-26,128,514417457,略略略略略,TOP登陆少年组合,000QuvKj4aCfBU,False,140,0,0,82.82101,68.19,0.0,0.0,31.2,44.06,https://y.gtimg.cn/music/photo_new/T002R500x500M000002rYBVh2iOMHZ_2.jpg
202629,第29期（07.20-07.26）,2026-07-20,2026-07-26,129,517395426,问爱,Yamy郭颖,002oGI0x1Go47u,False,0,0,0,82.80459,70.51,0.0,0.0,10.82,43.28,https://y.gtimg.cn/music/photo_new/T002R500x500M000000nsQXX2AYOBd_1.jpg
202629,第29期（07.20-07.26）,2026-07-20,2026-07-26,130,513183119,心安之地,许嵩,000h1psW2HN90S,False,134,0,0,82.78411,70.73,0.0,0.0,8.8,42.53,https://y.gtimg.cn/music/photo_new/T002R500x500M000001Oqn952HAPRk_1.jpg
202629,第29期（07.20-07.26）,2026-07-20,2026-07-26,131,507703039,也许在下雨天 (眼泪才不被看见),"何遇Hayu,Crybird",003hjJ9O4AiBl9,False,120,0,0,82.78264,71.39,0.0,0.0,21.66,31.04,https://y.gtimg.cn/music/photo_new/T002R500x500M000001xNQMK1OvExE_2.jpg
202629,第29期（07.20-07.26）,2026-07-20,2026-07-26,132,524671893,依兰爱情故事,金志文,003wJze11ABhHl,False,102,0,0,82.74438,71.7,0.0,0.0,6.93,33.23,https://y.gtimg.cn/music/photo_new/T002R500x500M000003kMWUy2EinCC_2.jpg
202629,第29期（07.20-07.26）,2026-07-20,2026-07-26,133,531082488,Bad Boy,万妮达Vinida Weng,003twp2w4OaRcC,False,53,0,0,82.70884,71.97,0.0,0.0,7.12,22.23,https://y.gtimg.cn/music/photo_new/T002R500x500M0000005bCtH469HXW_1.jpg
202629,第29期（07.20-07.26）,2026-07-20,2026-07-26,134,491996814,本末,任素汐,001sTnpM1Kw5aa,False,117,0,0,82.6812,71.68,0.0,0.0,3.83,34.16,https://y.gtimg.cn/music/photo_new/T002R500x500M0000033vNiW2uLR2S_1.jpg
202629,第29期（07.20-07.26）,2026-07-20,2026-07-26,135,511979926,古风2026,"一颗狼星,糯米Nomi,倪浩毅,指尖笑,草帽酱,执素兮,平生不晚,浅影阿",002BNkDq46SfPr,False,122,0,0,82.45015,71.9,0.0,0.0,1.85,19.37,https://y.gtimg.cn/music/photo_new/T002R500x500M000002KRyi405Zmjv_1.jpg
202629,第29期（07.20-07.26）,2026-07-20,2026-07-26,136,522662100,UP IT,刘耀文,003envMt4H3x7x,False,92,0,0,82.28316,61.94,0.0,0.0,24.33,50.82,https://y.gtimg.cn/music/photo_new/T002R500x500M000003Q3flT1zkBX3_1.jpg
202629,第29期（07.20-07.26）,2026-07-20,2026-07-26,137,535357816,Rock All Night,袁一琦,003AjrRg4fPZTt,False,0,0,0,82.19743,50.45,0.0,0.0,31.66,53.25,https://y.gtimg.cn/music/photo_new/T002R500x500M000003qltM2469LMm_2.jpg
202629,第29期（07.20-07.26）,2026-07-20,2026-07-26,138,480650223,昨晚我环游了地球,汪苏泷,003RhiFk16EeF7,False,130,0,0,82.11518,66.29,0.0,0.0,4.8,47.9,https://y.gtimg.cn/music/photo_new/T002R500x500M000000A1M903iHvyT_4.jpg
202629,第29期（07.20-07.26）,2026-07-20,2026-07-26,139,513759558,浮生若梦,周深,002ElBqW0fEWXI,False,129,0,0,82.09688,64.86,0.0,0.0,18.1,48.27,https://y.qq.com/music/photo_new/T062R500x500M000003O2ogG11M5da.jpg
202629,第29期（07.20-07.26）,2026-07-20,2026-07-26,140,512975549,洛阳纸,许嵩,000iOs7F4gQ4VR,False,132,0,0,81.99842,70.6,0.0,0.0,5.23,40.34,https://y.gtimg.cn/music/photo_new/T002R500x500M000001Oqn952HAPRk_1.jpg
202629,第29期（07.20-07.26）,2026-07-20,2026-07-26,141,535078423,kick,何浩楠,003x6WZl0ch3MM,False,0,0,0,81.95054,61.82,0.0,0.0,9.59,51.24,https://y.gtimg.cn/music/photo_new/T002R500x500M000003tARiO3v9OTh_1.jpg
202629,第29期（07.20-07.26）,2026-07-20,2026-07-26,142,531111308,想得美,TOP登陆少年组合,003QLx9h4Y71iu,False,107,0,0,81.88328,68.78,0.0,0.0,14.69,42.76,https://y.gtimg.cn/music/photo_new/T002R500x500M000002YPc1C0WN5qn_1.jpg
202629,第29期（07.20-07.26）,2026-07-20,2026-07-26,143,511809673,人间,刘宇宁,002dyLPw3kRsuA,False,128,0,0,81.71949,66.87,0.0,0.0,11.97,44.85,https://y.qq.com/music/photo_new/T062R500x500M000001Plf3T3zraRt.jpg
202629,第29期（07.20-07.26）,2026-07-20,2026-07-26,144,503612889,渡,周深,004XNL6L36CrFC,False,126,0,0,81.64577,64.19,0.0,0.0,5.75,48.65,https://y.gtimg.cn/music/photo_new/T002R500x500M000000QqmQq1hKTuB_1.jpg
202629,第29期（07.20-07.26）,2026-07-20,2026-07-26,145,486301870,Someone to Love,严浩翔,003h49Zi3ExoLi,False,30,0,0,81.34236,61.0,0.0,0.0,25.93,48.82,https://y.gtimg.cn/music/photo_new/T002R500x500M000002MLnIj1xJXLf_1.jpg
202629,第29期（07.20-07.26）,2026-07-20,2026-07-26,146,495396282,一曲相思(欲问青天这人生有几何),海来阿木,0029SPEq1UThNj,False,131,0,0,81.31088,70.48,0.0,0.0,11.35,19.38,https://y.gtimg.cn/music/photo_new/T002R500x500M0000034yzah0TRjti_1.jpg
202629,第29期（07.20-07.26）,2026-07-20,2026-07-26,147,492295463,隐瞒,TF_ING邓佳鑫,002Bw7Br2V7OZF,False,136,0,0,81.19437,50.97,0.0,0.0,12.7,52.92,https://y.gtimg.cn/music/photo_new/T002R500x500M000004A6rAz2YPGz5_1.jpg
202629,第29期（07.20-07.26）,2026-07-20,2026-07-26,148,513183074,老歌,许嵩,001dHWRw44FBP3,False,138,0,0,81.1486,69.43,0.0,0.0,3.05,40.26,https://y.gtimg.cn/music/photo_new/T002R500x500M000001Oqn952HAPRk_1.jpg
202629,第29期（07.20-07.26）,2026-07-20,2026-07-26,149,532082556,Too Many Lies,钱锟 (KUN),000ZXvVA0u0JGI,False,133,0,0,80.9852,51.28,0.0,0.0,44.1,44.44,https://y.gtimg.cn/music/photo_new/T002R500x500M000004fXplH0mttA1_1.jpg
202629,第29期（07.20-07.26）,2026-07-20,2026-07-26,150,533340250,逞强,丁禹兮,002l3OmG2lEfdB,False,160,0,0,80.97141,65.76,0.0,0.0,25.53,41.35,https://y.gtimg.cn/music/photo_new/T002R500x500M000004HXwrK4YUDaz_1.jpg
202629,第29期（07.20-07.26）,2026-07-20,2026-07-26,151,532366382,天色晚了,张远,0005ggKe3chYYK,False,106,0,0,80.84681,69.12,0.0,0.0,4.07,36.22,https://y.gtimg.cn/music/photo_new/T002R500x500M000004EF9yp3n5tuL_2.jpg
202629,第29期（07.20-07.26）,2026-07-20,2026-07-26,152,485736028,Run Wild（向风而野）,是晚星呀,004dZt8y0kkzGX,False,150,0,0,80.74642,69.33,0.0,0.0,14.88,21.04,https://y.gtimg.cn/music/photo_new/T002R500x500M000002I05GE3f5zSh_3.jpg
202629,第29期（07.20-07.26）,2026-07-20,2026-07-26,153,512967685,赤子,周深,0010pjD24VRte6,False,152,0,0,80.73672,63.79,0.0,0.0,10.27,45.12,https://y.qq.com/music/photo_new/T062R500x500M0000015O72c2P9HAO.jpg
202629,第29期（07.20-07.26）,2026-07-20,2026-07-26,154,513694963,爱你是我的秘密,庄淇玟29,000fQYli0zRiOx,False,0,0,0,80.62003,68.5,0.0,0.0,5.29,34.9,https://y.gtimg.cn/music/photo_new/T002R500x500M000003Wra153uFebP_1.jpg
202629,第29期（07.20-07.26）,2026-07-20,2026-07-26,155,480650224,世界之巅,汪苏泷,002DIIhu0OSRN1,False,167,0,0,80.52485,63.75,0.0,0.0,4.93,44.9,https://y.gtimg.cn/music/photo_new/T002R500x500M000000A1M903iHvyT_4.jpg
202629,第29期（07.20-07.26）,2026-07-20,2026-07-26,156,491996827,别来无恙,任素汐,000bBKeM3mhVCL,False,146,0,0,80.46619,69.1,0.0,0.0,2.07,27.29,https://y.gtimg.cn/music/photo_new/T002R500x500M0000033vNiW2uLR2S_1.jpg
202629,第29期（07.20-07.26）,2026-07-20,2026-07-26,157,485769620,月下煮茶,陈佳,002iOnEw2PFuF6,False,147,0,0,80.42261,68.94,0.0,0.0,3.83,25.6,https://y.gtimg.cn/music/photo_new/T002R500x500M0000001LdBa3HeROT_5.jpg
202629,第29期（07.20-07.26）,2026-07-20,2026-07-26,158,491996849,张仙语三,任素汐,004Jrpe7322cCK,False,142,0,0,80.4064,69.18,0.0,0.0,3.07,22.04,https://y.gtimg.cn/music/photo_new/T002R500x500M0000033vNiW2uLR2S_1.jpg
202629,第29期（07.20-07.26）,2026-07-20,2026-07-26,159,531181249,玄翎谣,"鸣潮先约电台,jkinss,薄荷_Miint",000rB2Ck1bZTZW,False,115,0,0,80.36885,67.77,0.0,0.0,1.05,37.25,https://y.gtimg.cn/music/photo_new/T002R500x500M000001rovrt1tUywT_1.jpg
202629,第29期（07.20-07.26）,2026-07-20,2026-07-26,160,520238249,看山,"方大树,灯叔",00445tP34GOx8n,False,141,0,0,80.28675,67.76,0.0,0.0,5.27,32.71,https://y.gtimg.cn/music/photo_new/T002R500x500M000003lKa1y3gVIvi_1.jpg
202629,第29期（07.20-07.26）,2026-07-20,2026-07-26,161,480650225,疯狂爱人,汪苏泷,001ObIOx0ODZvP,False,161,0,0,80.28322,63.52,0.0,0.0,4.24,44.32,https://y.gtimg.cn/music/photo_new/T002R500x500M000000A1M903iHvyT_4.jpg
202629,第29期（07.20-07.26）,2026-07-20,2026-07-26,162,533091713,怎么两清（做回甲乙丙丁）,欢子,003vHvQJ4WWyuJ,False,0,0,0,80.28259,68.66,0.0,0.0,5.74,20.87,https://y.gtimg.cn/music/photo_new/T002R500x500M0000014nuEU3rdpSA_1.jpg
202629,第29期（07.20-07.26）,2026-07-20,2026-07-26,163,525085674,In My Head,MIKS,000b8pg62ENzDu,False,105,0,0,80.22642,69.29,0.0,0.0,1.61,7.53,https://y.gtimg.cn/music/photo_new/T002R500x500M000003c6Y8R0h0KJ2_1.jpg
202629,第29期（07.20-07.26）,2026-07-20,2026-07-26,164,517370193,怎么能,侯明昊,003NyZSD2d3zPD,False,154,0,0,80.16562,60.44,0.0,0.0,9.95,47.2,https://y.gtimg.cn/music/photo_new/T002R500x500M000000SnDwr12zILh_2.jpg
202629,第29期（07.20-07.26）,2026-07-20,2026-07-26,165,512483930,满纸,阿鲲,001ifLic2K9S9m,False,170,0,0,80.16551,65.52,0.0,0.0,23.55,33.43,https://y.gtimg.cn/music/photo_new/T002R500x500M000003ZuKKp2FKC3S_1.jpg
202629,第29期（07.20-07.26）,2026-07-20,2026-07-26,166,490409162,满心愧疚 ,金润吉,003ht8Pb1OsDla,False,151,0,0,80.1372,67.94,0.0,0.0,11.14,16.6,https://y.gtimg.cn/music/photo_new/T002R500x500M000000cpsDu4LdGQl_1.jpg
202629,第29期（07.20-07.26）,2026-07-20,2026-07-26,167,513759604,何故,刘宇宁,004SKGhv0yCThR,False,165,0,0,80.05915,62.55,0.0,0.0,11.1,43.96,https://y.qq.com/music/photo_new/T062R500x500M0000039N97f1Tefsr.jpg
202629,第29期（07.20-07.26）,2026-07-20,2026-07-26,168,493167498,着火的沉默世界,鞠婧祎,001hEuIs1wa2cl,False,185,0,0,80.03086,57.7,0.0,0.0,2.79,49.08,https://y.gtimg.cn/music/photo_new/T002R500x500M000004KDXGi1hJ81f_1.jpg
202629,第29期（07.20-07.26）,2026-07-20,2026-07-26,169,531353214,乐此不疲,陈伟霆,002X5EiS0uAdZb,False,77,0,0,80.00515,61.99,0.0,0.0,3.01,45.31,https://y.gtimg.cn/music/photo_new/T002R500x500M000002MRWBb0HhAAO_1.jpg
202629,第29期（07.20-07.26）,2026-07-20,2026-07-26,170,491667172,我把心事说给风,卡带森林,000OQmxP3RSXvi,False,156,0,0,79.4943,64.24,0.0,0.0,25.51,31.48,https://y.gtimg.cn/music/photo_new/T002R500x500M000000IRsNV4XLaqL_1.jpg
202629,第29期（07.20-07.26）,2026-07-20,2026-07-26,171,532132066,爱上你不是我决定,"萧敬腾,A-Lin",003OqX3q1zfyWc,False,0,0,0,79.48916,66.86,0.0,0.0,1.79,29.21,https://y.gtimg.cn/music/photo_new/T002R500x500M000002SmGro3c7ENS_1.jpg
202629,第29期（07.20-07.26）,2026-07-20,2026-07-26,172,513260499,FIND THE WAY,鞠婧祎,00437uBu1XnGlr,False,166,0,0,79.40211,62.14,0.0,0.0,9.28,43.37,https://y.gtimg.cn/music/photo_new/T002R500x500M000003Dwzfn4263MZ_1.jpg
202629,第29期（07.20-07.26）,2026-07-20,2026-07-26,173,531107833,多年不见你过的好吗,洛琦,0048j6ba4I223C,False,0,0,0,79.14581,67.6,0.0,0.0,0.85,3.24,https://y.gtimg.cn/music/photo_new/T002R500x500M000003KpQnE4I6voF_1.jpg
202629,第29期（07.20-07.26）,2026-07-20,2026-07-26,174,531874518,选择题,鹭卓,002ywSq61rnSBt,False,52,0,0,79.1446,60.09,0.0,0.0,2.28,46.27,https://y.gtimg.cn/music/photo_new/T002R500x500M000002c83pC3o9r3T_1.jpg
202629,第29期（07.20-07.26）,2026-07-20,2026-07-26,175,513183077,忽略不计,许嵩,002ALgtr2b2Rdm,False,174,0,0,79.10139,65.34,0.0,0.0,4.35,35.49,https://y.gtimg.cn/music/photo_new/T002R500x500M000001Oqn952HAPRk_1.jpg
202629,第29期（07.20-07.26）,2026-07-20,2026-07-26,176,534736199,Go 4 It! 就在此刻,"希林娜依高,LABUBU",003lRSLZ0ujhzI,False,0,0,0,78.68549,62.7,0.0,0.0,2.64,42.07,https://y.gtimg.cn/music/photo_new/T002R500x500M000002SXsW130LJED_1.jpg
202629,第29期（07.20-07.26）,2026-07-20,2026-07-26,177,511768934,我在意的,单依纯,003H0CGe1vL66I,False,169,0,0,78.68536,62.57,0.0,0.0,2.64,42.23,https://y.gtimg.cn/music/photo_new/T002R500x500M000000IAfgq0N42nF_1.jpg
202629,第29期（07.20-07.26）,2026-07-20,2026-07-26,178,491206570,不再回头,付豪,003N7hJM4TsWfw,False,192,0,0,78.3764,65.53,0.0,0.0,8.09,15.84,https://y.gtimg.cn/music/photo_new/T002R500x500M00000255on64euYQH_2.jpg
202629,第29期（07.20-07.26）,2026-07-20,2026-07-26,179,532404571,可以不难过,海来阿木,003GvjEH1LmVDt,False,190,0,0,78.32057,62.26,0.0,0.0,7.31,41.49,https://y.gtimg.cn/music/photo_new/T002R500x500M0000040CKrS34xIYd_3.jpg
202629,第29期（07.20-07.26）,2026-07-20,2026-07-26,180,491362536,撞地球,刘宇宁,002dbfiy0u7BgF,False,181,0,0,78.25476,60.35,0.0,0.0,5.09,44.06,https://y.gtimg.cn/music/photo_new/T002R500x500M000000pBsrn0IgUVR_1.jpg
202629,第29期（07.20-07.26）,2026-07-20,2026-07-26,181,511757784,亲爱的你，好久不见,"黄子弘凡,黄霄雲,孙楠,谭松韵,王铮亮,杨丞琳,姚晓棠,曾舜晞",00357t7Q2cECO8,False,195,0,0,78.22025,61.24,0.0,0.0,3.23,43.04,https://y.gtimg.cn/music/photo_new/T002R500x500M000000aAeO742o2xC_1.jpg
202629,第29期（07.20-07.26）,2026-07-20,2026-07-26,182,533106155,行舟,王青,004E2cw11gD3rO,False,0,0,0,78.09852,61.86,0.0,0.0,18.53,40.44,https://y.gtimg.cn/music/photo_new/T002R500x500M000001LdjQV1lJiRr_1.jpg
202629,第29期（07.20-07.26）,2026-07-20,2026-07-26,183,532518888,都有这一天,"老中青民谣,小巷先生",000hceWt1DIler,False,0,0,0,78.04291,63.63,0.0,0.0,1.94,38.8,https://y.gtimg.cn/music/photo_new/T002R500x500M000002CgPwJ1Sz9aU_1.jpg
202629,第29期（07.20-07.26）,2026-07-20,2026-07-26,184,534969021,如果宇宙有答案,黄子弘凡,002qTvDL3ztpXl,False,0,0,0,77.88731,50.38,0.0,0.0,22.5,46.39,https://y.gtimg.cn/music/photo_new/T002R500x500M000002MComh0oKPHg_1.jpg
202629,第29期（07.20-07.26）,2026-07-20,2026-07-26,185,531377175,破晓,十个勤天,0040bFEa46eiwG,False,127,0,0,77.88566,56.69,0.0,0.0,2.11,45.74,https://y.gtimg.cn/music/photo_new/T002R500x500M000003jlUc82XQcof_1.jpg
202629,第29期（07.20-07.26）,2026-07-20,2026-07-26,186,489778705,Come What May,王力宏,00228bN72yDnTM,False,186,0,0,77.78734,62.12,0.0,0.0,11.25,40.3,https://y.gtimg.cn/music/photo_new/T002R500x500M000000S79v91L2U6W_1.jpg
202629,第29期（07.20-07.26）,2026-07-20,2026-07-26,187,531452780,我那么爱你怎么说忘就能忘,洋澜一,000dGaDs1MuYfd,False,178,0,0,77.66039,64.22,0.0,0.0,7.17,23.76,https://y.gtimg.cn/music/photo_new/T002R500x500M000000OGtfB3RtxiT_1.jpg
202629,第29期（07.20-07.26）,2026-07-20,2026-07-26,188,530827080,止不住想念（长夜漫漫孤单）,"素音,痴情小杰",002jcYaS3KDd1a,False,0,0,0,77.53964,64.8,0.0,0.0,1.9,17.78,https://y.gtimg.cn/music/photo_new/T002R500x500M000004GUEKI0DLc48_1.jpg
202629,第29期（07.20-07.26）,2026-07-20,2026-07-26,189,531088711,炙光,"张碧晨,侯明昊",000cuQPZ0n0D1B,False,172,0,0,77.51117,62.5,0.0,0.0,4.9,39.94,https://y.qq.com/music/photo_new/T062R500x500M000004GHilm2q2DjB.jpg
202629,第29期（07.20-07.26）,2026-07-20,2026-07-26,190,534194774,剧本之外,张彬彬,0018DxS14JLLMs,False,0,0,0,77.36655,52.19,0.0,0.0,37.29,39.9,https://y.gtimg.cn/music/photo_new/T002R500x500M000002YdNeZ0ENytt_1.jpg
202629,第29期（07.20-07.26）,2026-07-20,2026-07-26,191,516829621,定玄,"鸣潮先约电台,黄霄雲,杨秉音",001XB38U0c31Hk,False,184,0,0,77.36577,62.56,0.0,0.0,0.58,40.1,https://y.gtimg.cn/music/photo_new/T002R500x500M00000087mKB1xbyP2_1.jpg
202629,第29期（07.20-07.26）,2026-07-20,2026-07-26,192,530732609,梦中的阿哥,梅度,003e2ZAa32mybA,False,158,0,0,77.30888,62.37,0.0,0.0,11.07,34.87,https://y.gtimg.cn/music/photo_new/T002R500x500M000000bmqZw0jSGvI_2.jpg
202629,第29期（07.20-07.26）,2026-07-20,2026-07-26,193,507698529,我不哭,王栎鑫,001aOKKO2hKwPS,False,0,0,0,77.21976,63.36,0.0,0.0,7.39,27.22,https://y.gtimg.cn/music/photo_new/T002R500x500M000004NsgMq3MP454_2.jpg
202629,第29期（07.20-07.26）,2026-07-20,2026-07-26,194,512029569,曾经,丁禹兮,000oZ1Wv2I3ZIG,False,198,0,0,77.21506,62.71,0.0,0.0,6.71,34.02,https://y.gtimg.cn/music/photo_new/T002R500x500M0000035gLmv3onPz1_2.jpg
202629,第29期（07.20-07.26）,2026-07-20,2026-07-26,195,531066631,我爱上一个女孩,李幼白,002ta8Fu2Eabuz,False,0,0,0,77.20453,62.78,0.0,0.0,0.73,37.13,https://y.gtimg.cn/music/photo_new/T002R500x500M000001f1Q7T0ayUTb_1.jpg
202629,第29期（07.20-07.26）,2026-07-20,2026-07-26,196,532417393,长眠,Suki刘舒妤,003dOpTK1UWY19,False,0,0,0,77.11607,62.0,0.0,0.0,2.96,40.13,https://y.gtimg.cn/music/photo_new/T002R500x500M0000013LkPN1sfF5S_2.jpg
202629,第29期（07.20-07.26）,2026-07-20,2026-07-26,197,515816882,Tiger in my love,奥利,002x1oFS12S5RS,False,0,0,0,77.10735,56.82,0.0,0.0,30.1,40.3,https://y.gtimg.cn/music/photo_new/T002R500x500M000003cHkcp2kzOpo_1.jpg
202629,第29期（07.20-07.26）,2026-07-20,2026-07-26,198,530877887,他她,"励志豪,神勇尼尼",00480PVf2aXUBg,False,0,0,0,76.98295,63.09,0.0,0.0,6.08,28.04,https://y.gtimg.cn/music/photo_new/T002R500x500M000000RaqfQ29Qxh9_1.jpg
202629,第29期（07.20-07.26）,2026-07-20,2026-07-26,199,532849101,见山,水木年华,0001S9B80rOMyG,False,0,0,0,76.95268,63.41,0.0,0.0,7.86,20.14,https://y.gtimg.cn/music/photo_new/T002R500x500M000003VYV1y03oDlg_1.jpg
202629,第29期（07.20-07.26）,2026-07-20,2026-07-26,200,493212272,潜到海底说爱你,万妮达Vinida Weng,003vLg6w0IMQya,False,0,0,0,76.80848,63.77,0.0,0.0,0.39,20.87,https://y.gtimg.cn/music/photo_new/T002R500x500M000000OVfpX3qfz3Z_3.jpg
202630,第30期（07.27-08.02）,2026-07-27,2026-08-02,1,535040270,唯我论者的独白,马嘉祺,001pfooo4GOPDm,True,0,1,1,99.39273,90.31,0.0,0.0,99.65,95.98,https://y.gtimg.cn/music/photo_new/T002R500x500M000002SyJWd06jbh4_1.jpg
202630,第30期（07.27-08.02）,2026-07-27,2026-08-02,2,535314845,如约,周深,000uTZAI1djRlw,False,4,2,2,97.04272,81.16,0.0,0.0,75.08,90.49,https://y.gtimg.cn/music/photo_new/T002R500x500M0000007zt0H0BXeMQ_1.jpg
202630,第30期（07.27-08.02）,2026-07-27,2026-08-02,3,535881027,失重色,世勋,000lRPjD2F038X,True,0,1,3,96.86356,76.36,0.0,0.0,86.71,84.26,https://y.gtimg.cn/music/photo_new/T002R500x500M0000014Z9nm2HwRfC_1.jpg
202630,第30期（07.27-08.02）,2026-07-27,2026-08-02,4,495731462,宇宙游乐场,梓渝,003xi4dG0HPhN3,False,3,9,1,96.49266,70.46,0.0,0.0,52.39,87.44,https://y.gtimg.cn/music/photo_new/T002R500x500M000001YF9mT23fsBQ_1.jpg
202630,第30期（07.27-08.02）,2026-07-27,2026-08-02,5,509534822,我想,刘宇宁,004BV00w11Ysvm,False,5,8,3,96.0426,70.71,0.0,0.0,26.3,83.88,https://y.gtimg.cn/music/photo_new/T002R500x500M000002lkcEK0ztfwR_1.jpg
202630,第30期（07.27-08.02）,2026-07-27,2026-08-02,6,452195789,不渝,梓渝,000TyQAA0jYDlU,False,8,33,1,95.81951,62.21,0.0,0.0,37.85,82.73,https://y.gtimg.cn/music/photo_new/T002R500x500M000001bXK7t4Q576w_1.jpg
202630,第30期（07.27-08.02）,2026-07-27,2026-08-02,7,521117665,甲乙丙丁 (你我怎么两清),李佳薇,002AZauQ1UKQxe,False,9,5,7,95.72971,90.96,0.0,0.0,49.54,63.25,https://y.gtimg.cn/music/photo_new/T002R500x500M00000446QRA1fTdqA_2.jpg
202630,第30期（07.27-08.02）,2026-07-27,2026-08-02,8,535328619,见山河,刘宇宁,001jvmwK3BYxpT,True,0,1,8,95.65387,71.53,0.0,0.0,52.09,81.66,https://y.gtimg.cn/music/photo_new/T002R500x500M000002g8Zeb2DyMhE_1.jpg
202630,第30期（07.27-08.02）,2026-07-27,2026-08-02,9,533373322,Cold Blooded,严浩翔,001uODJ03jwbpe,False,1,2,1,95.38953,67.26,0.0,0.0,52.33,80.8,https://y.qq.com/music/photo_new/T062R500x500M0000001dgoc1T2sbP.jpg
202630,第30期（07.27-08.02）,2026-07-27,2026-08-02,10,515779632,Steal The Moon,王俊凯,0041rMW52UcUDL,False,7,6,1,95.14389,71.45,0.0,0.0,42.37,79.76,https://y.qq.com/music/photo_new/T062R500x500M000002Z67Ce1Dtijs.jpg
202630,第30期（07.27-08.02）,2026-07-27,2026-08-02,11,533494826,山风山风等等我,万海东,0012TY2n0qQurs,True,102,1,11,93.47084,86.02,0.0,0.0,55.24,58.18,https://y.gtimg.cn/music/photo_new/T002R500x500M000002O92eu0Jubpi_3.jpg
202630,第30期（07.27-08.02）,2026-07-27,2026-08-02,12,476979934,大江南,刀郎,00353J6U0acVVf,False,13,19,9,93.39188,64.93,0.0,0.0,40.32,76.71,https://y.gtimg.cn/music/photo_new/T002R500x500M0000042UNmv3tjqE2_1.jpg
202630,第30期（07.27-08.02）,2026-07-27,2026-08-02,13,522467109,生日不快乐,张艺兴,001PSlNu3003Td,True,0,1,13,93.34744,70.52,0.0,0.0,61.48,75.39,https://y.gtimg.cn/music/photo_new/T002R500x500M000001w138z3PZEcz_1.jpg
202630,第30期（07.27-08.02）,2026-07-27,2026-08-02,14,528886869,吹吹山顶的风,巴扎黑,00300Opj0ekd7M,False,12,4,12,93.06585,85.78,0.0,0.0,59.05,48.0,https://y.gtimg.cn/music/photo_new/T002R500x500M000003fdCjM2I4CYg_4.jpg
202630,第30期（07.27-08.02）,2026-07-27,2026-08-02,15,490979740,玻璃,Gareth.T,001brxL63DYjSr,False,14,11,2,93.00712,86.36,0.0,0.0,29.08,52.58,https://y.gtimg.cn/music/photo_new/T002R500x500M000002kIED92uw8L5_1.jpg
202630,第30期（07.27-08.02）,2026-07-27,2026-08-02,16,495624493,梦哑,任然,003WHs6a1qmOeG,False,15,6,15,92.74686,85.72,0.0,0.0,21.9,57.0,https://y.gtimg.cn/music/photo_new/T002R500x500M000000JotAZ2WZEkq_1.jpg
202630,第30期（07.27-08.02）,2026-07-27,2026-08-02,17,536395629,也许你就在对岸,张杰,001C6jX625yhUv,True,0,1,17,92.26905,79.33,0.0,0.0,51.17,70.78,https://y.gtimg.cn/music/photo_new/T002R500x500M000002iSmQU4DC9Eu_2.jpg
202630,第30期（07.27-08.02）,2026-07-27,2026-08-02,18,534467920,云儿,喻言,0004am9z0JNbXr,False,66,2,18,92.13943,63.59,0.0,0.0,63.39,72.28,https://y.qq.com/music/photo_new/T062R500x500M0000000DBkm13Yu2I.jpg
202630,第30期（07.27-08.02）,2026-07-27,2026-08-02,19,474412512,那天下雨了,周杰伦,0044SaFh0apuR2,False,16,19,2,92.01096,83.46,0.0,0.0,42.01,58.65,https://y.gtimg.cn/music/photo_new/T002R500x500M0000041WVfh2vtlJE_1.jpg
202630,第30期（07.27-08.02）,2026-07-27,2026-08-02,20,476300984,无人乐园,王俊凯,004BsuOC1hamlB,False,78,19,1,92.00858,70.08,0.0,0.0,27.5,74.2,https://y.qq.com/music/photo_new/T062R500x500M000002ExhNX0VO1Mc.jpg
202630,第30期（07.27-08.02）,2026-07-27,2026-08-02,21,293603181,小美满,周深,002QvWwX1BG9mr,False,20,130,1,91.85858,79.56,0.0,0.0,35.98,70.2,https://y.gtimg.cn/music/photo_new/T002R500x500M0000002ATV00WcBgd_2.jpg
202630,第30期（07.27-08.02）,2026-07-27,2026-08-02,22,199985272,花开忘忧,周深,004czGF42WSgko,False,21,204,1,91.76614,71.64,0.0,0.0,26.35,73.12,https://y.gtimg.cn/music/photo_new/T002R500x500M000001rb1ah0bFKMo_1.jpg
202630,第30期（07.27-08.02）,2026-07-27,2026-08-02,23,385505856,像晴天像雨天,汪苏泷,003sZs4P2hFUVQ,False,19,77,6,91.48019,77.98,0.0,0.0,28.7,70.01,https://y.gtimg.cn/music/photo_new/T002R500x500M000001V8PDy1om05K_1.jpg
202630,第30期（07.27-08.02）,2026-07-27,2026-08-02,24,532442337,全世界的雨,"周深,Ella陈嘉桦",000R5lKk0KJBgG,False,2,3,2,91.46699,81.22,0.0,0.0,37.14,61.85,https://y.gtimg.cn/music/photo_new/T002R500x500M000003K9rwV09UxLk_1.jpg
202630,第30期（07.27-08.02）,2026-07-27,2026-08-02,25,447308818,街角的晚风,陈小春,001e2FJz3QXaf0,False,18,34,5,91.41671,83.13,0.0,0.0,46.72,40.13,https://y.gtimg.cn/music/photo_new/T002R500x500M0000028jKt80PGmlB_4.jpg
202630,第30期（07.27-08.02）,2026-07-27,2026-08-02,26,501946792,云絮低语,云朵,000X5dVy0AaZKa,False,28,5,26,91.09622,62.24,0.0,0.0,58.48,70.44,https://y.gtimg.cn/music/photo_new/T002R500x500M000000BlY9Z3Nrr3g_1.jpg
202630,第30期（07.27-08.02）,2026-07-27,2026-08-02,27,475529076,Fever Pitch,Richz,000WhoSx0Wpvog,False,23,12,22,91.02278,82.44,0.0,0.0,35.44,37.26,https://y.gtimg.cn/music/photo_new/T002R500x500M0000013EMSw3bvHuu_1.jpg
202630,第30期（07.27-08.02）,2026-07-27,2026-08-02,28,466598714,人间共鸣,李健,001ve92b4N7wT1,False,42,25,4,90.98251,80.49,0.0,0.0,45.8,55.46,https://y.gtimg.cn/music/photo_new/T002R500x500M000003RVJjp1svtyz_1.jpg
202630,第30期（07.27-08.02）,2026-07-27,2026-08-02,29,458320813,Someone Like You,张真源,004TaA831D40QG,False,38,29,1,90.86682,53.12,0.0,0.0,27.96,71.83,https://y.gtimg.cn/music/photo_new/T002R500x500M000002P1zsF2O3TDF_1.jpg
202630,第30期（07.27-08.02）,2026-07-27,2026-08-02,30,536275931,听无声处,周深,002SAARr0ebrGS,True,0,1,30,90.83673,71.02,0.0,0.0,62.65,62.7,https://y.qq.com/music/photo_new/T062R500x500M000004Ym4111EqoVs.jpg
202630,第30期（07.27-08.02）,2026-07-27,2026-08-02,31,486022788,两世洞天,黄星,001rRVzh2m7RJB,False,39,9,15,90.8195,51.18,0.0,0.0,12.01,71.91,https://y.gtimg.cn/music/photo_new/T002R500x500M0000001ze381iKWmo_2.jpg
202630,第30期（07.27-08.02）,2026-07-27,2026-08-02,32,463774753,Colder,蔡徐坤,00400RDv0ozgWg,False,65,26,2,90.75312,54.94,0.0,0.0,69.46,58.0,https://y.gtimg.cn/music/photo_new/T002R500x500M000003Q9it10RWLId_2.jpg
202630,第30期（07.27-08.02）,2026-07-27,2026-08-02,33,533095371,媚人,薛之谦,001Fk1hB2OWZYH,False,17,3,8,90.68276,78.93,0.0,0.0,27.94,60.38,https://y.gtimg.cn/music/photo_new/T002R500x500M000002vfBmm41fIRe_1.jpg
202630,第30期（07.27-08.02）,2026-07-27,2026-08-02,34,535357816,Rock All Night,袁一琦,003AjrRg4fPZTt,True,137,1,34,90.6596,54.26,0.0,0.0,30.15,71.15,https://y.gtimg.cn/music/photo_new/T002R500x500M000003qltM2469LMm_2.jpg
202630,第30期（07.27-08.02）,2026-07-27,2026-08-02,35,522467101,讨厌情歌,张艺兴,004QdItR3OzS3J,True,0,1,35,90.64585,73.23,0.0,0.0,64.0,54.38,https://y.gtimg.cn/music/photo_new/T002R500x500M000001w138z3PZEcz_1.jpg
202630,第30期（07.27-08.02）,2026-07-27,2026-08-02,36,522467105,北京的雨,张艺兴,002ubhKy3qBLES,False,11,3,11,90.64397,72.86,0.0,0.0,65.04,52.61,https://y.qq.com/music/photo_new/T062R500x500M0000004cYUv1WOARD.jpg
202630,第30期（07.27-08.02）,2026-07-27,2026-08-02,37,463774751,Don't Call (feat. Free Nationals),蔡徐坤,004O0a1f4T0RI8,False,91,24,3,90.55399,54.13,0.0,0.0,69.56,53.23,https://y.gtimg.cn/music/photo_new/T002R500x500M000003Q9it10RWLId_2.jpg
202630,第30期（07.27-08.02）,2026-07-27,2026-08-02,38,478777514,有风的日落,万海东,0046Ffh90pkMOs,False,30,12,15,90.41142,80.51,0.0,0.0,38.63,32.61,https://y.gtimg.cn/music/photo_new/T002R500x500M000003ifChN0R3y1H_1.jpg
202630,第30期（07.27-08.02）,2026-07-27,2026-08-02,39,480678966,静音恋人 (两颗缠绕的心),礼越,0046UbDu4Lyebe,False,29,10,18,90.35829,80.28,0.0,0.0,29.01,43.62,https://y.gtimg.cn/music/photo_new/T002R500x500M0000002luCJ26Yi4n_2.jpg
202630,第30期（07.27-08.02）,2026-07-27,2026-08-02,40,515816984,奢求,"淑元,奥利",001nakHM1NXviz,True,0,1,40,90.35223,55.41,0.0,0.0,64.86,59.09,https://y.gtimg.cn/music/photo_new/T002R500x500M000000bufPC2m8y5E_1.jpg
202630,第30期（07.27-08.02）,2026-07-27,2026-08-02,41,533494200,Glue,希林娜依高,000Q9lzD0ag0YJ,True,0,1,41,90.25608,71.44,0.0,0.0,45.47,63.47,https://y.gtimg.cn/music/photo_new/T002R500x500M000003RLC1r1I8Y7u_1.jpg
202630,第30期（07.27-08.02）,2026-07-27,2026-08-02,42,537404490,耀眼的我们,周深,002JZCyb4ORwy7,True,0,1,42,90.22975,65.19,0.0,0.0,61.92,58.63,https://y.qq.com/music/photo_new/T062R500x500M000000UcSCT2174o4.jpg
202630,第30期（07.27-08.02）,2026-07-27,2026-08-02,43,532441524,过海,"王赫野,黄龄",003DEzAQ3HSB9l,False,50,2,43,90.21826,78.8,0.0,0.0,24.74,50.68,https://y.gtimg.cn/music/photo_new/T002R500x500M000003sDdGY2FtUY2_1.jpg
202630,第30期（07.27-08.02）,2026-07-27,2026-08-02,44,480650227,写故事的人,汪苏泷,0028t0n12nBn9U,False,31,6,13,90.19932,78.15,0.0,0.0,26.04,52.58,https://y.gtimg.cn/music/photo_new/T002R500x500M000000A1M903iHvyT_4.jpg
202630,第30期（07.27-08.02）,2026-07-27,2026-08-02,45,537633785,异常加载中,"TF家族,TF家族-张桂源,TF家族-张函瑞,TF家族-王橹杰,TF家族-左奇函,TF家族-陈奕恒,TF家族-杨博文,TF家族-陈思罕,TF家族-陈浚铭",002Agcje4enxFb,True,0,1,45,90.13686,61.84,0.0,0.0,31.4,67.43,https://y.gtimg.cn/music/photo_new/T002R500x500M000000bjZ7v0vnJHl_1.jpg
202630,第30期（07.27-08.02）,2026-07-27,2026-08-02,46,499329279,山歌追上云朵,央金拉姆,004RglME1g9lJV,False,47,8,39,90.05932,77.49,0.0,0.0,41.76,47.13,https://y.gtimg.cn/music/photo_new/T002R500x500M000004N13wG44oqY1_1.jpg
202630,第30期（07.27-08.02）,2026-07-27,2026-08-02,47,531112810,周旋,"王以太,艾热AIR",0009cN231s93BH,False,27,3,27,90.04615,77.81,0.0,0.0,11.07,51.37,https://y.gtimg.cn/music/photo_new/T002R500x500M000000TFXPO1bLY2u_1.jpg
202630,第30期（07.27-08.02）,2026-07-27,2026-08-02,48,511364187,挽红纱,"龚琳娜,张云雷",000QQHy712ZX4T,False,33,7,7,90.04088,61.58,0.0,0.0,10.57,67.3,https://y.gtimg.cn/music/photo_new/T002R500x500M000000r1HER3uMIFZ_1.jpg
202630,第30期（07.27-08.02）,2026-07-27,2026-08-02,49,515780030,真相,王俊凯,004WWjMC2Dt1ip,False,111,5,5,89.55613,67.35,0.0,0.0,30.29,63.91,https://y.qq.com/music/photo_new/T062R500x500M000004YwMvf2ekLnQ.jpg
202630,第30期（07.27-08.02）,2026-07-27,2026-08-02,50,487550585,主角,王菲,001uywZc1PxmVv,False,40,13,11,89.44373,77.62,0.0,0.0,38.85,41.09,https://y.gtimg.cn/music/photo_new/T002R500x500M0000014oHsO311mVp_1.jpg
202630,第30期（07.27-08.02）,2026-07-27,2026-08-02,51,533897410,汹涌,吴莫愁,003zLeSq0V2ECp,True,0,1,51,88.88898,75.91,0.0,0.0,9.87,53.44,https://y.gtimg.cn/music/photo_new/T002R500x500M000003mTx4M2vjsxl_1.jpg
202630,第30期（07.27-08.02）,2026-07-27,2026-08-02,52,474412516,爱琴海,周杰伦,003WPrjL4dimFE,False,56,19,4,88.87008,77.67,0.0,0.0,27.23,40.67,https://y.gtimg.cn/music/photo_new/T002R500x500M0000041WVfh2vtlJE_1.jpg
202630,第30期（07.27-08.02）,2026-07-27,2026-08-02,53,535195004,竞速游戏,TOP登陆少年组合,002cmsGd2ClwVJ,False,26,2,26,88.84853,75.59,0.0,0.0,35.02,51.94,https://y.gtimg.cn/music/photo_new/T002R500x500M000000ji8iX05RUPt_1.jpg
202630,第30期（07.27-08.02）,2026-07-27,2026-08-02,54,515804613,8DM,"V8,徐明浩",001gPXbo2gpbbH,False,34,5,12,88.5064,50.85,0.0,0.0,23.94,65.48,https://y.gtimg.cn/music/photo_new/T002R500x500M000000rDsrP3UzzFm_1.jpg
202630,第30期（07.27-08.02）,2026-07-27,2026-08-02,55,518582456,相思锁,张真源,000EQX6y3kMOYI,False,62,5,2,88.29153,69.61,0.0,0.0,44.45,59.05,https://y.gtimg.cn/music/photo_new/T002R500x500M000003YtOnb3UDtqO_2.jpg
202630,第30期（07.27-08.02）,2026-07-27,2026-08-02,56,535281936,回望,林墨,000TA5Dd05A9Rm,True,0,1,56,87.9223,54.38,0.0,0.0,61.8,50.32,https://y.gtimg.cn/music/photo_new/T002R500x500M000004av63W1v5RYK_1.jpg
202630,第30期（07.27-08.02）,2026-07-27,2026-08-02,57,536573515,放弃的界限,张敬轩,004A3P4m3iHPY8,True,0,1,57,87.91601,67.84,0.0,0.0,26.9,61.3,https://y.gtimg.cn/music/photo_new/T002R500x500M000000El1e90HegZ3_1.jpg
202630,第30期（07.27-08.02）,2026-07-27,2026-08-02,58,530399436,Badi Badi,王俊凯,003DPd5i2qrCU7,False,54,4,7,87.78244,73.01,0.0,0.0,40.41,52.79,https://y.qq.com/music/photo_new/T062R500x500M00000263WWe1mlRaa.jpg
202630,第30期（07.27-08.02）,2026-07-27,2026-08-02,59,536263330,花落花,陈少熙,000qYKux2Ndmue,True,0,1,59,87.73403,67.89,0.0,0.0,21.78,61.23,https://y.gtimg.cn/music/photo_new/T002R500x500M000001xHj3E16iEe3_1.jpg
202630,第30期（07.27-08.02）,2026-07-27,2026-08-02,60,524476063,一直下,陈宇祥,002GlLlX2IsyYr,False,60,3,60,87.58884,77.21,0.0,0.0,6.91,19.52,https://y.gtimg.cn/music/photo_new/T002R500x500M0000036ad3O39VsR1_1.jpg
202630,第30期（07.27-08.02）,2026-07-27,2026-08-02,61,463431785,巴拉莱卡（The Rod）,门尼,004cIIT23E42Bi,False,64,19,19,87.5231,76.17,0.0,0.0,25.17,42.57,https://y.qq.com/music/photo_new/T062R500x500M000000KuGDR0MKlCb.jpg
202630,第30期（07.27-08.02）,2026-07-27,2026-08-02,62,512101294,人间的剧本,老韩很哇塞,001Pa1g53DmNQ3,False,57,5,57,87.4608,75.63,0.0,0.0,40.27,40.8,https://y.gtimg.cn/music/photo_new/T002R500x500M000002F2Rfl3kTcYx_2.jpg
202630,第30期（07.27-08.02）,2026-07-27,2026-08-02,63,480650228,让你知道,"汪苏泷,G.E.M. 邓紫棋",002V5FGl3Wga6v,False,63,6,11,87.23059,74.14,0.0,0.0,7.21,52.52,https://y.gtimg.cn/music/photo_new/T002R500x500M000000A1M903iHvyT_4.jpg
202630,第30期（07.27-08.02）,2026-07-27,2026-08-02,64,530004147,红尘慌慌,周深,003ARFyH2himMe,False,67,4,1,87.18693,72.68,0.0,0.0,22.1,54.27,https://y.qq.com/music/photo_new/T062R500x500M000002P5PQ93Mb5a2.jpg
202630,第30期（07.27-08.02）,2026-07-27,2026-08-02,65,471987459,无趣生活指南,宋亚轩,004MTdEu3oB5ZR,False,76,21,1,86.57931,59.44,0.0,0.0,13.33,61.82,https://y.gtimg.cn/music/photo_new/T002R500x500M000003Lv1d94F8P3W_1.jpg
202630,第30期（07.27-08.02）,2026-07-27,2026-08-02,66,522436401,爱谁谁,张艺兴,0022DCpn01uwgJ,False,36,5,4,86.26488,59.02,0.0,0.0,60.48,42.14,https://y.gtimg.cn/music/photo_new/T002R500x500M000001w138z3PZEcz_1.jpg
202630,第30期（07.27-08.02）,2026-07-27,2026-08-02,67,466782905,梦底,海来阿木,001bG0HK1bhUgX,False,74,22,9,86.16954,75.18,0.0,0.0,27.24,37.24,https://y.qq.com/music/photo_new/T062R500x500M000002Lcths3JW6kx.jpg
202630,第30期（07.27-08.02）,2026-07-27,2026-08-02,68,521720356,疑疑疑,王俊凯,003Y82u91ZIDmO,False,68,5,3,86.09606,71.21,0.0,0.0,34.66,51.22,https://y.qq.com/music/photo_new/T062R500x500M000001RGf6N2Plzq6.jpg
202630,第30期（07.27-08.02）,2026-07-27,2026-08-02,69,467620041,吉量,周深,004VCyBy391azx,False,93,24,1,86.08364,68.7,0.0,0.0,21.51,56.18,https://y.gtimg.cn/music/photo_new/T002R500x500M0000010e79v0CExQN_2.jpg
202630,第30期（07.27-08.02）,2026-07-27,2026-08-02,70,464961899,失眠了,吴琳珂Moske,001TbwI91Lu6kB,False,85,23,19,85.96521,75.32,0.0,0.0,2.39,40.29,https://y.gtimg.cn/music/photo_new/T002R500x500M000001Eq1Sr22DGRf_1.jpg
202630,第30期（07.27-08.02）,2026-07-27,2026-08-02,71,532831826,ZESTY,袁一琦,004Ymb8G1GWzPk,False,25,3,6,85.91132,60.4,0.0,0.0,15.87,60.52,https://y.gtimg.cn/music/photo_new/T002R500x500M000003qltM2469LMm_2.jpg
202630,第30期（07.27-08.02）,2026-07-27,2026-08-02,72,513694560,最后的借口,"h3R3刘清云,罗可Lorkin",0009ekdK2Ilzld,False,88,4,72,85.86076,75.05,0.0,0.0,11.7,40.65,https://y.gtimg.cn/music/photo_new/T002R500x500M0000031yTwA0yq3b5_1.jpg
202630,第30期（07.27-08.02）,2026-07-27,2026-08-02,73,474678725,宠,檀健次,004F7UlD2YXJtR,False,86,20,10,85.85033,62.35,0.0,0.0,20.2,59.5,https://y.gtimg.cn/music/photo_new/T002R500x500M000001pEKRz4LW4Vx_1.jpg
202630,第30期（07.27-08.02）,2026-07-27,2026-08-02,74,517395426,问爱,Yamy郭颖,002oGI0x1Go47u,True,129,1,74,85.80571,74.46,0.0,0.0,13.24,42.49,https://y.gtimg.cn/music/photo_new/T002R500x500M000000nsQXX2AYOBd_1.jpg
202630,第30期（07.27-08.02）,2026-07-27,2026-08-02,75,477383450,一千一万朵,马嘉祺,003TNscL2TONPZ,False,6,17,6,85.72223,65.47,0.0,0.0,52.02,46.15,https://y.qq.com/music/photo_new/T062R500x500M000003CK5IN3d5z55.jpg
202630,第30期（07.27-08.02）,2026-07-27,2026-08-02,76,522436396,Higher,张艺兴,00283SX10LVsSP,False,46,5,5,85.66326,57.72,0.0,0.0,59.23,41.79,https://y.gtimg.cn/music/photo_new/T002R500x500M000001w138z3PZEcz_1.jpg
202630,第30期（07.27-08.02）,2026-07-27,2026-08-02,77,531359848,我只要我开心,时代少年团,0047kieu3p1Zrf,False,75,3,4,85.65394,71.16,0.0,0.0,41.23,46.04,https://y.gtimg.cn/music/photo_new/T002R500x500M000002zvO7r0gSXWZ_1.jpg
202630,第30期（07.27-08.02）,2026-07-27,2026-08-02,78,521720340,如期,王俊凯,000n3xE32Sdk1C,False,73,5,25,85.56876,70.21,0.0,0.0,32.72,51.57,https://y.qq.com/music/photo_new/T062R500x500M000000axnOS3fnS48.jpg
202630,第30期（07.27-08.02）,2026-07-27,2026-08-02,79,522436402,Again,张艺兴,001deuwV3jcVOr,False,53,5,6,85.49389,57.41,0.0,0.0,58.58,41.76,https://y.gtimg.cn/music/photo_new/T002R500x500M000001w138z3PZEcz_1.jpg
202630,第30期（07.27-08.02）,2026-07-27,2026-08-02,80,522436400,Smoke & Mirrors,张艺兴,000SGh5g1MgDzo,False,51,5,9,85.44129,57.42,0.0,0.0,58.4,41.65,https://y.gtimg.cn/music/photo_new/T002R500x500M000001w138z3PZEcz_1.jpg
202630,第30期（07.27-08.02）,2026-07-27,2026-08-02,81,532795800,问,TF_ING张子墨,0002BKiw3M8Yqb,False,37,3,37,85.43537,50.61,0.0,0.0,5.51,61.06,https://y.gtimg.cn/music/photo_new/T002R500x500M000001dK7Q03f3u6K_1.jpg
202630,第30期（07.27-08.02）,2026-07-27,2026-08-02,82,535934579,No Boundaries,"周深,北京环球度假区",002U6qAT0IMMwf,True,0,1,82,85.42495,60.97,0.0,0.0,0.79,59.81,https://y.gtimg.cn/music/photo_new/T002R500x500M000004T2U7i3TrVFC_2.jpg
202630,第30期（07.27-08.02）,2026-07-27,2026-08-02,83,522436410,Living,张艺兴,003hfE050iuS2B,False,52,5,7,85.41137,57.21,0.0,0.0,58.2,41.85,https://y.gtimg.cn/music/photo_new/T002R500x500M000001w138z3PZEcz_1.jpg
202630,第30期（07.27-08.02）,2026-07-27,2026-08-02,84,491256250,凌绝顶,梓渝,001SZuO01zTv4Y,False,72,11,1,85.35868,61.8,0.0,0.0,28.11,57.19,https://y.gtimg.cn/music/photo_new/T002R500x500M000004bXPkr3OymlI_1.jpg
202630,第30期（07.27-08.02）,2026-07-27,2026-08-02,85,512003003,逍遥仙,筷子兄弟,00485M1a40O8Hi,False,77,7,28,85.34259,74.27,0.0,0.0,25.33,25.42,https://y.gtimg.cn/music/photo_new/T002R500x500M000002z6UmJ3m71jH_2.jpg
202630,第30期（07.27-08.02）,2026-07-27,2026-08-02,86,515090709,落日微醺（晚风中一杯酒）,落日微醺,0029j7eI4Poe44,False,94,4,72,85.3289,73.07,0.0,0.0,33.69,39.6,https://y.gtimg.cn/music/photo_new/T002R500x500M000001TMIlo2CCoNX_1.jpg
202630,第30期（07.27-08.02）,2026-07-27,2026-08-02,87,478120646,情深深雨濛濛,梓渝,001IodTs2xXctR,False,71,18,1,85.29329,61.79,0.0,0.0,13.72,58.12,https://y.gtimg.cn/music/photo_new/T002R500x500M000004d4d3s0RGI34_1.jpg
202630,第30期（07.27-08.02）,2026-07-27,2026-08-02,88,536864840,灵魂相愿,张敬轩,004aV04M0IgIn8,True,0,1,88,85.27657,61.74,0.0,0.0,24.83,57.26,https://y.gtimg.cn/music/photo_new/T002R500x500M0000000DEVM1yYbfG_3.jpg
202630,第30期（07.27-08.02）,2026-07-27,2026-08-02,89,530399435,破晓,王俊凯,001IXEnW4OmqLF,False,80,4,1,85.27172,69.04,0.0,0.0,33.77,51.25,https://y.qq.com/music/photo_new/T062R500x500M000004EhfP90kZ9le.jpg
202630,第30期（07.27-08.02）,2026-07-27,2026-08-02,90,481957782,烟花街,"崔十八,听潮阁",002EsPoW4eUnsu,False,90,6,52,85.25977,47.01,0.0,0.0,22.61,60.48,https://y.gtimg.cn/music/photo_new/T002R500x500M000003VWOiA0YwIBI_1.jpg
202630,第30期（07.27-08.02）,2026-07-27,2026-08-02,91,522467107,绛色的爱,张艺兴,000wLKc61CDB47,False,45,2,45,85.24782,64.42,0.0,0.0,52.73,42.75,https://y.gtimg.cn/music/photo_new/T002R500x500M000001w138z3PZEcz_1.jpg
202630,第30期（07.27-08.02）,2026-07-27,2026-08-02,92,522436418,错错错,张艺兴,004V2b6s39ainE,False,55,5,11,85.24386,57.1,0.0,0.0,57.62,41.62,https://y.gtimg.cn/music/photo_new/T002R500x500M000001w138z3PZEcz_1.jpg
202630,第30期（07.27-08.02）,2026-07-27,2026-08-02,93,522436399,意中人,张艺兴,0032Yh0918cF8c,False,58,5,10,85.19584,56.87,0.0,0.0,57.46,41.64,https://y.gtimg.cn/music/photo_new/T002R500x500M000001w138z3PZEcz_1.jpg
202630,第30期（07.27-08.02）,2026-07-27,2026-08-02,94,472514843,问你一个人类梦寐以求的深奥问题,汪苏泷,003O2jAx2Z8mad,False,96,21,5,85.19339,69.43,0.0,0.0,24.03,52.11,https://y.qq.com/music/photo_new/T062R500x500M000001MhXjs26yhdQ.jpg
202630,第30期（07.27-08.02）,2026-07-27,2026-08-02,95,533360546,求你别离开我（因为我欠你太多）,苏子欲,0008MVG12sUW3M,True,0,1,95,85.17056,74.89,0.0,0.0,3.36,11.08,https://y.gtimg.cn/music/photo_new/T002R500x500M000002oLVKM0kkQif_1.jpg
202630,第30期（07.27-08.02）,2026-07-27,2026-08-02,96,536013015,你我他,en (王翊恩),001LhXEA3xLRsJ,True,0,1,96,85.16884,63.54,0.0,0.0,32.54,54.64,https://y.gtimg.cn/music/photo_new/T002R500x500M000001cbKAD3pm4vz_1.jpg
202630,第30期（07.27-08.02）,2026-07-27,2026-08-02,97,522436428,文艺工作者,张艺兴,001tQZO33ntbnd,False,59,5,12,85.08668,56.61,0.0,0.0,56.94,41.8,https://y.gtimg.cn/music/photo_new/T002R500x500M000001w138z3PZEcz_1.jpg
202630,第30期（07.27-08.02）,2026-07-27,2026-08-02,98,521720344,无声潮汐,王俊凯,002OhQnJ2tqnT6,False,98,5,26,85.03573,69.01,0.0,0.0,31.15,50.93,https://y.qq.com/music/photo_new/T062R500x500M000004ATwLB1BZI0b.jpg
202630,第30期（07.27-08.02）,2026-07-27,2026-08-02,99,521720355,幻梦,王俊凯,000bbwzf2E0nwB,False,103,4,23,84.95774,68.47,0.0,0.0,31.13,51.06,https://y.qq.com/music/photo_new/T062R500x500M000003tjnfQ2DkfyZ.jpg
202630,第30期（07.27-08.02）,2026-07-27,2026-08-02,100,521720357,Stay,王俊凯,002TplNQ18uPB9,False,108,4,24,84.95396,68.59,0.0,0.0,30.66,51.07,https://y.qq.com/music/photo_new/T062R500x500M000000yKB6w1WY6fo.jpg
202630,第30期（07.27-08.02）,2026-07-27,2026-08-02,101,515780154,从前,王俊凯,000Ji0xi2WKRll,False,106,0,0,84.94373,68.05,0.0,0.0,30.7,51.39,https://y.qq.com/music/photo_new/T062R500x500M000001q4lBQ4YRSPD.jpg
202630,第30期（07.27-08.02）,2026-07-27,2026-08-02,102,530399437,下一天,王俊凯,002d62eR3BYiWY,False,97,0,0,84.93016,67.77,0.0,0.0,32.1,51.25,https://y.qq.com/music/photo_new/T062R500x500M000000NfJyp11Nuig.jpg
202630,第30期（07.27-08.02）,2026-07-27,2026-08-02,103,515779634,I Love This Life,王俊凯,002snOiL3DNzr2,False,109,0,0,84.87434,67.75,0.0,0.0,30.46,51.5,https://y.qq.com/music/photo_new/T062R500x500M0000033JXxr402Nw0.jpg
202630,第30期（07.27-08.02）,2026-07-27,2026-08-02,104,522467110,休止符,张艺兴,002O5gy93O0q2o,False,0,0,0,84.83152,62.54,0.0,0.0,51.3,45.03,https://y.gtimg.cn/music/photo_new/T002R500x500M000001w138z3PZEcz_1.jpg
202630,第30期（07.27-08.02）,2026-07-27,2026-08-02,105,532547067,如果你也刚好抬头看树,孙天宇,0005HuT83Cze8P,False,99,0,0,84.48259,72.15,0.0,0.0,10.75,43.58,https://y.gtimg.cn/music/photo_new/T002R500x500M000002w4MPC0gdACF_1.jpg
202630,第30期（07.27-08.02）,2026-07-27,2026-08-02,106,532518888,都有这一天,"老中青民谣,小巷先生",000hceWt1DIler,False,183,0,0,84.34557,72.22,0.0,0.0,2.17,43.65,https://y.gtimg.cn/music/photo_new/T002R500x500M000002CgPwJ1Sz9aU_1.jpg
202630,第30期（07.27-08.02）,2026-07-27,2026-08-02,107,492295463,隐瞒,TF_ING邓佳鑫,002Bw7Br2V7OZF,False,147,0,0,84.2165,51.52,0.0,0.0,14.12,58.64,https://y.gtimg.cn/music/photo_new/T002R500x500M000004A6rAz2YPGz5_1.jpg
202630,第30期（07.27-08.02）,2026-07-27,2026-08-02,108,512152956,以为有以后,李廷旭,001lkVOI2SdXSS,False,32,0,0,84.10982,73.67,0.0,0.0,2.53,10.4,https://y.gtimg.cn/music/photo_new/T002R500x500M00000364HbC0r03Ed_2.jpg
202630,第30期（07.27-08.02）,2026-07-27,2026-08-02,109,534977256,爱旧爱（怪我曾爱你爱的太深）,恩几,002BW1w04c8Ixz,False,0,0,0,83.97475,73.14,0.0,0.0,5.99,29.17,https://y.gtimg.cn/music/photo_new/T002R500x500M000003SOJ190L6pju_2.jpg
202630,第30期（07.27-08.02）,2026-07-27,2026-08-02,110,517484236,光,陈楚生,004JAWWq0NadAX,False,118,0,0,83.85394,53.19,0.0,0.0,9.57,57.77,https://y.gtimg.cn/music/photo_new/T002R500x500M000002ld9Tt17lb4O_1.jpg
202630,第30期（07.27-08.02）,2026-07-27,2026-08-02,111,522467090,香,张艺兴,001a7UVj0yhPcv,False,35,0,0,83.81792,62.46,0.0,0.0,50.66,42.22,https://y.gtimg.cn/music/photo_new/T002R500x500M000001w138z3PZEcz_1.jpg
202630,第30期（07.27-08.02）,2026-07-27,2026-08-02,112,530772974,Metal Flower,R.E.D,0043j4Cx4XEcBt,False,121,0,0,83.7519,66.27,0.0,0.0,5.15,52.15,https://y.gtimg.cn/music/photo_new/T002R500x500M000000u1Owg2RJzL5_1.jpg
202630,第30期（07.27-08.02）,2026-07-27,2026-08-02,113,484990426,西乌旗99号公路,"LunaLiu刘不语,张川海",002n9rPh3tYpOc,False,92,0,0,83.63597,72.09,0.0,0.0,22.97,33.27,https://y.gtimg.cn/music/photo_new/T002R500x500M000003woY5f2sdNs7_2.jpg
202630,第30期（07.27-08.02）,2026-07-27,2026-08-02,114,530838888,窝囊废,"刘凤瑶,曾一鸣,张玮,李琦,派克特",002oy5sA18Y1vl,False,104,0,0,83.57263,72.17,0.0,0.0,8.89,40.1,https://y.gtimg.cn/music/photo_new/T002R500x500M000000i2YjH2563cV_1.jpg
202630,第30期（07.27-08.02）,2026-07-27,2026-08-02,115,513296573,街角的晚风1997,曾舜晞,004Ge20S1FuiOF,False,105,0,0,83.49908,71.85,0.0,0.0,12.36,40.7,https://y.gtimg.cn/music/photo_new/T002R500x500M000002eea6O0cudxW_2.jpg
202630,第30期（07.27-08.02）,2026-07-27,2026-08-02,116,517708558,Call My Name,张艺兴,000LnSwg4DkKg2,False,87,0,0,83.26815,61.78,0.0,0.0,48.73,43.09,https://y.gtimg.cn/music/photo_new/T002R500x500M000001w138z3PZEcz_1.jpg
202630,第30期（07.27-08.02）,2026-07-27,2026-08-02,117,530494384,青玉恋,刘宇,001Mlxo70U5jA2,False,101,0,0,83.21933,61.65,0.0,0.0,15.13,53.55,https://y.gtimg.cn/music/photo_new/T002R500x500M000003zREKb4gJGUF_1.jpg
202630,第30期（07.27-08.02）,2026-07-27,2026-08-02,118,532736134,落红,小阿七,0012pg8z0WdFoc,False,0,0,0,83.2093,72.82,0.0,0.0,2.17,5.52,https://y.gtimg.cn/music/photo_new/T002R500x500M0000043Lzzg3QyYdw_1.jpg
202630,第30期（07.27-08.02）,2026-07-27,2026-08-02,119,522467069,太阳,张艺兴,001Uoqxt4SYZNY,False,69,0,0,83.19724,61.98,0.0,0.0,48.64,42.62,https://y.gtimg.cn/music/photo_new/T002R500x500M000001w138z3PZEcz_1.jpg
202630,第30期（07.27-08.02）,2026-07-27,2026-08-02,120,524521641,漫游,黄子弘凡,0009xPxG0R6G9c,False,116,0,0,83.05107,65.27,0.0,0.0,8.66,51.24,https://y.qq.com/music/photo_new/T062R500x500M0000011NdbQ2F154j.jpg
202630,第30期（07.27-08.02）,2026-07-27,2026-08-02,121,491996814,本末,任素汐,001sTnpM1Kw5aa,False,134,0,0,82.91615,71.49,0.0,0.0,8.06,40.25,https://y.gtimg.cn/music/photo_new/T002R500x500M0000033vNiW2uLR2S_1.jpg
202630,第30期（07.27-08.02）,2026-07-27,2026-08-02,122,535934576,奔赴超无限,"周深,北京环球度假区",002sjXkp1KKKUX,False,0,0,0,82.76577,61.79,0.0,0.0,0.84,53.31,https://y.gtimg.cn/music/photo_new/T002R500x500M000004T2U7i3TrVFC_2.jpg
202630,第30期（07.27-08.02）,2026-07-27,2026-08-02,123,516975210,千香,周深,004Uik3G0sMdUW,False,110,0,0,82.52514,66.97,0.0,0.0,11.0,47.99,https://y.qq.com/music/photo_new/T062R500x500M000001xCpOz3ARHzs.jpg
202630,第30期（07.27-08.02）,2026-07-27,2026-08-02,124,507703039,也许在下雨天 (眼泪才不被看见),"何遇Hayu,Crybird",003hjJ9O4AiBl9,False,131,0,0,82.48393,71.22,0.0,0.0,19.13,30.5,https://y.gtimg.cn/music/photo_new/T002R500x500M000001xNQMK1OvExE_2.jpg
202630,第30期（07.27-08.02）,2026-07-27,2026-08-02,125,522436398,斗战胜佛,张艺兴,0031lecC265Cw1,False,100,0,0,82.48328,61.19,0.0,0.0,46.65,42.49,https://y.gtimg.cn/music/photo_new/T002R500x500M000001w138z3PZEcz_1.jpg
202630,第30期（07.27-08.02）,2026-07-27,2026-08-02,126,513694963,爱你是我的秘密,庄淇玟29,000fQYli0zRiOx,False,154,0,0,82.46911,71.33,0.0,0.0,5.14,36.39,https://y.gtimg.cn/music/photo_new/T002R500x500M000003Wra153uFebP_1.jpg
202630,第30期（07.27-08.02）,2026-07-27,2026-08-02,127,513183119,心安之地,许嵩,000h1psW2HN90S,False,130,0,0,82.38337,70.26,0.0,0.0,10.25,42.62,https://y.gtimg.cn/music/photo_new/T002R500x500M000001Oqn952HAPRk_1.jpg
202630,第30期（07.27-08.02）,2026-07-27,2026-08-02,128,524048324,香烟与吻痕 (我在月光下许过情真),黄龄,002L0ilt0Sk1xo,False,112,0,0,82.12929,71.56,0.0,0.0,2.94,18.13,https://y.gtimg.cn/music/photo_new/T002R500x500M000001k5VY01qCYXb_1.jpg
202630,第30期（07.27-08.02）,2026-07-27,2026-08-02,129,533456646,Cold Blooded,严浩翔,00061EFa3uGj8q,False,10,0,0,82.11986,62.15,0.0,0.0,38.25,46.11,https://y.qq.com/music/photo_new/T062R500x500M000003A2OO61lP2bU.jpg
202630,第30期（07.27-08.02）,2026-07-27,2026-08-02,130,513183075,一见如故,许嵩,002ioSAK2ftAqy,False,127,0,0,82.06138,70.37,0.0,0.0,7.75,41.2,https://y.gtimg.cn/music/photo_new/T002R500x500M000001Oqn952HAPRk_1.jpg
202630,第30期（07.27-08.02）,2026-07-27,2026-08-02,131,513252814,听风捎来旧时谣,窝窝,003lVp7c31DlFR,False,0,0,0,81.99178,71.11,0.0,0.0,8.05,26.74,https://y.gtimg.cn/music/photo_new/T002R500x500M000003JfOV41U5Mjq_2.jpg
202630,第30期（07.27-08.02）,2026-07-27,2026-08-02,132,535567756,深深浅浅悟人生,河南三妹5233,003dAYN84IsVN0,False,0,0,0,81.9367,70.39,0.0,0.0,18.54,37.09,https://y.gtimg.cn/music/photo_new/T002R500x500M000001sfxDl2IEcbO_1.jpg
202630,第30期（07.27-08.02）,2026-07-27,2026-08-02,133,534818034,You Are,李昊,001N0S822t5ClO,False,0,0,0,81.92546,60.59,0.0,0.0,23.37,51.08,https://y.gtimg.cn/music/photo_new/T002R500x500M000000hBKyy07sdh6_1.jpg
202630,第30期（07.27-08.02）,2026-07-27,2026-08-02,134,514417457,略略略略略,TOP登陆少年组合,000QuvKj4aCfBU,False,128,0,0,81.90924,68.18,0.0,0.0,26.02,41.83,https://y.gtimg.cn/music/photo_new/T002R500x500M000002rYBVh2iOMHZ_2.jpg
202630,第30期（07.27-08.02）,2026-07-27,2026-08-02,135,536548864,LEGEND,沈小婷 (XIAOTING),0049TgDU1dfaOz,False,0,0,0,81.88904,56.22,0.0,0.0,45.46,44.49,https://y.gtimg.cn/music/photo_new/T002R500x500M000001iy3O214yJmL_1.jpg
202630,第30期（07.27-08.02）,2026-07-27,2026-08-02,136,529851668,全世界陪我出发,"TF家族,TF家族-官俊臣,TF家族-张桂源,TF家族-张函瑞,TF家族-王橹杰,TF家族-王烁然,TF家族-左奇函,TF家族-陈奕恒,TF家族-杨博文,TF家族-杨涵博,TF家族-张奕然,TF家族-聂玮辰,TF家族-陈思罕,TF家族-魏子宸,TF家族-李煜东,TF家族-陈浚铭",003RIqye0gr9MB,False,122,0,0,81.80226,69.99,0.0,0.0,9.86,41.4,https://y.gtimg.cn/music/photo_new/T002R500x500M000000dn6vm1EN6ax_1.jpg
202630,第30期（07.27-08.02）,2026-07-27,2026-08-02,137,512975549,洛阳纸,许嵩,000iOs7F4gQ4VR,False,140,0,0,81.61267,69.51,0.0,0.0,5.83,41.69,https://y.gtimg.cn/music/photo_new/T002R500x500M000001Oqn952HAPRk_1.jpg
202630,第30期（07.27-08.02）,2026-07-27,2026-08-02,138,533556213,缠,那英,003XAZLD3KzQ2j,False,61,0,0,81.59758,70.59,0.0,0.0,4.85,33.1,https://y.gtimg.cn/music/photo_new/T002R500x500M000003mTx4M2vjsxl_1.jpg
202630,第30期（07.27-08.02）,2026-07-27,2026-08-02,139,511979926,古风2026,"一颗狼星,糯米Nomi,倪浩毅,指尖笑,草帽酱,执素兮,平生不晚,浅影阿",002BNkDq46SfPr,False,135,0,0,81.58032,71.05,0.0,0.0,1.76,16.36,https://y.gtimg.cn/music/photo_new/T002R500x500M000002KRyi405Zmjv_1.jpg
202630,第30期（07.27-08.02）,2026-07-27,2026-08-02,140,536898597,是我做了白日梦,"姜添,听潮阁",002q8soi3V9Gm2,False,0,0,0,81.54503,52.41,0.0,0.0,47.14,43.57,https://y.gtimg.cn/music/photo_new/T002R500x500M000000p3bJK2q2iNA_1.jpg
202630,第30期（07.27-08.02）,2026-07-27,2026-08-02,141,531085098,沪上龙王,郭有才,0049xZge3U5SLp,False,124,0,0,81.48699,70.85,0.0,0.0,7.52,11.12,https://y.gtimg.cn/music/photo_new/T002R500x500M000000xjTTE3rd5Df_1.jpg
202630,第30期（07.27-08.02）,2026-07-27,2026-08-02,142,522662100,UP IT,刘耀文,003envMt4H3x7x,False,136,0,0,81.42743,61.15,0.0,0.0,25.02,49.15,https://y.gtimg.cn/music/photo_new/T002R500x500M000003Q3flT1zkBX3_1.jpg
202630,第30期（07.27-08.02）,2026-07-27,2026-08-02,143,531181249,玄翎谣,"鸣潮先约电台,jkinss,薄荷_Miint",000rB2Ck1bZTZW,False,159,0,0,81.34571,63.71,0.0,0.0,1.3,48.54,https://y.gtimg.cn/music/photo_new/T002R500x500M000001rovrt1tUywT_1.jpg
202630,第30期（07.27-08.02）,2026-07-27,2026-08-02,144,535236021,Two to Tango 交缠舞步,"三Z-STUDIO,HOYO-MiX",00396GoY3MKBsV,False,0,0,0,81.33325,70.22,0.0,0.0,1.21,37.66,https://y.gtimg.cn/music/photo_new/T002R500x500M000003R8bnn0Pc7G5_1.jpg
202630,第30期（07.27-08.02）,2026-07-27,2026-08-02,145,480650223,昨晚我环游了地球,汪苏泷,003RhiFk16EeF7,False,138,0,0,81.30967,66.46,0.0,0.0,9.37,44.04,https://y.gtimg.cn/music/photo_new/T002R500x500M000000A1M903iHvyT_4.jpg
202630,第30期（07.27-08.02）,2026-07-27,2026-08-02,146,503612889,渡,周深,004XNL6L36CrFC,False,144,0,0,81.29582,62.85,0.0,0.0,4.59,49.11,https://y.gtimg.cn/music/photo_new/T002R500x500M000000QqmQq1hKTuB_1.jpg
202630,第30期（07.27-08.02）,2026-07-27,2026-08-02,147,522467100,But You Don't Know Me,张艺兴,001rQmh14T0kgP,False,0,0,0,81.26155,59.98,0.0,0.0,45.36,40.31,https://y.gtimg.cn/music/photo_new/T002R500x500M000001w138z3PZEcz_1.jpg
202630,第30期（07.27-08.02）,2026-07-27,2026-08-02,148,537334045,哪怕我们,陈伟霆,004NHXAV1JRAZw,False,0,0,0,80.99564,40.58,0.0,0.0,11.03,53.42,https://y.gtimg.cn/music/photo_new/T002R500x500M000004PyZaJ44twaR_1.jpg
202630,第30期（07.27-08.02）,2026-07-27,2026-08-02,149,534962097,落笔匆匆,"余佳运,井迪",000Gtcjp0V8Jg5,False,0,0,0,80.84417,70.34,0.0,0.0,0.53,15.4,https://y.gtimg.cn/music/photo_new/T002R500x500M000002j5Ypy3zIa5E_1.jpg
202630,第30期（07.27-08.02）,2026-07-27,2026-08-02,150,534156472,耳朵,JOSHUA,002j3L464CkhrE,False,22,0,0,80.82031,65.72,0.0,0.0,9.87,43.02,https://y.gtimg.cn/music/photo_new/T002R500x500M000002PtA2u0hqulV_1.jpg
202630,第30期（07.27-08.02）,2026-07-27,2026-08-02,151,513183074,老歌,许嵩,001dHWRw44FBP3,False,148,0,0,80.72269,68.05,0.0,0.0,3.48,40.31,https://y.gtimg.cn/music/photo_new/T002R500x500M000001Oqn952HAPRk_1.jpg
202630,第30期（07.27-08.02）,2026-07-27,2026-08-02,152,524671893,依兰爱情故事,金志文,003wJze11ABhHl,False,132,0,0,80.67453,69.61,0.0,0.0,4.72,26.1,https://y.gtimg.cn/music/photo_new/T002R500x500M000003kMWUy2EinCC_2.jpg
202630,第30期（07.27-08.02）,2026-07-27,2026-08-02,153,493990931,Alive,"王嘉尔,五月天 阿信",0013X2Uy17E28w,False,115,0,0,80.63465,70.08,0.0,0.0,1.74,16.76,https://y.gtimg.cn/music/photo_new/T002R500x500M000001PC3JU3e688L_2.jpg
202630,第30期（07.27-08.02）,2026-07-27,2026-08-02,154,495396282,一曲相思(欲问青天这人生有几何),海来阿木,0029SPEq1UThNj,False,146,0,0,80.56978,69.15,0.0,0.0,11.38,19.54,https://y.gtimg.cn/music/photo_new/T002R500x500M0000034yzah0TRjti_1.jpg
202630,第30期（07.27-08.02）,2026-07-27,2026-08-02,155,511809673,人间,刘宇宁,002dyLPw3kRsuA,False,143,0,0,80.53199,64.39,0.0,0.0,7.54,43.82,https://y.qq.com/music/photo_new/T062R500x500M000001Plf3T3zraRt.jpg
202630,第30期（07.27-08.02）,2026-07-27,2026-08-02,156,533504872,怪我们缘分太浅（别难过）,刘纯,001g7QR32QGitR,False,0,0,0,80.49,69.21,0.0,0.0,2.84,25.77,https://y.gtimg.cn/music/photo_new/T002R500x500M000000c7mGD1sZo7M_1.jpg
202630,第30期（07.27-08.02）,2026-07-27,2026-08-02,157,536626031,飞行少年团 (空军招飞主题歌曲),易烊千玺,000JiFHO13xTnP,False,0,0,0,80.48522,66.9,0.0,0.0,7.14,40.47,https://y.gtimg.cn/music/photo_new/T002R500x500M000000PqKbK3XBjFN_1.jpg
202630,第30期（07.27-08.02）,2026-07-27,2026-08-02,158,512967685,赤子,周深,0010pjD24VRte6,False,153,0,0,80.42642,62.64,0.0,0.0,7.88,45.62,https://y.qq.com/music/photo_new/T062R500x500M0000015O72c2P9HAO.jpg
202630,第30期（07.27-08.02）,2026-07-27,2026-08-02,159,521535510,如果他真的温柔,郑大钱,0025Atda0RmmVT,False,0,0,0,80.37446,69.8,0.0,0.0,2.51,3.42,https://y.gtimg.cn/music/photo_new/T002R500x500M000000hz6RF2BHIwB_1.jpg
202630,第30期（07.27-08.02）,2026-07-27,2026-08-02,160,517370193,怎么能,侯明昊,003NyZSD2d3zPD,False,164,0,0,80.18216,60.8,0.0,0.0,8.96,46.9,https://y.gtimg.cn/music/photo_new/T002R500x500M000000SnDwr12zILh_2.jpg
202630,第30期（07.27-08.02）,2026-07-27,2026-08-02,161,513759558,浮生若梦,周深,002ElBqW0fEWXI,False,139,0,0,80.13676,61.18,0.0,0.0,9.93,46.14,https://y.qq.com/music/photo_new/T062R500x500M000003O2ogG11M5da.jpg
202630,第30期（07.27-08.02）,2026-07-27,2026-08-02,162,522467071,Stutter Love,张艺兴,001yHHuv27IjyT,False,0,0,0,80.08881,57.72,0.0,0.0,42.33,35.88,https://y.gtimg.cn/music/photo_new/T002R500x500M000001w138z3PZEcz_1.jpg
202630,第30期（07.27-08.02）,2026-07-27,2026-08-02,163,490409162,满心愧疚 ,金润吉,003ht8Pb1OsDla,False,166,0,0,80.08777,67.98,0.0,0.0,8.62,17.1,https://y.gtimg.cn/music/photo_new/T002R500x500M000000cpsDu4LdGQl_1.jpg
202630,第30期（07.27-08.02）,2026-07-27,2026-08-02,164,532871828,Knows The Sky All,小困困,004FbcFV1FwpLq,False,0,0,0,80.06336,68.83,0.0,0.0,2.4,4.39,https://y.gtimg.cn/music/photo_new/T002R500x500M0000033522S4LccuW_1.jpg
202630,第30期（07.27-08.02）,2026-07-27,2026-08-02,165,513156090,66传奇,阿酣,002hhopl4bGgR8,False,0,0,0,80.05112,68.87,0.0,0.0,0.51,6.58,https://y.gtimg.cn/music/photo_new/T002R500x500M000000iP0xn17HYJX_1.jpg
202630,第30期（07.27-08.02）,2026-07-27,2026-08-02,166,531107833,多年不见你过的好吗,洛琦,0048j6ba4I223C,False,173,0,0,79.97557,68.79,0.0,0.0,0.33,3.7,https://y.gtimg.cn/music/photo_new/T002R500x500M000003KpQnE4I6voF_1.jpg
202630,第30期（07.27-08.02）,2026-07-27,2026-08-02,167,531111308,想得美,TOP登陆少年组合,003QLx9h4Y71iu,False,142,0,0,79.80467,65.4,0.0,0.0,8.82,39.81,https://y.gtimg.cn/music/photo_new/T002R500x500M000002YPc1C0WN5qn_1.jpg
202630,第30期（07.27-08.02）,2026-07-27,2026-08-02,168,534985489,清风微微,曾舜晞,002r2KrX1JWd1p,False,0,0,0,79.66461,67.96,0.0,0.0,1.29,13.52,https://y.gtimg.cn/music/photo_new/T002R500x500M000001lOTOO3XaXbu_1.jpg
202630,第30期（07.27-08.02）,2026-07-27,2026-08-02,169,520238249,看山,"方大树,灯叔",00445tP34GOx8n,False,160,0,0,79.6108,66.43,0.0,0.0,7.47,30.63,https://y.gtimg.cn/music/photo_new/T002R500x500M000003lKa1y3gVIvi_1.jpg
202630,第30期（07.27-08.02）,2026-07-27,2026-08-02,170,531377175,破晓,十个勤天,0040bFEa46eiwG,False,185,0,0,79.46407,55.64,0.0,0.0,2.35,49.04,https://y.gtimg.cn/music/photo_new/T002R500x500M000003jlUc82XQcof_1.jpg
202630,第30期（07.27-08.02）,2026-07-27,2026-08-02,171,489778705,Come What May,王力宏,00228bN72yDnTM,False,186,0,0,79.42774,61.53,0.0,0.0,26.03,41.82,https://y.gtimg.cn/music/photo_new/T002R500x500M000000S79v91L2U6W_1.jpg
202630,第30期（07.27-08.02）,2026-07-27,2026-08-02,172,536276801,奉陪,陈伟霆,000MO8WK2C4svw,False,0,0,0,79.35634,42.51,0.0,0.0,8.65,50.9,https://y.qq.com/music/photo_new/T062R500x500M0000015ithe4cDyvp.jpg
202630,第30期（07.27-08.02）,2026-07-27,2026-08-02,173,513260499,FIND THE WAY,鞠婧祎,00437uBu1XnGlr,False,172,0,0,79.30902,61.44,0.0,0.0,12.52,43.76,https://y.gtimg.cn/music/photo_new/T002R500x500M000003Dwzfn4263MZ_1.jpg
202630,第30期（07.27-08.02）,2026-07-27,2026-08-02,174,491996849,张仙语三,任素汐,004Jrpe7322cCK,False,158,0,0,79.2421,66.64,0.0,0.0,5.75,22.27,https://y.gtimg.cn/music/photo_new/T002R500x500M0000033vNiW2uLR2S_1.jpg
202630,第30期（07.27-08.02）,2026-07-27,2026-08-02,175,532877240,Hmm,展轩,002P1cUI2Ebaid,False,44,0,0,79.13759,59.31,0.0,0.0,22.38,44.36,https://y.gtimg.cn/music/photo_new/T002R500x500M000003g18kj4V3lZz_1.jpg
202630,第30期（07.27-08.02）,2026-07-27,2026-08-02,176,532849101,见山,水木年华,0001S9B80rOMyG,False,199,0,0,79.08089,66.78,0.0,0.0,2.3,21.04,https://y.gtimg.cn/music/photo_new/T002R500x500M000003VYV1y03oDlg_1.jpg
202630,第30期（07.27-08.02）,2026-07-27,2026-08-02,177,531082488,Bad Boy,万妮达Vinida Weng,003twp2w4OaRcC,False,133,0,0,79.01582,66.93,0.0,0.0,2.26,14.85,https://y.gtimg.cn/music/photo_new/T002R500x500M0000005bCtH469HXW_1.jpg
202630,第30期（07.27-08.02）,2026-07-27,2026-08-02,178,513183077,忽略不计,许嵩,002ALgtr2b2Rdm,False,175,0,0,79.01347,64.38,0.0,0.0,4.07,40.35,https://y.gtimg.cn/music/photo_new/T002R500x500M000001Oqn952HAPRk_1.jpg
202630,第30期（07.27-08.02）,2026-07-27,2026-08-02,179,512483930,满纸,阿鲲,001ifLic2K9S9m,False,165,0,0,78.96576,63.54,0.0,0.0,24.6,32.37,https://y.gtimg.cn/music/photo_new/T002R500x500M000003ZuKKp2FKC3S_1.jpg
202630,第30期（07.27-08.02）,2026-07-27,2026-08-02,180,491996827,别来无恙,任素汐,000bBKeM3mhVCL,False,156,0,0,78.87807,66.14,0.0,0.0,3.54,24.92,https://y.gtimg.cn/music/photo_new/T002R500x500M0000033vNiW2uLR2S_1.jpg
202630,第30期（07.27-08.02）,2026-07-27,2026-08-02,181,518768695,你从春天走来,刘若英,002QwHdc11MAzQ,False,125,0,0,78.75982,66.85,0.0,0.0,2.48,5.6,https://y.gtimg.cn/music/photo_new/T002R500x500M000003PHxFb4EbMCi_1.jpg
202630,第30期（07.27-08.02）,2026-07-27,2026-08-02,182,526444959,风又吹了多少遍,花姐,003Ot6eA1UzOL5,False,0,0,0,78.73362,62.53,0.0,0.0,3.87,42.25,https://y.gtimg.cn/music/photo_new/T002R500x500M0000014ZYl33DD9Gm_1.jpg
202630,第30期（07.27-08.02）,2026-07-27,2026-08-02,183,535935779,收场,罗志祥,001fteB74OWYCb,False,0,0,0,78.72526,53.87,0.0,0.0,41.87,33.52,https://y.gtimg.cn/music/photo_new/T002R500x500M000003V230Y0LSCZC_1.jpg
202630,第30期（07.27-08.02）,2026-07-27,2026-08-02,184,536677188,不负,迟木,004AHlCy2V89He,False,0,0,0,78.56923,53.81,0.0,0.0,0.83,48.47,https://y.gtimg.cn/music/photo_new/T002R500x500M000002x2wa03BjKOJ_1.jpg
202630,第30期（07.27-08.02）,2026-07-27,2026-08-02,185,520493282,甲乙丙丁,江易泽,004ZidwG2qQbR7,False,0,0,0,78.519,66.52,0.0,0.0,2.59,5.14,https://y.gtimg.cn/music/photo_new/T002R500x500M000002vuLra3kKcBV_1.jpg
202630,第30期（07.27-08.02）,2026-07-27,2026-08-02,186,533091713,怎么两清（做回甲乙丙丁）,欢子,003vHvQJ4WWyuJ,False,162,0,0,78.37295,65.88,0.0,0.0,4.71,13.21,https://y.gtimg.cn/music/photo_new/T002R500x500M0000014nuEU3rdpSA_1.jpg
202630,第30期（07.27-08.02）,2026-07-27,2026-08-02,187,511757784,亲爱的你，好久不见,"黄子弘凡,黄霄雲,孙楠,谭松韵,王铮亮,杨丞琳,姚晓棠,曾舜晞",00357t7Q2cECO8,False,181,0,0,78.28081,60.8,0.0,0.0,0.6,43.99,https://y.gtimg.cn/music/photo_new/T002R500x500M000000aAeO742o2xC_1.jpg
202630,第30期（07.27-08.02）,2026-07-27,2026-08-02,188,491206570,不再回头,付豪,003N7hJM4TsWfw,False,178,0,0,77.94478,65.09,0.0,0.0,6.34,15.01,https://y.gtimg.cn/music/photo_new/T002R500x500M00000255on64euYQH_2.jpg
202630,第30期（07.27-08.02）,2026-07-27,2026-08-02,189,491667172,我把心事说给风,卡带森林,000OQmxP3RSXvi,False,170,0,0,77.91915,62.73,0.0,0.0,23.71,26.96,https://y.gtimg.cn/music/photo_new/T002R500x500M000000IRsNV4XLaqL_1.jpg
202630,第30期（07.27-08.02）,2026-07-27,2026-08-02,190,537227983,爱情麻辣烫,马健涛,001PlTvB4aBGVR,False,0,0,0,77.81927,55.68,0.0,0.0,3.4,45.97,https://y.gtimg.cn/music/photo_new/T002R500x500M000001sLQze04xVIy_2.jpg
202630,第30期（07.27-08.02）,2026-07-27,2026-08-02,191,534969021,如果宇宙有答案,黄子弘凡,002qTvDL3ztpXl,False,184,0,0,77.77245,56.08,0.0,0.0,9.78,45.03,https://y.gtimg.cn/music/photo_new/T002R500x500M000002MComh0oKPHg_1.jpg
202630,第30期（07.27-08.02）,2026-07-27,2026-08-02,192,511768934,我在意的,单依纯,003H0CGe1vL66I,False,177,0,0,77.77006,61.41,0.0,0.0,3.37,42.0,https://y.gtimg.cn/music/photo_new/T002R500x500M000000IAfgq0N42nF_1.jpg
202630,第30期（07.27-08.02）,2026-07-27,2026-08-02,193,493167498,着火的沉默世界,鞠婧祎,001hEuIs1wa2cl,False,168,0,0,77.73772,56.77,0.0,0.0,6.21,45.01,https://y.gtimg.cn/music/photo_new/T002R500x500M000004KDXGi1hJ81f_1.jpg
202630,第30期（07.27-08.02）,2026-07-27,2026-08-02,194,515816882,Tiger in my love,奥利,002x1oFS12S5RS,False,197,0,0,77.72748,56.47,0.0,0.0,36.23,34.1,https://y.gtimg.cn/music/photo_new/T002R500x500M000003cHkcp2kzOpo_1.jpg
202630,第30期（07.27-08.02）,2026-07-27,2026-08-02,195,491362536,撞地球,刘宇宁,002dbfiy0u7BgF,False,180,0,0,77.50966,60.05,0.0,0.0,4.88,43.13,https://y.gtimg.cn/music/photo_new/T002R500x500M000000pBsrn0IgUVR_1.jpg
202630,第30期（07.27-08.02）,2026-07-27,2026-08-02,196,534720314,人生本是遇见又说再见,姜雨涵,002grFDn3nkQV3,False,0,0,0,77.4098,61.79,0.0,0.0,18.94,35.51,https://y.gtimg.cn/music/photo_new/T002R500x500M000001JmZbF175xAz_1.jpg
202630,第30期（07.27-08.02）,2026-07-27,2026-08-02,197,535400078,酸橙色信笺,"塞壬唱片-MSR,Dazbee,*Luna",000IamLF2r8CTw,False,0,0,0,77.37539,61.31,0.0,0.0,9.55,40.78,https://y.gtimg.cn/music/photo_new/T002R500x500M000001SzoZj4960Uq_1.jpg
202630,第30期（07.27-08.02）,2026-07-27,2026-08-02,198,534736199,Go 4 It! 就在此刻,"希林娜依高,LABUBU",003lRSLZ0ujhzI,False,176,0,0,77.26029,61.98,0.0,0.0,1.59,40.55,https://y.gtimg.cn/music/photo_new/T002R500x500M000002SXsW130LJED_1.jpg
202630,第30期（07.27-08.02）,2026-07-27,2026-08-02,199,514144458,蚱蜢跃入星空,王源,0029AM4j45vkxx,False,0,0,0,77.23244,57.08,0.0,0.0,8.85,43.68,https://y.gtimg.cn/music/photo_new/T002R500x500M000002Wpy6S19qMV8_1.jpg
202630,第30期（07.27-08.02）,2026-07-27,2026-08-02,200,507698529,我不哭,王栎鑫,001aOKKO2hKwPS,False,193,0,0,77.2165,63.12,0.0,0.0,8.84,29.06,https://y.gtimg.cn/music/photo_new/T002R500x500M000004NsgMq3MP454_2.jpg
202631,第31期（08.03-08.09）,2026-08-03,2026-08-09,1,538397805,游向陆地的鱼,梓渝,0019tNGN1TJbLT,True,0,1,1,98.47353,84.5,0.0,0.0,95.21,93.98,https://y.gtimg.cn/music/photo_new/T002R500x500M0000035Y3b01o1BsG_1.jpg
202631,第31期（08.03-08.09）,2026-08-03,2026-08-09,2,536844361,No More Tomorrow,严浩翔,000PlWCq0RCKFg,True,0,1,2,98.1737,82.79,0.0,0.0,93.7,91.42,https://y.gtimg.cn/music/photo_new/T002R500x500M000003KeoBI3AypAk_1.jpg
202631,第31期（08.03-08.09）,2026-08-03,2026-08-09,3,536849660,无名氏,张真源,000M3TRV3ZWKae,True,0,1,3,97.41084,79.33,0.0,0.0,90.35,88.65,https://y.gtimg.cn/music/photo_new/T002R500x500M000000UF73F32ghe7_1.jpg
202631,第31期（08.03-08.09）,2026-08-03,2026-08-09,4,537692294,DON'T STOP,刘耀文,001oOfjE2W6hhF,True,0,1,4,96.41719,73.08,0.0,0.0,85.15,77.37,https://y.gtimg.cn/music/photo_new/T002R500x500M000000nXBq14fLDbK_1.jpg
202631,第31期（08.03-08.09）,2026-08-03,2026-08-09,5,536275931,听无声处,周深,002SAARr0ebrGS,False,30,2,5,96.33604,72.68,0.0,0.0,59.54,86.19,https://y.qq.com/music/photo_new/T062R500x500M000004Ym4111EqoVs.jpg
202631,第31期（08.03-08.09）,2026-08-03,2026-08-09,6,537236510,来我的岛,刘宇宁,002hAbQf14wVkt,True,0,1,6,96.22742,75.78,0.0,0.0,53.68,85.39,https://y.gtimg.cn/music/photo_new/T002R500x500M000003mFnJ72MmdnQ_1.jpg
202631,第31期（08.03-08.09）,2026-08-03,2026-08-09,7,538041265,每个人,周深,000bvwA03DH7qt,True,0,1,7,96.13206,71.96,0.0,0.0,74.06,82.83,https://y.gtimg.cn/music/photo_new/T002R500x500M000003cmg8o1bSgm1_1.jpg
202631,第31期（08.03-08.09）,2026-08-03,2026-08-09,8,535040270,唯我论者的独白,马嘉祺,001pfooo4GOPDm,False,1,2,1,96.10988,80.59,0.0,0.0,66.2,82.89,https://y.gtimg.cn/music/photo_new/T002R500x500M000002SyJWd06jbh4_1.jpg
202631,第31期（08.03-08.09）,2026-08-03,2026-08-09,9,521117665,甲乙丙丁 (你我怎么两清),李佳薇,002AZauQ1UKQxe,False,7,6,7,95.5417,90.74,0.0,0.0,48.07,58.7,https://y.gtimg.cn/music/photo_new/T002R500x500M00000446QRA1fTdqA_2.jpg
202631,第31期（08.03-08.09）,2026-08-03,2026-08-09,10,515779632,Steal The Moon,王俊凯,0041rMW52UcUDL,False,10,7,1,95.48846,70.31,0.0,0.0,41.84,81.27,https://y.qq.com/music/photo_new/T062R500x500M000002Z67Ce1Dtijs.jpg
202631,第31期（08.03-08.09）,2026-08-03,2026-08-09,11,495731462,宇宙游乐场,梓渝,003xi4dG0HPhN3,False,4,10,1,95.10847,71.23,0.0,0.0,48.67,79.36,https://y.gtimg.cn/music/photo_new/T002R500x500M000001YF9mT23fsBQ_1.jpg
202631,第31期（08.03-08.09）,2026-08-03,2026-08-09,12,532484944,金乌 Golden Bird,"刘宇,Alan Walker,孙名川Chuanzi Suona",0003JwIi4QIpYc,True,0,1,12,94.2231,75.11,0.0,0.0,72.37,72.4,https://y.gtimg.cn/music/photo_new/T002R500x500M000002Yi9zH2kztlV_2.jpg
202631,第31期（08.03-08.09）,2026-08-03,2026-08-09,13,533494826,山风山风等等我,万海东,0012TY2n0qQurs,False,11,2,11,94.06787,86.96,0.0,0.0,57.14,56.21,https://y.gtimg.cn/music/photo_new/T002R500x500M000002O92eu0Jubpi_3.jpg
202631,第31期（08.03-08.09）,2026-08-03,2026-08-09,14,522467101,讨厌情歌,张艺兴,004QdItR3OzS3J,False,35,2,14,93.07517,74.34,0.0,0.0,54.67,75.02,https://y.gtimg.cn/music/photo_new/T002R500x500M000001w138z3PZEcz_1.jpg
202631,第31期（08.03-08.09）,2026-08-03,2026-08-09,15,476979934,大江南,刀郎,00353J6U0acVVf,False,12,20,9,92.82241,60.54,0.0,0.0,35.44,76.11,https://y.gtimg.cn/music/photo_new/T002R500x500M0000042UNmv3tjqE2_1.jpg
202631,第31期（08.03-08.09）,2026-08-03,2026-08-09,16,528886869,吹吹山顶的风,巴扎黑,00300Opj0ekd7M,False,14,5,12,92.78788,85.42,0.0,0.0,58.55,46.66,https://y.gtimg.cn/music/photo_new/T002R500x500M000003fdCjM2I4CYg_4.jpg
202631,第31期（08.03-08.09）,2026-08-03,2026-08-09,17,490979740,玻璃,Gareth.T,001brxL63DYjSr,False,15,12,2,92.76196,85.77,0.0,0.0,27.67,56.03,https://y.gtimg.cn/music/photo_new/T002R500x500M000002kIED92uw8L5_1.jpg
202631,第31期（08.03-08.09）,2026-08-03,2026-08-09,18,495624493,梦哑,任然,003WHs6a1qmOeG,False,16,7,15,92.62368,85.65,0.0,0.0,26.69,54.55,https://y.gtimg.cn/music/photo_new/T002R500x500M000000JotAZ2WZEkq_1.jpg
202631,第31期（08.03-08.09）,2026-08-03,2026-08-09,19,538627063,STRANGE,刘雨昕,002rMnSN4R0ahw,True,0,1,19,92.23778,77.65,0.0,0.0,66.44,65.52,https://y.gtimg.cn/music/photo_new/T002R500x500M000000BaXC41XdsHa_1.jpg
202631,第31期（08.03-08.09）,2026-08-03,2026-08-09,20,293603181,小美满,周深,002QvWwX1BG9mr,False,21,131,1,92.17863,79.49,0.0,0.0,32.55,71.27,https://y.gtimg.cn/music/photo_new/T002R500x500M0000002ATV00WcBgd_2.jpg
202631,第31期（08.03-08.09）,2026-08-03,2026-08-09,21,452195789,不渝,梓渝,000TyQAA0jYDlU,False,6,34,1,91.97008,62.37,0.0,0.0,36.0,74.53,https://y.gtimg.cn/music/photo_new/T002R500x500M000001bXK7t4Q576w_1.jpg
202631,第31期（08.03-08.09）,2026-08-03,2026-08-09,22,199985272,花开忘忧,周深,004czGF42WSgko,False,22,205,1,91.92509,71.32,0.0,0.0,26.61,73.67,https://y.gtimg.cn/music/photo_new/T002R500x500M000001rb1ah0bFKMo_1.jpg
202631,第31期（08.03-08.09）,2026-08-03,2026-08-09,23,532442337,全世界的雨,"周深,Ella陈嘉桦",000R5lKk0KJBgG,False,24,4,2,91.78261,83.48,0.0,0.0,31.95,55.53,https://y.gtimg.cn/music/photo_new/T002R500x500M000003K9rwV09UxLk_1.jpg
202631,第31期（08.03-08.09）,2026-08-03,2026-08-09,24,385505856,像晴天像雨天,汪苏泷,003sZs4P2hFUVQ,False,23,78,6,91.77231,77.91,0.0,0.0,38.73,70.66,https://y.gtimg.cn/music/photo_new/T002R500x500M000001V8PDy1om05K_1.jpg
202631,第31期（08.03-08.09）,2026-08-03,2026-08-09,25,474412512,那天下雨了,周杰伦,0044SaFh0apuR2,False,19,20,2,91.66813,82.76,0.0,0.0,39.32,56.84,https://y.gtimg.cn/music/photo_new/T002R500x500M0000041WVfh2vtlJE_1.jpg
202631,第31期（08.03-08.09）,2026-08-03,2026-08-09,26,509534822,我想,刘宇宁,004BV00w11Ysvm,False,5,9,3,91.55314,68.14,0.0,0.0,25.2,73.05,https://y.gtimg.cn/music/photo_new/T002R500x500M000002lkcEK0ztfwR_1.jpg
202631,第31期（08.03-08.09）,2026-08-03,2026-08-09,27,466598714,人间共鸣,李健,001ve92b4N7wT1,False,28,26,4,91.28662,81.56,0.0,0.0,47.67,53.61,https://y.gtimg.cn/music/photo_new/T002R500x500M000003RVJjp1svtyz_1.jpg
202631,第31期（08.03-08.09）,2026-08-03,2026-08-09,28,532441524,过海,"王赫野,黄龄",003DEzAQ3HSB9l,False,43,3,28,91.27075,82.88,0.0,0.0,28.12,47.29,https://y.gtimg.cn/music/photo_new/T002R500x500M000003sDdGY2FtUY2_1.jpg
202631,第31期（08.03-08.09）,2026-08-03,2026-08-09,29,447308818,街角的晚风,陈小春,001e2FJz3QXaf0,False,25,35,5,91.23443,82.64,0.0,0.0,45.91,38.58,https://y.gtimg.cn/music/photo_new/T002R500x500M0000028jKt80PGmlB_4.jpg
202631,第31期（08.03-08.09）,2026-08-03,2026-08-09,30,501946652,钗头凤,云朵,002TWhsM17TMbC,True,0,1,30,91.07447,64.2,0.0,0.0,58.53,70.21,https://y.gtimg.cn/music/photo_new/T002R500x500M000000BlY9Z3Nrr3g_1.jpg
202631,第31期（08.03-08.09）,2026-08-03,2026-08-09,31,535881027,失重色,世勋,000lRPjD2F038X,False,3,2,3,91.01011,71.23,0.0,0.0,40.05,70.67,https://y.gtimg.cn/music/photo_new/T002R500x500M0000014Z9nm2HwRfC_1.jpg
202631,第31期（08.03-08.09）,2026-08-03,2026-08-09,32,535328619,见山河,刘宇宁,001jvmwK3BYxpT,False,8,2,8,90.97608,69.13,0.0,0.0,16.26,71.35,https://y.gtimg.cn/music/photo_new/T002R500x500M000002g8Zeb2DyMhE_1.jpg
202631,第31期（08.03-08.09）,2026-08-03,2026-08-09,33,535314845,如约,周深,000uTZAI1djRlw,False,2,3,2,90.91381,75.82,0.0,0.0,48.54,65.34,https://y.gtimg.cn/music/photo_new/T002R500x500M0000007zt0H0BXeMQ_1.jpg
202631,第31期（08.03-08.09）,2026-08-03,2026-08-09,34,475529076,Fever Pitch,Richz,000WhoSx0Wpvog,False,27,13,22,90.68102,81.51,0.0,0.0,32.23,33.59,https://y.gtimg.cn/music/photo_new/T002R500x500M0000013EMSw3bvHuu_1.jpg
202631,第31期（08.03-08.09）,2026-08-03,2026-08-09,35,486022788,两世洞天,黄星,001rRVzh2m7RJB,False,31,10,15,90.4943,50.3,0.0,0.0,6.94,71.0,https://y.gtimg.cn/music/photo_new/T002R500x500M0000001ze381iKWmo_2.jpg
202631,第31期（08.03-08.09）,2026-08-03,2026-08-09,36,478777514,有风的日落,万海东,0046Ffh90pkMOs,False,38,13,15,90.40182,80.49,0.0,0.0,39.13,30.55,https://y.gtimg.cn/music/photo_new/T002R500x500M000003ifChN0R3y1H_1.jpg
202631,第31期（08.03-08.09）,2026-08-03,2026-08-09,37,533095371,媚人,薛之谦,001Fk1hB2OWZYH,False,33,4,8,90.21892,77.05,0.0,0.0,23.5,57.54,https://y.gtimg.cn/music/photo_new/T002R500x500M000002vfBmm41fIRe_1.jpg
202631,第31期（08.03-08.09）,2026-08-03,2026-08-09,38,480678966,静音恋人 (两颗缠绕的心),礼越,0046UbDu4Lyebe,False,39,11,18,90.16329,79.58,0.0,0.0,28.28,42.06,https://y.gtimg.cn/music/photo_new/T002R500x500M0000002luCJ26Yi4n_2.jpg
202631,第31期（08.03-08.09）,2026-08-03,2026-08-09,39,539429664,月像,刘宇,000Tl2KR31gbfV,True,0,1,39,90.1239,60.14,0.0,0.0,61.04,60.6,https://y.gtimg.cn/music/photo_new/T002R500x500M000000fRo8n2EjSTq_1.jpg
202631,第31期（08.03-08.09）,2026-08-03,2026-08-09,40,499329279,山歌追上云朵,央金拉姆,004RglME1g9lJV,False,46,9,39,90.03555,77.76,0.0,0.0,39.23,45.73,https://y.gtimg.cn/music/photo_new/T002R500x500M000004N13wG44oqY1_1.jpg
202631,第31期（08.03-08.09）,2026-08-03,2026-08-09,41,534557809,回到小村落 (听着蛐蛐唱着歌),宋盐球,002WC11v12UAS1,True,0,1,41,89.95717,78.21,0.0,0.0,28.56,44.43,https://y.gtimg.cn/music/photo_new/T002R500x500M000003tHcp70nBmqH_2.jpg
202631,第31期（08.03-08.09）,2026-08-03,2026-08-09,42,511364187,挽红纱,"龚琳娜,张云雷",000QQHy712ZX4T,False,48,8,7,89.94005,61.07,0.0,0.0,13.64,66.86,https://y.gtimg.cn/music/photo_new/T002R500x500M000000r1HER3uMIFZ_1.jpg
202631,第31期（08.03-08.09）,2026-08-03,2026-08-09,43,458320813,Someone Like You,张真源,004TaA831D40QG,False,29,30,1,89.92395,52.92,0.0,0.0,46.69,65.18,https://y.gtimg.cn/music/photo_new/T002R500x500M000002P1zsF2O3TDF_1.jpg
202631,第31期（08.03-08.09）,2026-08-03,2026-08-09,44,480650227,写故事的人,汪苏泷,0028t0n12nBn9U,False,44,7,13,89.42741,76.92,0.0,0.0,17.48,51.2,https://y.gtimg.cn/music/photo_new/T002R500x500M000000A1M903iHvyT_4.jpg
202631,第31期（08.03-08.09）,2026-08-03,2026-08-09,45,536395629,也许你就在对岸,张杰,001C6jX625yhUv,False,17,2,17,89.09393,76.74,0.0,0.0,20.25,50.49,https://y.gtimg.cn/music/photo_new/T002R500x500M000002iSmQU4DC9Eu_2.jpg
202631,第31期（08.03-08.09）,2026-08-03,2026-08-09,46,538316151,野草（致老狗）,曾舜晞,001gXxHQ1fOUPu,True,0,1,46,89.07524,77.19,0.0,0.0,43.17,31.4,https://y.gtimg.cn/music/photo_new/T002R500x500M000002NzTSB1RIBWB_1.jpg
202631,第31期（08.03-08.09）,2026-08-03,2026-08-09,47,531112810,周旋,"王以太,艾热AIR",0009cN231s93BH,False,47,4,27,89.04574,77.03,0.0,0.0,7.32,49.72,https://y.gtimg.cn/music/photo_new/T002R500x500M000000TFXPO1bLY2u_1.jpg
202631,第31期（08.03-08.09）,2026-08-03,2026-08-09,48,463774753,Colder,蔡徐坤,00400RDv0ozgWg,False,32,27,2,89.00898,57.11,0.0,0.0,60.31,57.21,https://y.gtimg.cn/music/photo_new/T002R500x500M000003Q9it10RWLId_2.jpg
202631,第31期（08.03-08.09）,2026-08-03,2026-08-09,49,487550585,主角,王菲,001uywZc1PxmVv,False,50,14,11,88.85385,77.04,0.0,0.0,40.09,40.57,https://y.gtimg.cn/music/photo_new/T002R500x500M0000014oHsO311mVp_1.jpg
202631,第31期（08.03-08.09）,2026-08-03,2026-08-09,50,538109339,一诺,刘宇宁,003AogSY2WGKrW,True,0,1,50,88.57857,71.32,0.0,0.0,42.31,58.24,https://y.gtimg.cn/music/photo_new/T002R500x500M000000XNSki2aoKr8_1.jpg
202631,第31期（08.03-08.09）,2026-08-03,2026-08-09,51,474412516,爱琴海,周杰伦,003WPrjL4dimFE,False,52,20,4,88.05573,77.02,0.0,0.0,23.59,40.31,https://y.gtimg.cn/music/photo_new/T002R500x500M0000041WVfh2vtlJE_1.jpg
202631,第31期（08.03-08.09）,2026-08-03,2026-08-09,52,515090709,落日微醺（晚风中一杯酒）,落日微醺,0029j7eI4Poe44,False,86,5,52,87.91011,76.32,0.0,0.0,36.19,40.7,https://y.gtimg.cn/music/photo_new/T002R500x500M000001TMIlo2CCoNX_1.jpg
202631,第31期（08.03-08.09）,2026-08-03,2026-08-09,53,535934576,奔赴超无限,"周深,北京环球度假区",002sjXkp1KKKUX,True,122,1,53,87.62967,75.52,0.0,0.0,1.88,50.66,https://y.gtimg.cn/music/photo_new/T002R500x500M000004T2U7i3TrVFC_2.jpg
202631,第31期（08.03-08.09）,2026-08-03,2026-08-09,54,533897410,汹涌,吴莫愁,003zLeSq0V2ECp,False,51,2,51,87.53826,75.78,0.0,0.0,6.17,48.2,https://y.gtimg.cn/music/photo_new/T002R500x500M000003mTx4M2vjsxl_1.jpg
202631,第31期（08.03-08.09）,2026-08-03,2026-08-09,55,533494200,Glue,希林娜依高,000Q9lzD0ag0YJ,False,41,2,41,87.50765,61.12,0.0,0.0,35.62,61.85,https://y.gtimg.cn/music/photo_new/T002R500x500M000003RLC1r1I8Y7u_1.jpg
202631,第31期（08.03-08.09）,2026-08-03,2026-08-09,56,463431785,巴拉莱卡（The Rod）,门尼,004cIIT23E42Bi,False,61,20,19,87.04019,75.81,0.0,0.0,26.75,41.36,https://y.qq.com/music/photo_new/T062R500x500M000000KuGDR0MKlCb.jpg
202631,第31期（08.03-08.09）,2026-08-03,2026-08-09,57,463774751,Don't Call (feat. Free Nationals),蔡徐坤,004O0a1f4T0RI8,False,37,25,3,86.96666,55.45,0.0,0.0,59.92,50.75,https://y.gtimg.cn/music/photo_new/T002R500x500M000003Q9it10RWLId_2.jpg
202631,第31期（08.03-08.09）,2026-08-03,2026-08-09,58,536013015,你我他,en (王翊恩),001LhXEA3xLRsJ,False,96,2,58,86.86379,71.52,0.0,0.0,11.19,55.97,https://y.gtimg.cn/music/photo_new/T002R500x500M000001cbKAD3pm4vz_1.jpg
202631,第31期（08.03-08.09）,2026-08-03,2026-08-09,59,530399436,Badi Badi,王俊凯,003DPd5i2qrCU7,False,58,5,7,86.77853,71.53,0.0,0.0,40.31,51.92,https://y.qq.com/music/photo_new/T062R500x500M00000263WWe1mlRaa.jpg
202631,第31期（08.03-08.09）,2026-08-03,2026-08-09,60,515804613,8DM,"V8,徐明浩",001gPXbo2gpbbH,False,54,6,12,86.62917,50.49,0.0,0.0,22.11,62.58,https://y.gtimg.cn/music/photo_new/T002R500x500M000000rDsrP3UzzFm_1.jpg
202631,第31期（08.03-08.09）,2026-08-03,2026-08-09,61,537404490,耀眼的我们,周深,002JZCyb4ORwy7,False,42,2,42,86.55362,72.99,0.0,0.0,39.96,46.83,https://y.qq.com/music/photo_new/T062R500x500M000000UcSCT2174o4.jpg
202631,第31期（08.03-08.09）,2026-08-03,2026-08-09,62,513661414,多疑的恋人,王赫野,0023sj7z0VIWnp,True,0,1,62,86.53642,76.23,0.0,0.0,3.46,19.95,https://y.qq.com/music/photo_new/T062R500x500M000001v80sJ1AkvQs.jpg
202631,第31期（08.03-08.09）,2026-08-03,2026-08-09,63,476300984,无人乐园,王俊凯,004BsuOC1hamlB,False,20,20,1,86.48867,68.33,0.0,0.0,20.7,58.02,https://y.qq.com/music/photo_new/T062R500x500M000002ExhNX0VO1Mc.jpg
202631,第31期（08.03-08.09）,2026-08-03,2026-08-09,64,537633785,异常加载中,"TF家族,TF家族-张桂源,TF家族-张函瑞,TF家族-王橹杰,TF家族-左奇函,TF家族-陈奕恒,TF家族-杨博文,TF家族-陈思罕,TF家族-陈浚铭",002Agcje4enxFb,False,45,2,45,86.48792,74.53,0.0,0.0,18.62,46.78,https://y.gtimg.cn/music/photo_new/T002R500x500M000000bjZ7v0vnJHl_1.jpg
202631,第31期（08.03-08.09）,2026-08-03,2026-08-09,65,535934579,No Boundaries,"周深,北京环球度假区",002U6qAT0IMMwf,False,82,2,65,86.38343,73.53,0.0,0.0,3.16,50.73,https://y.gtimg.cn/music/photo_new/T002R500x500M000004T2U7i3TrVFC_2.jpg
202631,第31期（08.03-08.09）,2026-08-03,2026-08-09,66,480650228,让你知道,"汪苏泷,G.E.M. 邓紫棋",002V5FGl3Wga6v,False,63,7,11,86.1991,72.51,0.0,0.0,4.92,51.9,https://y.gtimg.cn/music/photo_new/T002R500x500M000000A1M903iHvyT_4.jpg
202631,第31期（08.03-08.09）,2026-08-03,2026-08-09,67,517395426,问爱,Yamy郭颖,002oGI0x1Go47u,False,74,2,67,85.8429,74.73,0.0,0.0,11.44,41.93,https://y.gtimg.cn/music/photo_new/T002R500x500M000000nsQXX2AYOBd_1.jpg
202631,第31期（08.03-08.09）,2026-08-03,2026-08-09,68,466782905,梦底,海来阿木,001bG0HK1bhUgX,False,67,23,9,85.83845,74.83,0.0,0.0,25.06,37.45,https://y.qq.com/music/photo_new/T062R500x500M000002Lcths3JW6kx.jpg
202631,第31期（08.03-08.09）,2026-08-03,2026-08-09,69,538051491,Hope,王力宏,002A38VF0Ra59O,True,0,1,69,85.77797,66.13,0.0,0.0,48.46,50.19,https://y.gtimg.cn/music/photo_new/T002R500x500M000000mBuLo4LE4H4_1.jpg
202631,第31期（08.03-08.09）,2026-08-03,2026-08-09,70,518582456,相思锁,张真源,000EQX6y3kMOYI,False,55,6,2,85.75035,69.68,0.0,0.0,46.33,47.4,https://y.gtimg.cn/music/photo_new/T002R500x500M000003YtOnb3UDtqO_2.jpg
202631,第31期（08.03-08.09）,2026-08-03,2026-08-09,71,467620041,吉量,周深,004VCyBy391azx,False,69,25,1,85.70554,67.97,0.0,0.0,15.12,55.64,https://y.gtimg.cn/music/photo_new/T002R500x500M0000010e79v0CExQN_2.jpg
202631,第31期（08.03-08.09）,2026-08-03,2026-08-09,72,464961899,失眠了,吴琳珂Moske,001TbwI91Lu6kB,False,70,24,19,85.55837,74.98,0.0,0.0,2.74,38.39,https://y.gtimg.cn/music/photo_new/T002R500x500M000001Eq1Sr22DGRf_1.jpg
202631,第31期（08.03-08.09）,2026-08-03,2026-08-09,73,474678725,宠,檀健次,004F7UlD2YXJtR,False,73,21,10,85.45741,61.12,0.0,0.0,19.35,58.87,https://y.gtimg.cn/music/photo_new/T002R500x500M000001pEKRz4LW4Vx_1.jpg
202631,第31期（08.03-08.09）,2026-08-03,2026-08-09,74,513694560,最后的借口,"h3R3刘清云,罗可Lorkin",0009ekdK2Ilzld,False,72,5,72,85.37997,74.42,0.0,0.0,9.01,39.47,https://y.gtimg.cn/music/photo_new/T002R500x500M0000031yTwA0yq3b5_1.jpg
202631,第31期（08.03-08.09）,2026-08-03,2026-08-09,75,471987459,无趣生活指南,宋亚轩,004MTdEu3oB5ZR,False,65,22,1,85.36108,58.93,0.0,0.0,10.63,59.94,https://y.gtimg.cn/music/photo_new/T002R500x500M000003Lv1d94F8P3W_1.jpg
202631,第31期（08.03-08.09）,2026-08-03,2026-08-09,76,521720356,疑疑疑,王俊凯,003Y82u91ZIDmO,False,68,6,3,85.1615,70.15,0.0,0.0,31.39,50.44,https://y.qq.com/music/photo_new/T062R500x500M000001RGf6N2Plzq6.jpg
202631,第31期（08.03-08.09）,2026-08-03,2026-08-09,77,492018231,焰 (Born of fire),喻言,002XikGC1GN4Ug,False,0,11,5,85.1062,44.38,0.0,0.0,2.69,60.81,https://y.gtimg.cn/music/photo_new/T002R500x500M000000rhRU20WI7Ce_1.jpg
202631,第31期（08.03-08.09）,2026-08-03,2026-08-09,78,512003003,逍遥仙,筷子兄弟,00485M1a40O8Hi,False,85,8,28,85.01141,73.67,0.0,0.0,25.14,23.81,https://y.gtimg.cn/music/photo_new/T002R500x500M000002z6UmJ3m71jH_2.jpg
202631,第31期（08.03-08.09）,2026-08-03,2026-08-09,79,481957782,烟花街,"崔十八,听潮阁",002EsPoW4eUnsu,False,90,7,52,84.98841,50.47,0.0,0.0,10.29,60.26,https://y.gtimg.cn/music/photo_new/T002R500x500M000003VWOiA0YwIBI_1.jpg
202631,第31期（08.03-08.09）,2026-08-03,2026-08-09,80,532831826,ZESTY,袁一琦,004Ymb8G1GWzPk,False,71,4,6,84.90183,54.89,0.0,0.0,5.84,59.61,https://y.gtimg.cn/music/photo_new/T002R500x500M000003qltM2469LMm_2.jpg
202631,第31期（08.03-08.09）,2026-08-03,2026-08-09,81,521720340,如期,王俊凯,000n3xE32Sdk1C,False,78,6,25,84.6265,67.73,0.0,0.0,32.25,50.65,https://y.qq.com/music/photo_new/T062R500x500M000000axnOS3fnS48.jpg
202631,第31期（08.03-08.09）,2026-08-03,2026-08-09,82,530004147,红尘慌慌,周深,003ARFyH2himMe,False,64,5,1,84.54468,70.35,0.0,0.0,10.83,50.35,https://y.qq.com/music/photo_new/T062R500x500M000002P5PQ93Mb5a2.jpg
202631,第31期（08.03-08.09）,2026-08-03,2026-08-09,83,531359848,我只要我开心,时代少年团,0047kieu3p1Zrf,False,77,4,4,84.38467,70.92,0.0,0.0,27.05,45.46,https://y.gtimg.cn/music/photo_new/T002R500x500M000002zvO7r0gSXWZ_1.jpg
202631,第31期（08.03-08.09）,2026-08-03,2026-08-09,84,522467105,北京的雨,张艺兴,002ubhKy3qBLES,False,36,4,11,84.26811,67.5,0.0,0.0,42.72,44.7,https://y.qq.com/music/photo_new/T062R500x500M0000004cYUv1WOARD.jpg
202631,第31期（08.03-08.09）,2026-08-03,2026-08-09,85,532518888,都有这一天,"老中青民谣,小巷先生",000hceWt1DIler,True,106,1,85,84.08332,71.92,0.0,0.0,3.41,43.64,https://y.gtimg.cn/music/photo_new/T002R500x500M000002CgPwJ1Sz9aU_1.jpg
202631,第31期（08.03-08.09）,2026-08-03,2026-08-09,86,535195004,竞速游戏,TOP登陆少年组合,002cmsGd2ClwVJ,False,53,3,26,83.95613,71.29,0.0,0.0,20.6,43.71,https://y.gtimg.cn/music/photo_new/T002R500x500M000000ji8iX05RUPt_1.jpg
202631,第31期（08.03-08.09）,2026-08-03,2026-08-09,87,517484236,光,陈楚生,004JAWWq0NadAX,False,110,4,57,83.94899,52.27,0.0,0.0,7.23,58.3,https://y.gtimg.cn/music/photo_new/T002R500x500M000002ld9Tt17lb4O_1.jpg
202631,第31期（08.03-08.09）,2026-08-03,2026-08-09,88,521720344,无声潮汐,王俊凯,002OhQnJ2tqnT6,False,98,6,26,83.94552,66.5,0.0,0.0,31.47,50.26,https://y.qq.com/music/photo_new/T062R500x500M000004ATwLB1BZI0b.jpg
202631,第31期（08.03-08.09）,2026-08-03,2026-08-09,89,530763134,你我怎么两清(甲乙丙丁),半糖记,0023h5da24x3Ka,True,0,1,89,83.9329,73.21,0.0,0.0,10.82,15.91,https://y.gtimg.cn/music/photo_new/T002R500x500M000001PxsiB1VcKdm_1.jpg
202631,第31期（08.03-08.09）,2026-08-03,2026-08-09,90,472514843,问你一个人类梦寐以求的深奥问题,汪苏泷,003O2jAx2Z8mad,False,94,22,5,83.91446,68.05,0.0,0.0,28.7,49.3,https://y.qq.com/music/photo_new/T062R500x500M000001MhXjs26yhdQ.jpg
202631,第31期（08.03-08.09）,2026-08-03,2026-08-09,91,530399435,破晓,王俊凯,001IXEnW4OmqLF,False,89,5,1,83.86245,66.77,0.0,0.0,30.15,50.21,https://y.qq.com/music/photo_new/T062R500x500M000004EhfP90kZ9le.jpg
202631,第31期（08.03-08.09）,2026-08-03,2026-08-09,92,534168998,失联雨季,"晃儿,千禾星摇调音台",003YvyOb3Xn0Xx,True,0,1,92,83.6832,55.93,0.0,0.0,5.16,57.01,https://y.gtimg.cn/music/photo_new/T002R500x500M000001dThgA3iFdbi_1.jpg
202631,第31期（08.03-08.09）,2026-08-03,2026-08-09,93,491256250,凌绝顶,梓渝,001SZuO01zTv4Y,False,84,12,1,83.67322,63.24,0.0,0.0,23.59,52.79,https://y.gtimg.cn/music/photo_new/T002R500x500M000004bXPkr3OymlI_1.jpg
202631,第31期（08.03-08.09）,2026-08-03,2026-08-09,94,530399437,下一天,王俊凯,002d62eR3BYiWY,False,102,4,9,83.65323,66.07,0.0,0.0,31.22,50.02,https://y.qq.com/music/photo_new/T062R500x500M000000NfJyp11Nuig.jpg
202631,第31期（08.03-08.09）,2026-08-03,2026-08-09,95,478120646,情深深雨濛濛,梓渝,001IodTs2xXctR,False,87,19,1,83.63986,63.08,0.0,0.0,26.49,52.53,https://y.gtimg.cn/music/photo_new/T002R500x500M000004d4d3s0RGI34_1.jpg
202631,第31期（08.03-08.09）,2026-08-03,2026-08-09,96,521720357,Stay,王俊凯,002TplNQ18uPB9,False,100,5,24,83.59238,66.28,0.0,0.0,29.21,50.1,https://y.qq.com/music/photo_new/T062R500x500M000000yKB6w1WY6fo.jpg
202631,第31期（08.03-08.09）,2026-08-03,2026-08-09,97,521720355,幻梦,王俊凯,000bbwzf2E0nwB,False,99,5,23,83.52713,66.07,0.0,0.0,30.33,49.91,https://y.qq.com/music/photo_new/T062R500x500M000003tjnfQ2DkfyZ.jpg
202631,第31期（08.03-08.09）,2026-08-03,2026-08-09,98,515780030,真相,王俊凯,004WWjMC2Dt1ip,False,49,6,5,83.51291,65.51,0.0,0.0,26.12,50.76,https://y.qq.com/music/photo_new/T062R500x500M000004YwMvf2ekLnQ.jpg
202631,第31期（08.03-08.09）,2026-08-03,2026-08-09,99,515780154,从前,王俊凯,000Ji0xi2WKRll,False,101,5,6,83.47433,66.19,0.0,0.0,23.78,50.49,https://y.qq.com/music/photo_new/T062R500x500M000001q4lBQ4YRSPD.jpg
202631,第31期（08.03-08.09）,2026-08-03,2026-08-09,100,515779634,I Love This Life,王俊凯,002snOiL3DNzr2,False,103,5,7,83.46513,66.03,0.0,0.0,25.06,50.44,https://y.qq.com/music/photo_new/T062R500x500M0000033JXxr402Nw0.jpg
202631,第31期（08.03-08.09）,2026-08-03,2026-08-09,101,537908907,只是片刻,"冯建宇,赵志刚",003WV2yK46imws,False,0,0,0,83.31265,63.32,0.0,0.0,43.46,45.68,https://y.gtimg.cn/music/photo_new/T002R500x500M000004cfmXV3sXhR5_2.jpg
202631,第31期（08.03-08.09）,2026-08-03,2026-08-09,102,538946782,Think About It,"D.N.A,张艺兴,颜人中,GALI,TEN,李治廷",002CsOmp02LLF5,False,0,0,0,83.16947,62.29,0.0,0.0,23.83,52.38,https://y.gtimg.cn/music/photo_new/T002R500x500M000000GcT6i25V6Kn_1.jpg
202631,第31期（08.03-08.09）,2026-08-03,2026-08-09,103,513694963,爱你是我的秘密,庄淇玟29,000fQYli0zRiOx,False,126,0,0,82.891,71.71,0.0,0.0,7.03,36.41,https://y.gtimg.cn/music/photo_new/T002R500x500M000003Wra153uFebP_1.jpg
202631,第31期（08.03-08.09）,2026-08-03,2026-08-09,104,531377175,破晓,十个勤天,0040bFEa46eiwG,False,170,0,0,82.67626,53.92,0.0,0.0,1.24,55.72,https://y.gtimg.cn/music/photo_new/T002R500x500M000003jlUc82XQcof_1.jpg
202631,第31期（08.03-08.09）,2026-08-03,2026-08-09,105,534985489,清风微微,曾舜晞,002r2KrX1JWd1p,False,168,0,0,82.65417,72.1,0.0,0.0,2.36,19.14,https://y.gtimg.cn/music/photo_new/T002R500x500M000001lOTOO3XaXbu_1.jpg
202631,第31期（08.03-08.09）,2026-08-03,2026-08-09,106,530838888,窝囊废,"刘凤瑶,曾一鸣,张玮,李琦,派克特",002oy5sA18Y1vl,False,114,0,0,82.57244,71.37,0.0,0.0,7.85,36.09,https://y.gtimg.cn/music/photo_new/T002R500x500M000000i2YjH2563cV_1.jpg
202631,第31期（08.03-08.09）,2026-08-03,2026-08-09,107,536556331,爱你太多,刘一手,000lR5lC0KRAFT,False,0,0,0,82.38434,71.24,0.0,0.0,5.77,35.99,https://y.gtimg.cn/music/photo_new/T002R500x500M000002BYJAV40Y92k_2.jpg
202631,第31期（08.03-08.09）,2026-08-03,2026-08-09,108,491996814,本末,任素汐,001sTnpM1Kw5aa,False,121,0,0,82.27623,71.14,0.0,0.0,7.05,35.07,https://y.gtimg.cn/music/photo_new/T002R500x500M0000033vNiW2uLR2S_1.jpg
202631,第31期（08.03-08.09）,2026-08-03,2026-08-09,109,524521641,漫游,黄子弘凡,0009xPxG0R6G9c,False,120,0,0,82.04829,62.72,0.0,0.0,13.87,50.63,https://y.qq.com/music/photo_new/T062R500x500M0000011NdbQ2F154j.jpg
202631,第31期（08.03-08.09）,2026-08-03,2026-08-09,110,536573515,放弃的界限,张敬轩,004A3P4m3iHPY8,False,57,0,0,81.93812,69.48,0.0,0.0,8.97,42.68,https://y.gtimg.cn/music/photo_new/T002R500x500M000000El1e90HegZ3_1.jpg
202631,第31期（08.03-08.09）,2026-08-03,2026-08-09,111,532547067,如果你也刚好抬头看树,孙天宇,0005HuT83Cze8P,False,105,0,0,81.87627,70.49,0.0,0.0,4.96,40.31,https://y.gtimg.cn/music/photo_new/T002R500x500M000002w4MPC0gdACF_1.jpg
202631,第31期（08.03-08.09）,2026-08-03,2026-08-09,112,536669686,像我这样爱你的人,"落日微醺本薰,张多金",003omTCf30mBhR,False,0,0,0,81.7712,66.54,0.0,0.0,12.46,45.42,https://y.gtimg.cn/music/photo_new/T002R500x500M000004Benog1vkGNt_1.jpg
202631,第31期（08.03-08.09）,2026-08-03,2026-08-09,113,539515559,痕迹,何浩楠,000x1b2W1JOuQT,False,0,0,0,81.69622,64.76,0.0,0.0,12.41,47.42,https://y.gtimg.cn/music/photo_new/T002R500x500M000004dgBHu2OiKow_1.jpg
202631,第31期（08.03-08.09）,2026-08-03,2026-08-09,114,513183075,一见如故,许嵩,002ioSAK2ftAqy,False,130,0,0,81.51137,69.82,0.0,0.0,5.82,40.9,https://y.gtimg.cn/music/photo_new/T002R500x500M000001Oqn952HAPRk_1.jpg
202631,第31期（08.03-08.09）,2026-08-03,2026-08-09,115,530772974,Metal Flower,R.E.D,0043j4Cx4XEcBt,False,112,0,0,81.35693,56.85,0.0,0.0,2.04,52.38,https://y.gtimg.cn/music/photo_new/T002R500x500M000000u1Owg2RJzL5_1.jpg
202631,第31期（08.03-08.09）,2026-08-03,2026-08-09,116,534977256,爱旧爱（怪我曾爱你爱的太深）,恩几,002BW1w04c8Ixz,False,109,0,0,81.21781,70.26,0.0,0.0,11.64,24.94,https://y.gtimg.cn/music/photo_new/T002R500x500M000003SOJ190L6pju_2.jpg
202631,第31期（08.03-08.09）,2026-08-03,2026-08-09,117,537001997,南方没有你北方没有雨,魏佳艺,0023yXZO0CRehG,False,0,0,0,81.21281,70.69,0.0,0.0,3.3,10.32,https://y.gtimg.cn/music/photo_new/T002R500x500M000003fQp094DHwv6_1.jpg
202631,第31期（08.03-08.09）,2026-08-03,2026-08-09,118,536864840,灵魂相愿,张敬轩,004aV04M0IgIn8,False,88,0,0,81.20944,67.78,0.0,0.0,6.03,42.3,https://y.gtimg.cn/music/photo_new/T002R500x500M0000000DEVM1yYbfG_3.jpg
202631,第31期（08.03-08.09）,2026-08-03,2026-08-09,119,513296573,街角的晚风1997,曾舜晞,004Ge20S1FuiOF,False,115,0,0,81.20061,70.38,0.0,0.0,12.57,15.28,https://y.gtimg.cn/music/photo_new/T002R500x500M000002eea6O0cudxW_2.jpg
202631,第31期（08.03-08.09）,2026-08-03,2026-08-09,120,513183119,心安之地,许嵩,000h1psW2HN90S,False,127,0,0,81.17958,68.07,0.0,0.0,9.33,41.47,https://y.gtimg.cn/music/photo_new/T002R500x500M000001Oqn952HAPRk_1.jpg
202631,第31期（08.03-08.09）,2026-08-03,2026-08-09,121,539205299,忘情火鸡面,马健涛,001lA3sd1ce339,False,0,0,0,81.08602,55.9,0.0,0.0,1.91,52.09,https://y.gtimg.cn/music/photo_new/T002R500x500M000001YB4c3254Rz1_1.jpg
202631,第31期（08.03-08.09）,2026-08-03,2026-08-09,122,522467109,生日不快乐,张艺兴,001PSlNu3003Td,False,13,0,0,81.08276,61.36,0.0,0.0,32.61,45.4,https://y.gtimg.cn/music/photo_new/T002R500x500M000001w138z3PZEcz_1.jpg
202631,第31期（08.03-08.09）,2026-08-03,2026-08-09,123,522662100,UP IT,刘耀文,003envMt4H3x7x,False,142,0,0,81.06768,61.01,0.0,0.0,32.52,45.83,https://y.gtimg.cn/music/photo_new/T002R500x500M000003Q3flT1zkBX3_1.jpg
202631,第31期（08.03-08.09）,2026-08-03,2026-08-09,124,530494384,青玉恋,刘宇,001Mlxo70U5jA2,False,117,0,0,81.00847,61.19,0.0,0.0,14.65,49.06,https://y.gtimg.cn/music/photo_new/T002R500x500M000003zREKb4gJGUF_1.jpg
202631,第31期（08.03-08.09）,2026-08-03,2026-08-09,125,507703039,也许在下雨天 (眼泪才不被看见),"何遇Hayu,Crybird",003hjJ9O4AiBl9,False,124,0,0,80.8722,69.34,0.0,0.0,16.62,24.66,https://y.gtimg.cn/music/photo_new/T002R500x500M000001xNQMK1OvExE_2.jpg
202631,第31期（08.03-08.09）,2026-08-03,2026-08-09,126,529851668,全世界陪我出发,"TF家族,TF家族-官俊臣,TF家族-张桂源,TF家族-张函瑞,TF家族-王橹杰,TF家族-王烁然,TF家族-左奇函,TF家族-陈奕恒,TF家族-杨博文,TF家族-杨涵博,TF家族-张奕然,TF家族-聂玮辰,TF家族-陈思罕,TF家族-魏子宸,TF家族-李煜东,TF家族-陈浚铭",003RIqye0gr9MB,False,136,0,0,80.83873,67.08,0.0,0.0,16.04,40.71,https://y.gtimg.cn/music/photo_new/T002R500x500M000000dn6vm1EN6ax_1.jpg
202631,第31期（08.03-08.09）,2026-08-03,2026-08-09,127,524476063,一直下,陈宇祥,002GlLlX2IsyYr,False,60,0,0,80.82694,70.36,0.0,0.0,1.22,10.24,https://y.gtimg.cn/music/photo_new/T002R500x500M0000036ad3O39VsR1_1.jpg
202631,第31期（08.03-08.09）,2026-08-03,2026-08-09,128,511979926,古风2026,"一颗狼星,糯米Nomi,倪浩毅,指尖笑,草帽酱,执素兮,平生不晚,浅影阿",002BNkDq46SfPr,False,139,0,0,80.78083,70.18,0.0,0.0,3.78,15.54,https://y.gtimg.cn/music/photo_new/T002R500x500M000002KRyi405Zmjv_1.jpg
202631,第31期（08.03-08.09）,2026-08-03,2026-08-09,129,512975549,洛阳纸,许嵩,000iOs7F4gQ4VR,False,137,0,0,80.75839,68.12,0.0,0.0,4.77,40.23,https://y.gtimg.cn/music/photo_new/T002R500x500M000001Oqn952HAPRk_1.jpg
202631,第31期（08.03-08.09）,2026-08-03,2026-08-09,130,514417457,略略略略略,TOP登陆少年组合,000QuvKj4aCfBU,False,134,0,0,80.70874,66.43,0.0,0.0,20.67,40.47,https://y.gtimg.cn/music/photo_new/T002R500x500M000002rYBVh2iOMHZ_2.jpg
202631,第31期（08.03-08.09）,2026-08-03,2026-08-09,131,524048324,香烟与吻痕 (我在月光下许过情真),黄龄,002L0ilt0Sk1xo,False,128,0,0,80.66216,70.13,0.0,0.0,1.97,13.55,https://y.gtimg.cn/music/photo_new/T002R500x500M000001k5VY01qCYXb_1.jpg
202631,第31期（08.03-08.09）,2026-08-03,2026-08-09,132,522467110,休止符,张艺兴,002O5gy93O0q2o,False,104,0,0,80.53799,62.44,0.0,0.0,34.45,41.12,https://y.gtimg.cn/music/photo_new/T002R500x500M000001w138z3PZEcz_1.jpg
202631,第31期（08.03-08.09）,2026-08-03,2026-08-09,133,521535510,如果他真的温柔,郑大钱,0025Atda0RmmVT,False,159,0,0,80.52277,70.08,0.0,0.0,2.99,2.78,https://y.gtimg.cn/music/photo_new/T002R500x500M000000hz6RF2BHIwB_1.jpg
202631,第31期（08.03-08.09）,2026-08-03,2026-08-09,134,535019785,水为媒,礼越,000y19M71Kashy,False,0,0,0,80.47921,67.95,0.0,0.0,2.13,37.76,https://y.gtimg.cn/music/photo_new/T002R500x500M0000030XKey0zuXng_1.jpg
202631,第31期（08.03-08.09）,2026-08-03,2026-08-09,135,492295463,隐瞒,TF_ING邓佳鑫,002Bw7Br2V7OZF,False,107,0,0,80.44305,51.64,0.0,0.0,15.45,51.14,https://y.gtimg.cn/music/photo_new/T002R500x500M000004A6rAz2YPGz5_1.jpg
202631,第31期（08.03-08.09）,2026-08-03,2026-08-09,136,516975210,千香,周深,004Uik3G0sMdUW,False,123,0,0,80.43964,62.45,0.0,0.0,6.5,46.06,https://y.qq.com/music/photo_new/T062R500x500M000001xCpOz3ARHzs.jpg
202631,第31期（08.03-08.09）,2026-08-03,2026-08-09,137,522436401,爱谁谁,张艺兴,0022DCpn01uwgJ,False,66,0,0,80.42761,56.12,0.0,0.0,41.59,42.03,https://y.gtimg.cn/music/photo_new/T002R500x500M000001w138z3PZEcz_1.jpg
202631,第31期（08.03-08.09）,2026-08-03,2026-08-09,138,534992742,风若是拦不住,亚飞,000Fbq5L1xH8sK,False,0,0,0,80.39992,66.02,0.0,0.0,12.17,40.74,https://y.gtimg.cn/music/photo_new/T002R500x500M000000iPUch04ItU4_2.jpg
202631,第31期（08.03-08.09）,2026-08-03,2026-08-09,139,493167498,着火的沉默世界,鞠婧祎,001hEuIs1wa2cl,False,193,0,0,80.28148,56.19,0.0,0.0,3.87,50.34,https://y.gtimg.cn/music/photo_new/T002R500x500M000004KDXGi1hJ81f_1.jpg
202631,第31期（08.03-08.09）,2026-08-03,2026-08-09,140,538034176,点歌的人2026,海来阿木,0004a29f099HDf,False,0,0,0,80.23057,65.87,0.0,0.0,8.05,40.7,https://y.gtimg.cn/music/photo_new/T002R500x500M000001w2zCk1viYbe_1.jpg
202631,第31期（08.03-08.09）,2026-08-03,2026-08-09,141,533373322,Cold Blooded,严浩翔,001uODJ03jwbpe,False,9,0,0,80.19147,61.13,0.0,0.0,31.08,42.84,https://y.qq.com/music/photo_new/T062R500x500M0000001dgoc1T2sbP.jpg
202631,第31期（08.03-08.09）,2026-08-03,2026-08-09,142,524671893,依兰爱情故事,金志文,003wJze11ABhHl,False,152,0,0,80.12516,68.1,0.0,0.0,5.88,21.95,https://y.gtimg.cn/music/photo_new/T002R500x500M000003kMWUy2EinCC_2.jpg
202631,第31期（08.03-08.09）,2026-08-03,2026-08-09,143,513252814,听风捎来旧时谣,窝窝,003lVp7c31DlFR,False,131,0,0,80.11051,68.26,0.0,0.0,6.88,14.91,https://y.gtimg.cn/music/photo_new/T002R500x500M000003JfOV41U5Mjq_2.jpg
202631,第31期（08.03-08.09）,2026-08-03,2026-08-09,144,537347318,等等等等,容祖儿,0027Csmb36KrBI,False,0,0,0,80.09027,59.67,0.0,0.0,5.9,48.04,https://y.gtimg.cn/music/photo_new/T002R500x500M000002YTN8n2ZAXiX_1.jpg
202631,第31期（08.03-08.09）,2026-08-03,2026-08-09,145,536898597,是我做了白日梦,"姜添,听潮阁",002q8soi3V9Gm2,False,140,0,0,80.08916,64.73,0.0,0.0,15.46,40.83,https://y.gtimg.cn/music/photo_new/T002R500x500M000000p3bJK2q2iNA_1.jpg
202631,第31期（08.03-08.09）,2026-08-03,2026-08-09,146,495396282,一曲相思(欲问青天这人生有几何),海来阿木,0029SPEq1UThNj,False,154,0,0,80.00361,67.79,0.0,0.0,7.72,17.33,https://y.gtimg.cn/music/photo_new/T002R500x500M0000034yzah0TRjti_1.jpg
202631,第31期（08.03-08.09）,2026-08-03,2026-08-09,147,531107833,多年不见你过的好吗,洛琦,0048j6ba4I223C,False,166,0,0,79.75374,68.44,0.0,0.0,0.86,3.68,https://y.gtimg.cn/music/photo_new/T002R500x500M000003KpQnE4I6voF_1.jpg
202631,第31期（08.03-08.09）,2026-08-03,2026-08-09,148,522436400,Smoke & Mirrors,张艺兴,000SGh5g1MgDzo,False,80,0,0,79.7359,54.84,0.0,0.0,39.59,41.99,https://y.gtimg.cn/music/photo_new/T002R500x500M000001w138z3PZEcz_1.jpg
202631,第31期（08.03-08.09）,2026-08-03,2026-08-09,149,513183074,老歌,许嵩,001dHWRw44FBP3,False,151,0,0,79.73363,66.01,0.0,0.0,2.07,38.57,https://y.gtimg.cn/music/photo_new/T002R500x500M000001Oqn952HAPRk_1.jpg
202631,第31期（08.03-08.09）,2026-08-03,2026-08-09,150,522436396,Higher,张艺兴,00283SX10LVsSP,False,76,0,0,79.7191,54.74,0.0,0.0,39.78,41.93,https://y.gtimg.cn/music/photo_new/T002R500x500M000001w138z3PZEcz_1.jpg
202631,第31期（08.03-08.09）,2026-08-03,2026-08-09,151,522436418,错错错,张艺兴,004V2b6s39ainE,False,92,0,0,79.70112,54.73,0.0,0.0,39.4,42.06,https://y.gtimg.cn/music/photo_new/T002R500x500M000001w138z3PZEcz_1.jpg
202631,第31期（08.03-08.09）,2026-08-03,2026-08-09,152,522436402,Again,张艺兴,001deuwV3jcVOr,False,79,0,0,79.56907,54.6,0.0,0.0,39.43,41.87,https://y.gtimg.cn/music/photo_new/T002R500x500M000001w138z3PZEcz_1.jpg
202631,第31期（08.03-08.09）,2026-08-03,2026-08-09,153,522436410,Living,张艺兴,003hfE050iuS2B,False,83,0,0,79.37593,54.58,0.0,0.0,39.1,41.68,https://y.gtimg.cn/music/photo_new/T002R500x500M000001w138z3PZEcz_1.jpg
202631,第31期（08.03-08.09）,2026-08-03,2026-08-09,154,537960441,纯粹,刘萧旭,003RUrwv2UuGTi,False,0,0,0,79.36206,34.76,0.0,0.0,48.47,23.31,https://y.qq.com/music/photo_new/T062R500x500M000001t4mZN2F9Otc.jpg
202631,第31期（08.03-08.09）,2026-08-03,2026-08-09,155,533504872,怪我们缘分太浅（别难过）,刘纯,001g7QR32QGitR,False,156,0,0,79.32027,67.03,0.0,0.0,2.33,22.35,https://y.gtimg.cn/music/photo_new/T002R500x500M000000c7mGD1sZo7M_1.jpg
202631,第31期（08.03-08.09）,2026-08-03,2026-08-09,156,531383429,为何痴心换不来缘分,"蒋蒋蒋,王年年",003efyUi3W5RZ0,False,0,0,0,79.27622,67.51,0.0,0.0,2.46,7.72,https://y.gtimg.cn/music/photo_new/T002R500x500M000002lwa7d0ZVPIk_1.jpg
202631,第31期（08.03-08.09）,2026-08-03,2026-08-09,157,522436428,文艺工作者,张艺兴,001tQZO33ntbnd,False,97,0,0,79.21657,54.21,0.0,0.0,38.2,41.95,https://y.gtimg.cn/music/photo_new/T002R500x500M000001w138z3PZEcz_1.jpg
202631,第31期（08.03-08.09）,2026-08-03,2026-08-09,158,517708558,Call My Name,张艺兴,000LnSwg4DkKg2,False,116,0,0,79.18906,59.97,0.0,0.0,30.08,42.51,https://y.gtimg.cn/music/photo_new/T002R500x500M000001w138z3PZEcz_1.jpg
202631,第31期（08.03-08.09）,2026-08-03,2026-08-09,159,522436399,意中人,张艺兴,0032Yh0918cF8c,False,93,0,0,79.17199,54.35,0.0,0.0,38.58,41.64,https://y.gtimg.cn/music/photo_new/T002R500x500M000001w138z3PZEcz_1.jpg
202631,第31期（08.03-08.09）,2026-08-03,2026-08-09,160,517370193,怎么能,侯明昊,003NyZSD2d3zPD,False,160,0,0,79.15169,60.03,0.0,0.0,8.4,45.72,https://y.gtimg.cn/music/photo_new/T002R500x500M000000SnDwr12zILh_2.jpg
202631,第31期（08.03-08.09）,2026-08-03,2026-08-09,161,535900496,爱情的苦楚,正云,003dHJYB1kXQbS,False,0,0,0,79.14101,63.63,0.0,0.0,22.33,36.38,https://y.gtimg.cn/music/photo_new/T002R500x500M00000261FVy3jGdHv_1.jpg
202631,第31期（08.03-08.09）,2026-08-03,2026-08-09,162,531381353,梦的翅膀受了伤 (一滴一滴刺痛我的心),Ravixen,001SK7gO0sGJX9,False,0,0,0,79.13863,67.25,0.0,0.0,4.48,4.68,https://y.gtimg.cn/music/photo_new/T002R500x500M000001VWnXW0zoU63_1.jpg
202631,第31期（08.03-08.09）,2026-08-03,2026-08-09,163,477383450,一千一万朵,马嘉祺,003TNscL2TONPZ,False,75,0,0,79.03257,64.13,0.0,0.0,12.12,39.26,https://y.qq.com/music/photo_new/T062R500x500M000003CK5IN3d5z55.jpg
202631,第31期（08.03-08.09）,2026-08-03,2026-08-09,164,490409162,满心愧疚 ,金润吉,003ht8Pb1OsDla,False,163,0,0,78.95829,66.58,0.0,0.0,7.0,11.2,https://y.gtimg.cn/music/photo_new/T002R500x500M000000cpsDu4LdGQl_1.jpg
202631,第31期（08.03-08.09）,2026-08-03,2026-08-09,165,522467069,太阳,张艺兴,001Uoqxt4SYZNY,False,119,0,0,78.90918,59.96,0.0,0.0,28.59,42.34,https://y.gtimg.cn/music/photo_new/T002R500x500M000001w138z3PZEcz_1.jpg
202631,第31期（08.03-08.09）,2026-08-03,2026-08-09,166,513759558,浮生若梦,周深,002ElBqW0fEWXI,False,161,0,0,78.8491,59.45,0.0,0.0,7.79,45.54,https://y.qq.com/music/photo_new/T062R500x500M000003O2ogG11M5da.jpg
202631,第31期（08.03-08.09）,2026-08-03,2026-08-09,167,538385345,借酒,张大迷糊,003dgY2o26467x,False,0,0,0,78.79973,56.26,0.0,0.0,33.8,42.05,https://y.gtimg.cn/music/photo_new/T002R500x500M000003YHePU1TysKU_1.jpg
202631,第31期（08.03-08.09）,2026-08-03,2026-08-09,168,531085098,沪上龙王,郭有才,0049xZge3U5SLp,False,141,0,0,78.71325,66.43,0.0,0.0,6.69,6.12,https://y.gtimg.cn/music/photo_new/T002R500x500M000000xjTTE3rd5Df_1.jpg
202631,第31期（08.03-08.09）,2026-08-03,2026-08-09,169,522467090,香,张艺兴,001a7UVj0yhPcv,False,111,0,0,78.53027,59.26,0.0,0.0,28.3,42.06,https://y.gtimg.cn/music/photo_new/T002R500x500M000001w138z3PZEcz_1.jpg
202631,第31期（08.03-08.09）,2026-08-03,2026-08-09,170,520238249,看山,"方大树,灯叔",00445tP34GOx8n,False,169,0,0,78.49448,65.06,0.0,0.0,8.36,27.28,https://y.gtimg.cn/music/photo_new/T002R500x500M000003lKa1y3gVIvi_1.jpg
202631,第31期（08.03-08.09）,2026-08-03,2026-08-09,171,511809673,人间,刘宇宁,002dyLPw3kRsuA,False,155,0,0,78.42274,61.56,0.0,0.0,9.34,42.36,https://y.qq.com/music/photo_new/T062R500x500M000001Plf3T3zraRt.jpg
202631,第31期（08.03-08.09）,2026-08-03,2026-08-09,172,538722489,最完美的存在,刘芯妤Roselyn,000EA5mu1CmOSe,False,0,0,0,78.41367,65.95,0.0,0.0,2.05,19.72,https://y.gtimg.cn/music/photo_new/T002R500x500M000003cPthj1M9OrO_2.jpg
202631,第31期（08.03-08.09）,2026-08-03,2026-08-09,173,513260499,FIND THE WAY,鞠婧祎,00437uBu1XnGlr,False,173,0,0,78.37709,60.97,0.0,0.0,10.81,42.89,https://y.gtimg.cn/music/photo_new/T002R500x500M000003Dwzfn4263MZ_1.jpg
202631,第31期（08.03-08.09）,2026-08-03,2026-08-09,174,522436398,斗战胜佛,张艺兴,0031lecC265Cw1,False,125,0,0,78.35448,58.51,0.0,0.0,27.34,42.31,https://y.gtimg.cn/music/photo_new/T002R500x500M000001w138z3PZEcz_1.jpg
202631,第31期（08.03-08.09）,2026-08-03,2026-08-09,175,535400078,酸橙色信笺,"塞壬唱片-MSR,Dazbee,*Luna",000IamLF2r8CTw,False,197,0,0,78.32769,63.05,0.0,0.0,10.7,40.14,https://y.gtimg.cn/music/photo_new/T002R500x500M000001SzoZj4960Uq_1.jpg
202631,第31期（08.03-08.09）,2026-08-03,2026-08-09,176,522467107,绛色的爱,张艺兴,000wLKc61CDB47,False,91,0,0,78.20364,58.62,0.0,0.0,27.26,42.01,https://y.gtimg.cn/music/photo_new/T002R500x500M000001w138z3PZEcz_1.jpg
202631,第31期（08.03-08.09）,2026-08-03,2026-08-09,177,512967685,赤子,周深,0010pjD24VRte6,False,158,0,0,77.96317,61.08,0.0,0.0,4.17,42.69,https://y.qq.com/music/photo_new/T062R500x500M0000015O72c2P9HAO.jpg
202631,第31期（08.03-08.09）,2026-08-03,2026-08-09,178,530173134,白马,于一一,003EOEAy0ukIK9,False,0,0,0,77.91255,64.05,0.0,0.0,6.49,31.35,https://y.gtimg.cn/music/photo_new/T002R500x500M0000010m01W2BLTbN_2.jpg
202631,第31期（08.03-08.09）,2026-08-03,2026-08-09,179,534720314,人生本是遇见又说再见,姜雨涵,002grFDn3nkQV3,False,196,0,0,77.90631,64.19,0.0,0.0,8.14,28.33,https://y.gtimg.cn/music/photo_new/T002R500x500M000001JmZbF175xAz_1.jpg
202631,第31期（08.03-08.09）,2026-08-03,2026-08-09,180,531111308,想得美,TOP登陆少年组合,003QLx9h4Y71iu,False,167,0,0,77.84104,63.45,0.0,0.0,5.97,35.5,https://y.gtimg.cn/music/photo_new/T002R500x500M000002YPc1C0WN5qn_1.jpg
202631,第31期（08.03-08.09）,2026-08-03,2026-08-09,181,536263330,花落花,陈少熙,000qYKux2Ndmue,False,59,0,0,77.75796,64.61,0.0,0.0,2.94,25.2,https://y.gtimg.cn/music/photo_new/T002R500x500M000001xHj3E16iEe3_1.jpg
202631,第31期（08.03-08.09）,2026-08-03,2026-08-09,182,491206570,不再回头,付豪,003N7hJM4TsWfw,False,188,0,0,77.69914,64.91,0.0,0.0,5.11,13.26,https://y.gtimg.cn/music/photo_new/T002R500x500M00000255on64euYQH_2.jpg
202631,第31期（08.03-08.09）,2026-08-03,2026-08-09,183,480650223,昨晚我环游了地球,汪苏泷,003RhiFk16EeF7,False,145,0,0,77.69287,64.23,0.0,0.0,4.0,28.36,https://y.gtimg.cn/music/photo_new/T002R500x500M000000A1M903iHvyT_4.jpg
202631,第31期（08.03-08.09）,2026-08-03,2026-08-09,184,511757784,亲爱的你，好久不见,"黄子弘凡,黄霄雲,孙楠,谭松韵,王铮亮,杨丞琳,姚晓棠,曾舜晞",00357t7Q2cECO8,False,187,0,0,77.66035,59.15,0.0,0.0,1.96,44.17,https://y.gtimg.cn/music/photo_new/T002R500x500M000000aAeO742o2xC_1.jpg
202631,第31期（08.03-08.09）,2026-08-03,2026-08-09,185,512483930,满纸,阿鲲,001ifLic2K9S9m,False,179,0,0,77.63945,62.84,0.0,0.0,19.87,28.63,https://y.gtimg.cn/music/photo_new/T002R500x500M000003ZuKKp2FKC3S_1.jpg
202631,第31期（08.03-08.09）,2026-08-03,2026-08-09,186,491996849,张仙语三,任素汐,004Jrpe7322cCK,False,174,0,0,77.538,64.8,0.0,0.0,1.39,18.99,https://y.gtimg.cn/music/photo_new/T002R500x500M0000033vNiW2uLR2S_1.jpg
202631,第31期（08.03-08.09）,2026-08-03,2026-08-09,187,533456646,Cold Blooded,严浩翔,00061EFa3uGj8q,False,129,0,0,77.53224,60.11,0.0,0.0,30.95,34.2,https://y.qq.com/music/photo_new/T062R500x500M000003A2OO61lP2bU.jpg
202631,第31期（08.03-08.09）,2026-08-03,2026-08-09,188,491996827,别来无恙,任素汐,000bBKeM3mhVCL,False,180,0,0,77.47106,64.42,0.0,0.0,2.01,23.14,https://y.gtimg.cn/music/photo_new/T002R500x500M0000033vNiW2uLR2S_1.jpg
202631,第31期（08.03-08.09）,2026-08-03,2026-08-09,189,537960442,最特别的,刘萧旭,001ndvYX2OD2s9,False,0,0,0,77.34708,33.83,0.0,0.0,45.09,8.36,https://y.qq.com/music/photo_new/T062R500x500M000002CSGvl4fYpqv.jpg
202631,第31期（08.03-08.09）,2026-08-03,2026-08-09,190,537990470,问尘念,达珍拉姆,00034u6d1DSJh5,False,0,0,0,77.26912,64.66,0.0,0.0,1.93,10.33,https://y.gtimg.cn/music/photo_new/T002R500x500M000000Fl5Tf4CKOC0_1.jpg
202631,第31期（08.03-08.09）,2026-08-03,2026-08-09,191,491667172,我把心事说给风,卡带森林,000OQmxP3RSXvi,False,189,0,0,77.26703,62.7,0.0,0.0,19.53,23.22,https://y.gtimg.cn/music/photo_new/T002R500x500M000000IRsNV4XLaqL_1.jpg
202631,第31期（08.03-08.09）,2026-08-03,2026-08-09,192,507698529,我不哭,王栎鑫,001aOKKO2hKwPS,False,200,0,0,77.14865,63.2,0.0,0.0,6.25,29.59,https://y.gtimg.cn/music/photo_new/T002R500x500M000004NsgMq3MP454_2.jpg
202631,第31期（08.03-08.09）,2026-08-03,2026-08-09,193,535980252,都是晚风惹的祸,苏湘雯,004IMViH2oeOYY,False,0,0,0,77.12352,64.8,0.0,0.0,1.01,2.3,https://y.gtimg.cn/music/photo_new/T002R500x500M000000E78Oz143MTT_1.jpg
202631,第31期（08.03-08.09）,2026-08-03,2026-08-09,194,511768934,我在意的,单依纯,003H0CGe1vL66I,False,192,0,0,76.95151,60.76,0.0,0.0,2.94,41.42,https://y.gtimg.cn/music/photo_new/T002R500x500M000000IAfgq0N42nF_1.jpg
202631,第31期（08.03-08.09）,2026-08-03,2026-08-09,195,531082488,Bad Boy,万妮达Vinida Weng,003twp2w4OaRcC,False,177,0,0,76.91348,64.1,0.0,0.0,0.99,14.64,https://y.gtimg.cn/music/photo_new/T002R500x500M0000005bCtH469HXW_1.jpg
202631,第31期（08.03-08.09）,2026-08-03,2026-08-09,196,535567756,深深浅浅悟人生,河南三妹5233,003dAYN84IsVN0,False,132,0,0,76.89759,63.29,0.0,0.0,5.89,23.32,https://y.gtimg.cn/music/photo_new/T002R500x500M000001sfxDl2IEcbO_1.jpg
202631,第31期（08.03-08.09）,2026-08-03,2026-08-09,197,492048652,遗忘我的歌,伟歌歌,000PoG833UL4EQ,False,0,0,0,76.86202,64.46,0.0,0.0,1.04,1.22,https://y.gtimg.cn/music/photo_new/T002R500x500M000004PUUkD355mZ8_1.jpg
202631,第31期（08.03-08.09）,2026-08-03,2026-08-09,198,515816984,奢求,"淑元,奥利",001nakHM1NXviz,False,40,0,0,76.72804,59.8,0.0,0.0,21.98,39.39,https://y.gtimg.cn/music/photo_new/T002R500x500M000000bufPC2m8y5E_1.jpg
202631,第31期（08.03-08.09）,2026-08-03,2026-08-09,199,491362536,撞地球,刘宇宁,002dbfiy0u7BgF,False,195,0,0,76.69142,58.44,0.0,0.0,2.26,42.75,https://y.gtimg.cn/music/photo_new/T002R500x500M000000pBsrn0IgUVR_1.jpg
202631,第31期（08.03-08.09）,2026-08-03,2026-08-09,200,520493282,甲乙丙丁,江易泽,004ZidwG2qQbR7,False,185,0,0,76.6512,63.53,0.0,0.0,7.38,4.92,https://y.gtimg.cn/music/photo_new/T002R500x500M000002vuLra3kKcBV_1.jpg
