snapshot_id,collected_at,chart_date,platform,market,chart_key,chart_name,chart_id,chart_size,rank,rank_percentile,track_id,track_name,artist_id,artist_name,album_id,album_name,release_date,genres,previous_rank,movement,track_url,artwork_url,source_page_url,source_data_url
20260812T132133+0800,2026-08-12T13:21:33+08:00,2026-08-12,apple_music,CN,cn_top_100,热门歌曲排行,apple_music_cn_most_played_100,100,1,100.0,535824738,晴天,300117743,周杰伦,,,2003-07-31,音乐 | 国际流行,,,https://music.apple.com/cn/album/%E6%99%B4%E5%A4%A9/535824731?i=535824738,https://is1-ssl.mzstatic.com/image/thumb/Music115/v4/45/8a/e4/458ae484-dc8b-5683-ce04-8d2948346462/JAY.jpg/100x109bb.jpg,https://music.apple.com/cn/new/top-charts,https://rss.marketingtools.apple.com/api/v2/cn/music/most-played/100/songs.json
20260812T132133+0800,2026-08-12T13:21:33+08:00,2026-08-12,apple_music,CN,cn_top_100,热门歌曲排行,apple_music_cn_most_played_100,100,2,99.0,536115199,搁浅,300117743,周杰伦,,,2004-08-03,音乐 | 国际流行,,,https://music.apple.com/cn/album/%E6%90%81%E6%B5%85/536114662?i=536115199,https://is1-ssl.mzstatic.com/image/thumb/Music115/v4/29/c1/2d/29c12de6-54b4-f549-9d9f-07d8a04221ea/JAY.jpg/100x111bb.jpg,https://music.apple.com/cn/new/top-charts,https://rss.marketingtools.apple.com/api/v2/cn/music/most-played/100/songs.json
20260812T132133+0800,2026-08-12T13:21:33+08:00,2026-08-12,apple_music,CN,cn_top_100,热门歌曲排行,apple_music_cn_most_played_100,100,3,98.0,536115195,七里香,300117743,周杰伦,,,2004-08-03,音乐 | 国际流行,,,https://music.apple.com/cn/album/%E4%B8%83%E9%87%8C%E9%A6%99/536114662?i=536115195,https://is1-ssl.mzstatic.com/image/thumb/Music115/v4/29/c1/2d/29c12de6-54b4-f549-9d9f-07d8a04221ea/JAY.jpg/100x111bb.jpg,https://music.apple.com/cn/new/top-charts,https://rss.marketingtools.apple.com/api/v2/cn/music/most-played/100/songs.json
20260812T132133+0800,2026-08-12T13:21:33+08:00,2026-08-12,apple_music,CN,cn_top_100,热门歌曲排行,apple_music_cn_most_played_100,100,4,97.0,905226305,我怀念的,83405200,孙燕姿,,,2007-03-22,音乐 | 国际流行,,,https://music.apple.com/cn/album/%E6%88%91%E6%80%80%E5%BF%B5%E7%9A%84/905226289?i=905226305,https://is1-ssl.mzstatic.com/image/thumb/Music123/v4/39/8e/7d/398e7d64-1877-03ab-17cb-460943429bc0/825646246939.jpg/100x100bb.jpg,https://music.apple.com/cn/new/top-charts,https://rss.marketingtools.apple.com/api/v2/cn/music/most-played/100/songs.json
20260812T132133+0800,2026-08-12T13:21:33+08:00,2026-08-12,apple_music,CN,cn_top_100,热门歌曲排行,apple_music_cn_most_played_100,100,5,96.0,6763656876,hate that i made you love me,412778295,Ariana Grande,,,2026-05-28,国际流行 | 音乐,,,https://music.apple.com/cn/album/hate-that-i-made-you-love-me/1895420989?i=6763656876,https://is1-ssl.mzstatic.com/image/thumb/Music211/v4/7e/e6/82/7ee682bd-1b17-6adc-be63-b5af1bdff369/26UMGIM51126.rgb.jpg/100x100bb.jpg,https://music.apple.com/cn/new/top-charts,https://rss.marketingtools.apple.com/api/v2/cn/music/most-played/100/songs.json
20260812T132133+0800,2026-08-12T13:21:33+08:00,2026-08-12,apple_music,CN,cn_top_100,热门歌曲排行,apple_music_cn_most_played_100,100,6,95.0,1134344911,爱错,117741179,王力宏,,,2004-12-31,音乐 | 国际流行,,,https://music.apple.com/cn/album/%E7%88%B1%E9%94%99/1134344345?i=1134344911,https://is1-ssl.mzstatic.com/image/thumb/Music124/v4/be/4a/77/be4a7730-c144-a39e-c7b6-9d26ea0ebff3/1400X1400.jpg/100x100bb.jpg,https://music.apple.com/cn/new/top-charts,https://rss.marketingtools.apple.com/api/v2/cn/music/most-played/100/songs.json
20260812T132133+0800,2026-08-12T13:21:33+08:00,2026-08-12,apple_music,CN,cn_top_100,热门歌曲排行,apple_music_cn_most_played_100,100,7,94.0,587743637,明明就,300117743,周杰伦,,,2012-12-11,音乐 | 国际流行,,,https://music.apple.com/cn/album/%E6%98%8E%E6%98%8E%E5%B0%B1/587743633?i=587743637,https://is1-ssl.mzstatic.com/image/thumb/Music124/v4/81/83/e6/8183e6c0-7137-7009-347e-326b53cb4a3b/2000x2000pix.jpg/100x100bb.jpg,https://music.apple.com/cn/new/top-charts,https://rss.marketingtools.apple.com/api/v2/cn/music/most-played/100/songs.json
20260812T132133+0800,2026-08-12T13:21:33+08:00,2026-08-12,apple_music,CN,cn_top_100,热门歌曲排行,apple_music_cn_most_played_100,100,8,93.0,1624001317,花海,300117743,周杰伦,,,2008-10-14,音乐 | 国际流行,,,https://music.apple.com/cn/album/%E8%8A%B1%E6%B5%B7/1624000713?i=1624001317,https://is1-ssl.mzstatic.com/image/thumb/Music122/v4/1b/63/9e/1b639e5b-f8ca-a6e1-8612-6396bc9ff0eb/4711448407424.jpg/100x134bb.jpg,https://music.apple.com/cn/new/top-charts,https://rss.marketingtools.apple.com/api/v2/cn/music/most-played/100/songs.json
20260812T132133+0800,2026-08-12T13:21:33+08:00,2026-08-12,apple_music,CN,cn_top_100,热门歌曲排行,apple_music_cn_most_played_100,100,9,92.0,255921025,我不难过,83405200,孙燕姿,,,2003-01-07,音乐 | 国际流行,,,https://music.apple.com/cn/album/%E6%88%91%E4%B8%8D%E9%9A%BE%E8%BF%87/255920420?i=255921025,https://is1-ssl.mzstatic.com/image/thumb/Music124/v4/24/fc/1d/24fc1d3e-b37f-968f-3d21-880edc8f8d79/mzi.ybwydvjn.jpg/100x100bb.jpg,https://music.apple.com/cn/new/top-charts,https://rss.marketingtools.apple.com/api/v2/cn/music/most-played/100/songs.json
20260812T132133+0800,2026-08-12T13:21:33+08:00,2026-08-12,apple_music,CN,cn_top_100,热门歌曲排行,apple_music_cn_most_played_100,100,10,91.0,536009753,一路向北 (Bonus Track),300117743,周杰伦,,,2005-11-01,音乐 | 国际流行,,,https://music.apple.com/cn/album/%E4%B8%80%E8%B7%AF%E5%90%91%E5%8C%97-bonus-track/536009641?i=536009753,https://is1-ssl.mzstatic.com/image/thumb/Music115/v4/9e/35/ad/9e35ad1e-749e-75b6-0539-1e80cea1817b/JAY11.jpg/100x109bb.jpg,https://music.apple.com/cn/new/top-charts,https://rss.marketingtools.apple.com/api/v2/cn/music/most-played/100/songs.json
20260812T132133+0800,2026-08-12T13:21:33+08:00,2026-08-12,apple_music,CN,cn_top_100,热门歌曲排行,apple_music_cn_most_played_100,100,11,90.0,1579903651,特别的人,201549024,方大同,,,2014-01-01,音乐 | 国际流行,,,https://music.apple.com/cn/album/%E7%89%B9%E5%88%AB%E7%9A%84%E4%BA%BA/1579903639?i=1579903651,https://is1-ssl.mzstatic.com/image/thumb/Music125/v4/35/d7/2a/35d72a0a-7e0c-fc2d-b2da-4bd030219997/190296501159.jpg/100x100bb.jpg,https://music.apple.com/cn/new/top-charts,https://rss.marketingtools.apple.com/api/v2/cn/music/most-played/100/songs.json
20260812T132133+0800,2026-08-12T13:21:33+08:00,2026-08-12,apple_music,CN,cn_top_100,热门歌曲排行,apple_music_cn_most_played_100,100,12,89.0,1717030438,唯一,425208570,邓紫棋,,,2023-09-24,音乐 | 国际流行,,,https://music.apple.com/cn/album/%E5%94%AF%E4%B8%80/1717030435?i=1717030438,https://is1-ssl.mzstatic.com/image/thumb/Music116/v4/41/26/4d/41264d25-c463-6870-0462-4556e91e17e5/196871647434.jpg/100x100bb.jpg,https://music.apple.com/cn/new/top-charts,https://rss.marketingtools.apple.com/api/v2/cn/music/most-played/100/songs.json
20260812T132133+0800,2026-08-12T13:21:33+08:00,2026-08-12,apple_music,CN,cn_top_100,热门歌曲排行,apple_music_cn_most_played_100,100,13,88.0,535739349,爱在西元前,300117743,周杰伦,,,2001-09-14,音乐 | 国际流行,,,https://music.apple.com/cn/album/%E7%88%B1%E5%9C%A8%E8%A5%BF%E5%85%83%E5%89%8D/535739206?i=535739349,https://is1-ssl.mzstatic.com/image/thumb/Music124/v4/a4/f2/f0/a4f2f0d4-cc80-d1a0-7f20-a0cc842a523c/JAY.jpg/100x115bb.jpg,https://music.apple.com/cn/new/top-charts,https://rss.marketingtools.apple.com/api/v2/cn/music/most-played/100/songs.json
20260812T132133+0800,2026-08-12T13:21:33+08:00,2026-08-12,apple_music,CN,cn_top_100,热门歌曲排行,apple_music_cn_most_played_100,100,14,87.0,6769327013,玻璃,1330022393,Gareth.T,,,2026-05-20,音乐 | 国际流行,,,https://music.apple.com/cn/album/%E7%8E%BB%E7%92%83/6769327003?i=6769327013,https://is1-ssl.mzstatic.com/image/thumb/Music211/v4/1c/1a/be/1c1abe3a-2eb6-216c-9040-797bb98464d1/827568024145.jpg/100x100bb.jpg,https://music.apple.com/cn/new/top-charts,https://rss.marketingtools.apple.com/api/v2/cn/music/most-played/100/songs.json
20260812T132133+0800,2026-08-12T13:21:33+08:00,2026-08-12,apple_music,CN,cn_top_100,热门歌曲排行,apple_music_cn_most_played_100,100,15,86.0,1336404847,等你下课 (with 杨瑞代),300117743,周杰伦,,,2018-01-18,音乐 | 国际流行,,,https://music.apple.com/cn/album/%E7%AD%89%E4%BD%A0%E4%B8%8B%E8%AF%BE-with-%E6%9D%A8%E7%91%9E%E4%BB%A3/1336404440?i=1336404847,https://is1-ssl.mzstatic.com/image/thumb/Music114/v4/85/a5/52/85a55237-6d96-a656-21cf-715b72be15a9/cover.jpg/100x100bb.jpg,https://music.apple.com/cn/new/top-charts,https://rss.marketingtools.apple.com/api/v2/cn/music/most-played/100/songs.json
20260812T132133+0800,2026-08-12T13:21:33+08:00,2026-08-12,apple_music,CN,cn_top_100,热门歌曲排行,apple_music_cn_most_played_100,100,16,85.0,347295290,雨爱,299846702,杨丞琳,,,2009-12-21,音乐 | 国际流行,,,https://music.apple.com/cn/album/%E9%9B%A8%E7%88%B1/347295255?i=347295290,https://is1-ssl.mzstatic.com/image/thumb/Music/bc/e0/e5/mzi.mzfgcpgj.jpg/100x100bb.jpg,https://music.apple.com/cn/new/top-charts,https://rss.marketingtools.apple.com/api/v2/cn/music/most-played/100/songs.json
20260812T132133+0800,2026-08-12T13:21:33+08:00,2026-08-12,apple_music,CN,cn_top_100,热门歌曲排行,apple_music_cn_most_played_100,100,17,84.0,1624001324,稻香,300117743,周杰伦,,,2008-10-14,音乐 | 国际流行,,,https://music.apple.com/cn/album/%E7%A8%BB%E9%A6%99/1624000713?i=1624001324,https://is1-ssl.mzstatic.com/image/thumb/Music122/v4/1b/63/9e/1b639e5b-f8ca-a6e1-8612-6396bc9ff0eb/4711448407424.jpg/100x134bb.jpg,https://music.apple.com/cn/new/top-charts,https://rss.marketingtools.apple.com/api/v2/cn/music/most-played/100/songs.json
20260812T132133+0800,2026-08-12T13:21:33+08:00,2026-08-12,apple_music,CN,cn_top_100,热门歌曲排行,apple_music_cn_most_played_100,100,18,83.0,6763656878,petal,412778295,Ariana Grande,,,2026-07-31,国际流行 | 音乐,,,https://music.apple.com/cn/album/petal/1895420989?i=6763656878,https://is1-ssl.mzstatic.com/image/thumb/Music211/v4/7e/e6/82/7ee682bd-1b17-6adc-be63-b5af1bdff369/26UMGIM51126.rgb.jpg/100x100bb.jpg,https://music.apple.com/cn/new/top-charts,https://rss.marketingtools.apple.com/api/v2/cn/music/most-played/100/songs.json
20260812T132133+0800,2026-08-12T13:21:33+08:00,2026-08-12,apple_music,CN,cn_top_100,热门歌曲排行,apple_music_cn_most_played_100,100,19,82.0,6793277028,Less than a Lover,913944,JENNIE,,,2026-07-24,国际流行 | 音乐 | K-Pop,,,https://music.apple.com/cn/album/less-than-a-lover/6793277024?i=6793277028,https://is1-ssl.mzstatic.com/image/thumb/Music211/v4/8d/ac/90/8dac9090-2a14-20d9-ed97-6a35ad299beb/196874620281.jpg/100x100bb.jpg,https://music.apple.com/cn/new/top-charts,https://rss.marketingtools.apple.com/api/v2/cn/music/most-played/100/songs.json
20260812T132133+0800,2026-08-12T13:21:33+08:00,2026-08-12,apple_music,CN,cn_top_100,热门歌曲排行,apple_music_cn_most_played_100,100,20,81.0,298837675,开始懂了,83405200,孙燕姿,,,2000-12-07,音乐 | 国际流行,,,https://music.apple.com/cn/album/%E5%BC%80%E5%A7%8B%E6%87%82%E4%BA%86/298837646?i=298837675,https://is1-ssl.mzstatic.com/image/thumb/Music/0f/99/a7/mzi.zsimusvk.jpg/100x89bb.jpg,https://music.apple.com/cn/new/top-charts,https://rss.marketingtools.apple.com/api/v2/cn/music/most-played/100/songs.json
20260812T132133+0800,2026-08-12T13:21:33+08:00,2026-08-12,apple_music,CN,cn_top_100,热门歌曲排行,apple_music_cn_most_played_100,100,21,80.0,1095630246,情歌,531134701,梁静茹,,,2009-01-16,音乐 | 国际流行,,,https://music.apple.com/cn/album/%E6%83%85%E6%AD%8C/1095630068?i=1095630246,https://is1-ssl.mzstatic.com/image/thumb/Music115/v4/bf/f0/11/bff01142-f4f0-f9c4-f497-007f43e42783/BD0018-_-_Fall_In_Love_Songs.jpg/100x100bb.jpg,https://music.apple.com/cn/new/top-charts,https://rss.marketingtools.apple.com/api/v2/cn/music/most-played/100/songs.json
20260812T132133+0800,2026-08-12T13:21:33+08:00,2026-08-12,apple_music,CN,cn_top_100,热门歌曲排行,apple_music_cn_most_played_100,100,22,79.0,1443352465,爱情转移,137938148,陈奕迅,,,2007-04-24,音乐 | 国际流行,,,https://music.apple.com/cn/album/%E7%88%B1%E6%83%85%E8%BD%AC%E7%A7%BB/1443352354?i=1443352465,https://is1-ssl.mzstatic.com/image/thumb/Music124/v4/27/cb/d6/27cbd6b4-c991-cd95-49e3-b6019462ff97/00602517338845.rgb.jpg/100x91bb.jpg,https://music.apple.com/cn/new/top-charts,https://rss.marketingtools.apple.com/api/v2/cn/music/most-played/100/songs.json
20260812T132133+0800,2026-08-12T13:21:33+08:00,2026-08-12,apple_music,CN,cn_top_100,热门歌曲排行,apple_music_cn_most_played_100,100,23,78.0,536162079,半岛铁盒,300117743,周杰伦,,,2002-07-18,音乐 | 国际流行,,,https://music.apple.com/cn/album/%E5%8D%8A%E5%B2%9B%E9%93%81%E7%9B%92/536161722?i=536162079,https://is1-ssl.mzstatic.com/image/thumb/Music115/v4/96/c8/a1/96c8a1d8-8077-b8a7-8600-80b2abf1fe20/JAY.jpg/100x113bb.jpg,https://music.apple.com/cn/new/top-charts,https://rss.marketingtools.apple.com/api/v2/cn/music/most-played/100/songs.json
20260812T132133+0800,2026-08-12T13:21:33+08:00,2026-08-12,apple_music,CN,cn_top_100,热门歌曲排行,apple_music_cn_most_played_100,100,24,77.0,1893599773,LEMONADE,1540251304,aespa,,,2026-05-28,K-Pop | 音乐 | 国际流行,,,https://music.apple.com/cn/album/lemonade/1893599771?i=1893599773,https://is1-ssl.mzstatic.com/image/thumb/Music221/v4/00/1d/e6/001de64e-c2f1-fd4b-3604-3d2e16641968/888735955211.png/100x100bb.jpg,https://music.apple.com/cn/new/top-charts,https://rss.marketingtools.apple.com/api/v2/cn/music/most-played/100/songs.json
20260812T132133+0800,2026-08-12T13:21:33+08:00,2026-08-12,apple_music,CN,cn_top_100,热门歌曲排行,apple_music_cn_most_played_100,100,25,76.0,1752810526,恋人,307674970,李荣浩,,,2024-06-28,音乐 | 国际流行,,,https://music.apple.com/cn/album/%E6%81%8B%E4%BA%BA/1752810525?i=1752810526,https://is1-ssl.mzstatic.com/image/thumb/Music221/v4/4d/96/d6/4d96d6ea-0181-fd91-9fa0-6f102bd5c7dc/196872225358.jpg/100x100bb.jpg,https://music.apple.com/cn/new/top-charts,https://rss.marketingtools.apple.com/api/v2/cn/music/most-played/100/songs.json
20260812T132133+0800,2026-08-12T13:21:33+08:00,2026-08-12,apple_music,CN,cn_top_100,热门歌曲排行,apple_music_cn_most_played_100,100,26,75.0,949320731,Angel,326451219,"YOON MIRAE, Tiger JK & Bizzy",,,2014-12-08,K-Pop | 音乐 | 国际流行 | 嘻哈/说唱,,,https://music.apple.com/cn/album/angel/949320723?i=949320731,https://is1-ssl.mzstatic.com/image/thumb/Music124/v4/01/00/05/01000595-d059-9656-64f9-e7fd8892f649/cover-_with_JK_DS.jpg/100x100bb.jpg,https://music.apple.com/cn/new/top-charts,https://rss.marketingtools.apple.com/api/v2/cn/music/most-played/100/songs.json
20260812T132133+0800,2026-08-12T13:21:33+08:00,2026-08-12,apple_music,CN,cn_top_100,热门歌曲排行,apple_music_cn_most_played_100,100,27,74.0,200473135,阴天,162585630,莫文蔚,,,1999-01-01,音乐 | 国际流行,,,https://music.apple.com/cn/album/%E9%98%B4%E5%A4%A9/200469374?i=200473135,https://is1-ssl.mzstatic.com/image/thumb/Music124/v4/81/cc/52/81cc5224-3ace-5e3c-468a-17b4b71da831/dj.aqolbuce.jpg/100x100bb.jpg,https://music.apple.com/cn/new/top-charts,https://rss.marketingtools.apple.com/api/v2/cn/music/most-played/100/songs.json
20260812T132133+0800,2026-08-12T13:21:33+08:00,2026-08-12,apple_music,CN,cn_top_100,热门歌曲排行,apple_music_cn_most_played_100,100,28,73.0,536009642,夜曲,300117743,周杰伦,,,2005-11-01,音乐 | 国际流行,,,https://music.apple.com/cn/album/%E5%A4%9C%E6%9B%B2/536009641?i=536009642,https://is1-ssl.mzstatic.com/image/thumb/Music115/v4/9e/35/ad/9e35ad1e-749e-75b6-0539-1e80cea1817b/JAY11.jpg/100x109bb.jpg,https://music.apple.com/cn/new/top-charts,https://rss.marketingtools.apple.com/api/v2/cn/music/most-played/100/songs.json
20260812T132133+0800,2026-08-12T13:21:33+08:00,2026-08-12,apple_music,CN,cn_top_100,热门歌曲排行,apple_music_cn_most_played_100,100,29,72.0,905206660,爱我还是他,16789930,陶喆,,,2005-01-07,音乐 | 国际流行,,,https://music.apple.com/cn/album/%E7%88%B1%E6%88%91%E8%BF%98%E6%98%AF%E4%BB%96/905206649?i=905206660,https://is1-ssl.mzstatic.com/image/thumb/Music125/v4/fe/ad/e7/feade7c8-826b-0379-fbf4-e59606db8e4c/825646245406.jpg/100x115bb.jpg,https://music.apple.com/cn/new/top-charts,https://rss.marketingtools.apple.com/api/v2/cn/music/most-played/100/songs.json
20260812T132133+0800,2026-08-12T13:21:33+08:00,2026-08-12,apple_music,CN,cn_top_100,热门歌曲排行,apple_music_cn_most_played_100,100,30,71.0,1118757877,告白气球,300117743,周杰伦,,,2016-06-24,音乐 | 国际流行,,,https://music.apple.com/cn/album/%E5%91%8A%E7%99%BD%E6%B0%94%E7%90%83/1118757859?i=1118757877,https://is1-ssl.mzstatic.com/image/thumb/Music124/v4/58/28/f4/5828f491-62ab-61b6-25b4-23838e4f1dcf/dj.sxbqzong.jpg/100x100bb.jpg,https://music.apple.com/cn/new/top-charts,https://rss.marketingtools.apple.com/api/v2/cn/music/most-played/100/songs.json
20260812T132133+0800,2026-08-12T13:21:33+08:00,2026-08-12,apple_music,CN,cn_top_100,热门歌曲排行,apple_music_cn_most_played_100,100,31,70.0,6771326799,那天下雨了,300117743,周杰伦,,,2026-03-25,音乐 | 国际流行,,,https://music.apple.com/cn/album/%E9%82%A3%E5%A4%A9%E4%B8%8B%E9%9B%A8%E4%BA%86/6771326786?i=6771326799,https://is1-ssl.mzstatic.com/image/thumb/Music211/v4/ce/56/90/ce5690ac-67d8-49e7-b047-a01afacfd1d2/4000x4000_fa.jpg/100x100bb.jpg,https://music.apple.com/cn/new/top-charts,https://rss.marketingtools.apple.com/api/v2/cn/music/most-played/100/songs.json
20260812T132133+0800,2026-08-12T13:21:33+08:00,2026-08-12,apple_music,CN,cn_top_100,热门歌曲排行,apple_music_cn_most_played_100,100,32,69.0,1440650961,Beauty and a Beat (feat. Nicki Minaj),320569549,Justin Bieber,,,2012-06-15,国际流行 | 音乐 | 摇滚 | 舞曲,,,https://music.apple.com/cn/album/beauty-and-a-beat-feat-nicki-minaj/1440650852?i=1440650961,https://is1-ssl.mzstatic.com/image/thumb/Music126/v4/73/08/1a/73081a96-0f7c-b5f8-2757-5c17fb714323/12UMGIM31899.rgb.jpg/100x100bb.jpg,https://music.apple.com/cn/new/top-charts,https://rss.marketingtools.apple.com/api/v2/cn/music/most-played/100/songs.json
20260812T132133+0800,2026-08-12T13:21:33+08:00,2026-08-12,apple_music,CN,cn_top_100,热门歌曲排行,apple_music_cn_most_played_100,100,33,68.0,536009647,枫,300117743,周杰伦,,,2005-11-01,音乐 | 国际流行,,,https://music.apple.com/cn/album/%E6%9E%AB/536009641?i=536009647,https://is1-ssl.mzstatic.com/image/thumb/Music115/v4/9e/35/ad/9e35ad1e-749e-75b6-0539-1e80cea1817b/JAY11.jpg/100x109bb.jpg,https://music.apple.com/cn/new/top-charts,https://rss.marketingtools.apple.com/api/v2/cn/music/most-played/100/songs.json
20260812T132133+0800,2026-08-12T13:21:33+08:00,2026-08-12,apple_music,CN,cn_top_100,热门歌曲排行,apple_music_cn_most_played_100,100,34,67.0,535739351,简单爱,300117743,周杰伦,,,2001-09-14,音乐 | 国际流行,,,https://music.apple.com/cn/album/%E7%AE%80%E5%8D%95%E7%88%B1/535739206?i=535739351,https://is1-ssl.mzstatic.com/image/thumb/Music124/v4/a4/f2/f0/a4f2f0d4-cc80-d1a0-7f20-a0cc842a523c/JAY.jpg/100x115bb.jpg,https://music.apple.com/cn/new/top-charts,https://rss.marketingtools.apple.com/api/v2/cn/music/most-played/100/songs.json
20260812T132133+0800,2026-08-12T13:21:33+08:00,2026-08-12,apple_music,CN,cn_top_100,热门歌曲排行,apple_music_cn_most_played_100,100,35,66.0,542922095,十年,137938148,陈奕迅,,,2003-04-15,音乐 | 国际流行,,,https://music.apple.com/cn/album/%E5%8D%81%E5%B9%B4/542922079?i=542922095,https://is1-ssl.mzstatic.com/image/thumb/Music124/v4/56/e6/66/56e6661d-e570-782f-fbc8-e7b12e38f1a7/EEG3035V1-_-.jpg/100x114bb.jpg,https://music.apple.com/cn/new/top-charts,https://rss.marketingtools.apple.com/api/v2/cn/music/most-played/100/songs.json
20260812T132133+0800,2026-08-12T13:21:33+08:00,2026-08-12,apple_music,CN,cn_top_100,热门歌曲排行,apple_music_cn_most_played_100,100,36,65.0,1442913348,最佳损友,137938148,陈奕迅,,,2006-02-18,音乐 | 国际流行,,,https://music.apple.com/cn/album/%E6%9C%80%E4%BD%B3%E6%8D%9F%E5%8F%8B/1442912707?i=1442913348,https://is1-ssl.mzstatic.com/image/thumb/Music118/v4/a4/fa/86/a4fa86d6-c23a-c37f-1251-00376ff144cd/00602498378830.rgb.jpg/100x99bb.jpg,https://music.apple.com/cn/new/top-charts,https://rss.marketingtools.apple.com/api/v2/cn/music/most-played/100/songs.json
20260812T132133+0800,2026-08-12T13:21:33+08:00,2026-08-12,apple_music,CN,cn_top_100,热门歌曲排行,apple_music_cn_most_played_100,100,37,64.0,1722205331,忽然之间,162585630,莫文蔚,,,1999-05-28,音乐 | 国际流行,,,https://music.apple.com/cn/album/%E5%BF%BD%E7%84%B6%E4%B9%8B%E9%97%B4/1722205323?i=1722205331,https://is1-ssl.mzstatic.com/image/thumb/Music116/v4/eb/22/39/eb223900-0182-c49c-6c82-ee342cbd6c22/4710149707703_cover.jpg/100x100bb.jpg,https://music.apple.com/cn/new/top-charts,https://rss.marketingtools.apple.com/api/v2/cn/music/most-played/100/songs.json
20260812T132133+0800,2026-08-12T13:21:33+08:00,2026-08-12,apple_music,CN,cn_top_100,热门歌曲排行,apple_music_cn_most_played_100,100,38,63.0,536009644,发如雪,300117743,周杰伦,,,2005-11-01,音乐 | 国际流行,,,https://music.apple.com/cn/album/%E5%8F%91%E5%A6%82%E9%9B%AA/536009641?i=536009644,https://is1-ssl.mzstatic.com/image/thumb/Music115/v4/9e/35/ad/9e35ad1e-749e-75b6-0539-1e80cea1817b/JAY11.jpg/100x109bb.jpg,https://music.apple.com/cn/new/top-charts,https://rss.marketingtools.apple.com/api/v2/cn/music/most-played/100/songs.json
20260812T132133+0800,2026-08-12T13:21:33+08:00,2026-08-12,apple_music,CN,cn_top_100,热门歌曲排行,apple_music_cn_most_played_100,100,39,62.0,6763656871,kiss me,412778295,Ariana Grande,,,2026-07-31,国际流行 | 音乐,,,https://music.apple.com/cn/album/kiss-me/1895420989?i=6763656871,https://is1-ssl.mzstatic.com/image/thumb/Music211/v4/7e/e6/82/7ee682bd-1b17-6adc-be63-b5af1bdff369/26UMGIM51126.rgb.jpg/100x100bb.jpg,https://music.apple.com/cn/new/top-charts,https://rss.marketingtools.apple.com/api/v2/cn/music/most-played/100/songs.json
20260812T132133+0800,2026-08-12T13:21:33+08:00,2026-08-12,apple_music,CN,cn_top_100,热门歌曲排行,apple_music_cn_most_played_100,100,40,61.0,587743642,红尘客栈,300117743,周杰伦,,,2012-12-11,音乐 | 国际流行,,,https://music.apple.com/cn/album/%E7%BA%A2%E5%B0%98%E5%AE%A2%E6%A0%88/587743633?i=587743642,https://is1-ssl.mzstatic.com/image/thumb/Music124/v4/81/83/e6/8183e6c0-7137-7009-347e-326b53cb4a3b/2000x2000pix.jpg/100x100bb.jpg,https://music.apple.com/cn/new/top-charts,https://rss.marketingtools.apple.com/api/v2/cn/music/most-played/100/songs.json
20260812T132133+0800,2026-08-12T13:21:33+08:00,2026-08-12,apple_music,CN,cn_top_100,热门歌曲排行,apple_music_cn_most_played_100,100,41,60.0,744963040,你就不要想起我,417691809,田馥甄,,,2013-11-29,音乐 | 国际流行,,,https://music.apple.com/cn/album/%E4%BD%A0%E5%B0%B1%E4%B8%8D%E8%A6%81%E6%83%B3%E8%B5%B7%E6%88%91/744962939?i=744963040,https://is1-ssl.mzstatic.com/image/thumb/Features115/v4/12/31/75/123175fd-d416-da11-ea2f-39a5b113c3f8/dj.zyncqluo.jpg/100x100bb.jpg,https://music.apple.com/cn/new/top-charts,https://rss.marketingtools.apple.com/api/v2/cn/music/most-played/100/songs.json
20260812T132133+0800,2026-08-12T13:21:33+08:00,2026-08-12,apple_music,CN,cn_top_100,热门歌曲排行,apple_music_cn_most_played_100,100,42,59.0,1480230401,说好不哭,300117743,周杰伦 & 五月天 阿信,,,2019-09-16,音乐 | 国际流行,,,https://music.apple.com/cn/album/%E8%AF%B4%E5%A5%BD%E4%B8%8D%E5%93%AD/1480230399?i=1480230401,https://is1-ssl.mzstatic.com/image/thumb/Music115/v4/89/61/e0/8961e064-110e-e5fc-e531-3719bc4224c0/wont_cry.jpg/100x100bb.jpg,https://music.apple.com/cn/new/top-charts,https://rss.marketingtools.apple.com/api/v2/cn/music/most-played/100/songs.json
20260812T132133+0800,2026-08-12T13:21:33+08:00,2026-08-12,apple_music,CN,cn_top_100,热门歌曲排行,apple_music_cn_most_played_100,100,43,58.0,1443008970,Baby (feat. Ludacris),320569549,Justin Bieber,,,2010-01-18,国际流行 | 音乐 | R&B/灵魂乐 | 摇滚 | 舞曲,,,https://music.apple.com/cn/album/baby-feat-ludacris/1443008825?i=1443008970,https://is1-ssl.mzstatic.com/image/thumb/Music124/v4/bc/b7/a7/bcb7a7b6-707f-d710-78e5-8fb600bbaa03/10UMGIM01134.rgb.jpg/100x100bb.jpg,https://music.apple.com/cn/new/top-charts,https://rss.marketingtools.apple.com/api/v2/cn/music/most-played/100/songs.json
20260812T132133+0800,2026-08-12T13:21:33+08:00,2026-08-12,apple_music,CN,cn_top_100,热门歌曲排行,apple_music_cn_most_played_100,100,44,57.0,280911996,遇见,83405200,孙燕姿,,,2003-08-22,音乐 | 国际流行,,,https://music.apple.com/cn/album/%E9%81%87%E8%A7%81/280911988?i=280911996,https://is1-ssl.mzstatic.com/image/thumb/Music/15/ca/82/mzi.fsgrhyyg.jpg/100x100bb.jpg,https://music.apple.com/cn/new/top-charts,https://rss.marketingtools.apple.com/api/v2/cn/music/most-played/100/songs.json
20260812T132133+0800,2026-08-12T13:21:33+08:00,2026-08-12,apple_music,CN,cn_top_100,热门歌曲排行,apple_music_cn_most_played_100,100,45,56.0,1871400641,关键词,216635866,林俊杰,,,2015-12-25,音乐 | 国际流行,,,https://music.apple.com/cn/album/%E5%85%B3%E9%94%AE%E8%AF%8D/1871400633?i=1871400641,https://is1-ssl.mzstatic.com/image/thumb/Music221/v4/3d/d8/71/3dd8711e-41ec-29ee-72b6-0a2a480031d0/4711720281483.jpg/100x100bb.jpg,https://music.apple.com/cn/new/top-charts,https://rss.marketingtools.apple.com/api/v2/cn/music/most-played/100/songs.json
20260812T132133+0800,2026-08-12T13:21:33+08:00,2026-08-12,apple_music,CN,cn_top_100,热门歌曲排行,apple_music_cn_most_played_100,100,46,55.0,547173705,说谎,436847316,林宥嘉,,,2009-04-09,音乐 | 国际流行,,,https://music.apple.com/cn/album/%E8%AF%B4%E8%B0%8E/547158777?i=547173705,https://is1-ssl.mzstatic.com/image/thumb/Music124/v4/57/e5/9b/57e59bd6-3564-e4c4-1add-e3dbbf4d8ab1/asset.jpg/100x100bb.jpg,https://music.apple.com/cn/new/top-charts,https://rss.marketingtools.apple.com/api/v2/cn/music/most-played/100/songs.json
20260812T132133+0800,2026-08-12T13:21:33+08:00,2026-08-12,apple_music,CN,cn_top_100,热门歌曲排行,apple_music_cn_most_played_100,100,47,54.0,1421693331,小半,1138469250,陈粒,,,2016-07-26,音乐 | 国际流行,,,https://music.apple.com/cn/album/%E5%B0%8F%E5%8D%8A/1421692907?i=1421693331,https://is1-ssl.mzstatic.com/image/thumb/Music114/v4/af/f8/ab/aff8abed-e8f5-1c4b-67a7-860eceb15c59/cover.jpg/100x100bb.jpg,https://music.apple.com/cn/new/top-charts,https://rss.marketingtools.apple.com/api/v2/cn/music/most-played/100/songs.json
20260812T132133+0800,2026-08-12T13:21:33+08:00,2026-08-12,apple_music,CN,cn_top_100,热门歌曲排行,apple_music_cn_most_played_100,100,48,53.0,1443352455,淘汰,137938148,陈奕迅,,,2007-04-24,音乐 | 国际流行,,,https://music.apple.com/cn/album/%E6%B7%98%E6%B1%B0/1443352354?i=1443352455,https://is1-ssl.mzstatic.com/image/thumb/Music124/v4/27/cb/d6/27cbd6b4-c991-cd95-49e3-b6019462ff97/00602517338845.rgb.jpg/100x91bb.jpg,https://music.apple.com/cn/new/top-charts,https://rss.marketingtools.apple.com/api/v2/cn/music/most-played/100/songs.json
20260812T132133+0800,2026-08-12T13:21:33+08:00,2026-08-12,apple_music,CN,cn_top_100,热门歌曲排行,apple_music_cn_most_played_100,100,49,52.0,1528146380,你不知道的事,117741179,王力宏,,,2010-08-12,国际流行 | 音乐,,,https://music.apple.com/cn/album/%E4%BD%A0%E4%B8%8D%E7%9F%A5%E9%81%93%E7%9A%84%E4%BA%8B/1528146376?i=1528146380,https://is1-ssl.mzstatic.com/image/thumb/Music124/v4/3e/94/01/3e94013b-17f0-09e9-69ce-4ab94e1507da/18_Material_arts.png/100x100bb.jpg,https://music.apple.com/cn/new/top-charts,https://rss.marketingtools.apple.com/api/v2/cn/music/most-played/100/songs.json
20260812T132133+0800,2026-08-12T13:21:33+08:00,2026-08-12,apple_music,CN,cn_top_100,热门歌曲排行,apple_music_cn_most_played_100,100,50,51.0,1864304148,失眠,597220092,Suki刘舒妤,,,2009-07-02,音乐 | 国际流行,,,https://music.apple.com/cn/album/%E5%A4%B1%E7%9C%A0/1864303774?i=1864304148,https://is1-ssl.mzstatic.com/image/thumb/Music221/v4/76/9b/6f/769b6f3e-5234-2f2a-95ea-b8dbe90e8b1f/4896010103796.jpg/100x100bb.jpg,https://music.apple.com/cn/new/top-charts,https://rss.marketingtools.apple.com/api/v2/cn/music/most-played/100/songs.json
20260812T132133+0800,2026-08-12T13:21:33+08:00,2026-08-12,apple_music,CN,cn_top_100,热门歌曲排行,apple_music_cn_most_played_100,100,51,50.0,1788007696,可惜没如果,216635866,林俊杰,,,2014-12-19,音乐 | 国际流行,,,https://music.apple.com/cn/album/%E5%8F%AF%E6%83%9C%E6%B2%A1%E5%A6%82%E6%9E%9C/1788007687?i=1788007696,https://is1-ssl.mzstatic.com/image/thumb/Music211/v4/57/5a/1b/575a1bc9-ca86-7549-e873-b55663ba6276/4711508105925.jpg/100x100bb.jpg,https://music.apple.com/cn/new/top-charts,https://rss.marketingtools.apple.com/api/v2/cn/music/most-played/100/songs.json
20260812T132133+0800,2026-08-12T13:21:33+08:00,2026-08-12,apple_music,CN,cn_top_100,热门歌曲排行,apple_music_cn_most_played_100,100,52,49.0,1443783507,孤独患者,137938148,陈奕迅,,,2011-11-09,音乐 | 国际流行,,,https://music.apple.com/cn/album/%E5%AD%A4%E7%8B%AC%E6%82%A3%E8%80%85/1443783500?i=1443783507,https://is1-ssl.mzstatic.com/image/thumb/Music125/v4/a1/2c/29/a12c2947-faea-f1c4-24e0-6612fc50ea13/00602488980715.rgb.jpg/100x142bb.jpg,https://music.apple.com/cn/new/top-charts,https://rss.marketingtools.apple.com/api/v2/cn/music/most-played/100/songs.json
20260812T132133+0800,2026-08-12T13:21:33+08:00,2026-08-12,apple_music,CN,cn_top_100,热门歌曲排行,apple_music_cn_most_played_100,100,53,48.0,1097016179,会呼吸的痛,531134701,梁静茹,,,2007-11-09,音乐 | 国际流行,,,https://music.apple.com/cn/album/%E4%BC%9A%E5%91%BC%E5%90%B8%E7%9A%84%E7%97%9B/1097016060?i=1097016179,https://is1-ssl.mzstatic.com/image/thumb/Music115/v4/c4/6c/9f/c46c9ffa-dffd-37d9-8bd7-129b24f880ba/BD0009-_-_J_ADORE.jpg/100x100bb.jpg,https://music.apple.com/cn/new/top-charts,https://rss.marketingtools.apple.com/api/v2/cn/music/most-played/100/songs.json
20260812T132133+0800,2026-08-12T13:21:33+08:00,2026-08-12,apple_music,CN,cn_top_100,热门歌曲排行,apple_music_cn_most_played_100,100,54,47.0,220365871,爱爱爱,201549024,方大同,,,2006-06-09,音乐 | 国际流行,,,https://music.apple.com/cn/album/%E7%88%B1%E7%88%B1%E7%88%B1/220365864?i=220365871,https://is1-ssl.mzstatic.com/image/thumb/Music/c3/d0/e5/mzi.kdgffvqb.jpg/100x110bb.jpg,https://music.apple.com/cn/new/top-charts,https://rss.marketingtools.apple.com/api/v2/cn/music/most-played/100/songs.json
20260812T132133+0800,2026-08-12T13:21:33+08:00,2026-08-12,apple_music,CN,cn_top_100,热门歌曲排行,apple_music_cn_most_played_100,100,55,46.0,1071753628,江南,216635866,林俊杰,,,2004-06-04,音乐 | 国际流行,,,https://music.apple.com/cn/album/%E6%B1%9F%E5%8D%97/1071753622?i=1071753628,https://is1-ssl.mzstatic.com/image/thumb/Music49/v4/9b/98/eb/9b98ebae-69b1-8009-678c-65e94124e0a8/dj.cqtiyqmo.jpg/100x100bb.jpg,https://music.apple.com/cn/new/top-charts,https://rss.marketingtools.apple.com/api/v2/cn/music/most-played/100/songs.json
20260812T132133+0800,2026-08-12T13:21:33+08:00,2026-08-12,apple_music,CN,cn_top_100,热门歌曲排行,apple_music_cn_most_played_100,100,56,45.0,1624001320,兰亭序,300117743,周杰伦,,,2008-10-14,音乐 | 国际流行,,,https://music.apple.com/cn/album/%E5%85%B0%E4%BA%AD%E5%BA%8F/1624000713?i=1624001320,https://is1-ssl.mzstatic.com/image/thumb/Music122/v4/1b/63/9e/1b639e5b-f8ca-a6e1-8612-6396bc9ff0eb/4711448407424.jpg/100x134bb.jpg,https://music.apple.com/cn/new/top-charts,https://rss.marketingtools.apple.com/api/v2/cn/music/most-played/100/songs.json
20260812T132133+0800,2026-08-12T13:21:33+08:00,2026-08-12,apple_music,CN,cn_top_100,热门歌曲排行,apple_music_cn_most_played_100,100,57,44.0,1443346107,富士山下,137938148,陈奕迅,,,2006-01-01,音乐 | 国际流行,,,https://music.apple.com/cn/album/%E5%AF%8C%E5%A3%AB%E5%B1%B1%E4%B8%8B/1443345687?i=1443346107,https://is1-ssl.mzstatic.com/image/thumb/Music125/v4/44/d3/57/44d35752-0906-6a22-ebc4-32d9553fa0fb/00602517176997.rgb.jpg/100x93bb.jpg,https://music.apple.com/cn/new/top-charts,https://rss.marketingtools.apple.com/api/v2/cn/music/most-played/100/songs.json
20260812T132133+0800,2026-08-12T13:21:33+08:00,2026-08-12,apple_music,CN,cn_top_100,热门歌曲排行,apple_music_cn_most_played_100,100,58,43.0,1811349432,颜色,1330022393,Gareth.T,,,2025-05-06,音乐 | 国际流行,,,https://music.apple.com/cn/album/%E9%A2%9C%E8%89%B2/1811349431?i=1811349432,https://is1-ssl.mzstatic.com/image/thumb/Music221/v4/b1/f1/df/b1f1df63-980f-21e4-df18-3b76cba6f263/5021732785671.jpg/100x100bb.jpg,https://music.apple.com/cn/new/top-charts,https://rss.marketingtools.apple.com/api/v2/cn/music/most-played/100/songs.json
20260812T132133+0800,2026-08-12T13:21:33+08:00,2026-08-12,apple_music,CN,cn_top_100,热门歌曲排行,apple_music_cn_most_played_100,100,59,42.0,536162080,暗号,300117743,周杰伦,,,2002-07-18,音乐 | 国际流行,,,https://music.apple.com/cn/album/%E6%9A%97%E5%8F%B7/536161722?i=536162080,https://is1-ssl.mzstatic.com/image/thumb/Music115/v4/96/c8/a1/96c8a1d8-8077-b8a7-8600-80b2abf1fe20/JAY.jpg/100x113bb.jpg,https://music.apple.com/cn/new/top-charts,https://rss.marketingtools.apple.com/api/v2/cn/music/most-played/100/songs.json
20260812T132133+0800,2026-08-12T13:21:33+08:00,2026-08-12,apple_music,CN,cn_top_100,热门歌曲排行,apple_music_cn_most_played_100,100,60,41.0,1624001319,说好的幸福呢,300117743,周杰伦,,,2008-10-14,音乐 | 国际流行,,,https://music.apple.com/cn/album/%E8%AF%B4%E5%A5%BD%E7%9A%84%E5%B9%B8%E7%A6%8F%E5%91%A2/1624000713?i=1624001319,https://is1-ssl.mzstatic.com/image/thumb/Music122/v4/1b/63/9e/1b639e5b-f8ca-a6e1-8612-6396bc9ff0eb/4711448407424.jpg/100x134bb.jpg,https://music.apple.com/cn/new/top-charts,https://rss.marketingtools.apple.com/api/v2/cn/music/most-played/100/songs.json
20260812T132133+0800,2026-08-12T13:21:33+08:00,2026-08-12,apple_music,CN,cn_top_100,热门歌曲排行,apple_music_cn_most_played_100,100,61,40.0,535791118,反方向的钟,300117743,周杰伦,,,2000-11-06,音乐 | 国际流行,,,https://music.apple.com/cn/album/%E5%8F%8D%E6%96%B9%E5%90%91%E7%9A%84%E9%92%9F/535790918?i=535791118,https://is1-ssl.mzstatic.com/image/thumb/Music125/v4/60/4c/f3/604cf3da-2be3-f55e-9b6d-cf0792d9d870/JAY.jpg/100x114bb.jpg,https://music.apple.com/cn/new/top-charts,https://rss.marketingtools.apple.com/api/v2/cn/music/most-played/100/songs.json
20260812T132133+0800,2026-08-12T13:21:33+08:00,2026-08-12,apple_music,CN,cn_top_100,热门歌曲排行,apple_music_cn_most_played_100,100,62,39.0,1871400637,不为谁而作的歌,216635866,林俊杰,,,2015-12-03,音乐 | 国际流行,,,https://music.apple.com/cn/album/%E4%B8%8D%E4%B8%BA%E8%B0%81%E8%80%8C%E4%BD%9C%E7%9A%84%E6%AD%8C/1871400633?i=1871400637,https://is1-ssl.mzstatic.com/image/thumb/Music221/v4/3d/d8/71/3dd8711e-41ec-29ee-72b6-0a2a480031d0/4711720281483.jpg/100x100bb.jpg,https://music.apple.com/cn/new/top-charts,https://rss.marketingtools.apple.com/api/v2/cn/music/most-played/100/songs.json
20260812T132133+0800,2026-08-12T13:21:33+08:00,2026-08-12,apple_music,CN,cn_top_100,热门歌曲排行,apple_music_cn_most_played_100,100,63,38.0,1118757873,不该 (with 张惠妹),300117743,周杰伦,,,2016-06-24,音乐 | 国际流行,,,https://music.apple.com/cn/album/%E4%B8%8D%E8%AF%A5-with-%E5%BC%A0%E6%83%A0%E5%A6%B9/1118757859?i=1118757873,https://is1-ssl.mzstatic.com/image/thumb/Music124/v4/58/28/f4/5828f491-62ab-61b6-25b4-23838e4f1dcf/dj.sxbqzong.jpg/100x100bb.jpg,https://music.apple.com/cn/new/top-charts,https://rss.marketingtools.apple.com/api/v2/cn/music/most-played/100/songs.json
20260812T132133+0800,2026-08-12T13:21:33+08:00,2026-08-12,apple_music,CN,cn_top_100,热门歌曲排行,apple_music_cn_most_played_100,100,64,37.0,536248196,烟花易冷,300117743,周杰伦,,,2010-05-18,音乐 | 国际流行,,,https://music.apple.com/cn/album/%E7%83%9F%E8%8A%B1%E6%98%93%E5%86%B7/536247746?i=536248196,https://is1-ssl.mzstatic.com/image/thumb/Music125/v4/53/2d/dd/532dddf0-87d7-b9eb-7d8b-4eb194c84252/asset.jpg/100x133bb.jpg,https://music.apple.com/cn/new/top-charts,https://rss.marketingtools.apple.com/api/v2/cn/music/most-played/100/songs.json
20260812T132133+0800,2026-08-12T13:21:33+08:00,2026-08-12,apple_music,CN,cn_top_100,热门歌曲排行,apple_music_cn_most_played_100,100,65,36.0,152197590,太聪明,462564117,陈绮贞,,,2002-08-02,音乐 | 国际流行,,,https://music.apple.com/cn/album/%E5%A4%AA%E8%81%AA%E6%98%8E/152197399?i=152197590,https://is1-ssl.mzstatic.com/image/thumb/Music125/v4/3c/a2/21/3ca22123-14d6-57f4-9e52-aa4573a05b07/mzm.clkcarof.jpg/100x100bb.jpg,https://music.apple.com/cn/new/top-charts,https://rss.marketingtools.apple.com/api/v2/cn/music/most-played/100/songs.json
20260812T132133+0800,2026-08-12T13:21:33+08:00,2026-08-12,apple_music,CN,cn_top_100,热门歌曲排行,apple_music_cn_most_played_100,100,66,35.0,1692291089,勇气,531134701,梁静茹,,,2000-08-02,音乐 | 国际流行,,,https://music.apple.com/cn/album/%E5%8B%87%E6%B0%94/1692291088?i=1692291089,https://is1-ssl.mzstatic.com/image/thumb/Music126/v4/55/d7/93/55d793f9-1cbd-51d2-780a-b14b085111d0/4710149701770_cover.jpg/100x100bb.jpg,https://music.apple.com/cn/new/top-charts,https://rss.marketingtools.apple.com/api/v2/cn/music/most-played/100/songs.json
20260812T132133+0800,2026-08-12T13:21:33+08:00,2026-08-12,apple_music,CN,cn_top_100,热门歌曲排行,apple_music_cn_most_played_100,100,67,34.0,1708358642,慢冷,531134701,梁静茹,,,2019-05-16,音乐 | 国际流行,,,https://music.apple.com/cn/album/%E6%85%A2%E5%86%B7/1708358632?i=1708358642,https://is1-ssl.mzstatic.com/image/thumb/Music116/v4/41/ed/71/41ed7185-f6ca-722c-5ecd-c3b6f9782ff4/6942360842927.jpg/100x100bb.jpg,https://music.apple.com/cn/new/top-charts,https://rss.marketingtools.apple.com/api/v2/cn/music/most-played/100/songs.json
20260812T132133+0800,2026-08-12T13:21:33+08:00,2026-08-12,apple_music,CN,cn_top_100,热门歌曲排行,apple_music_cn_most_played_100,100,68,33.0,541857036,天黑黑,83405200,孙燕姿,,,2000-06-08,音乐 | 国际流行,,,https://music.apple.com/cn/album/%E5%A4%A9%E9%BB%91%E9%BB%91/541856819?i=541857036,https://is1-ssl.mzstatic.com/image/thumb/Music124/v4/8a/91/d7/8a91d731-cdb1-01b5-17a9-c88cf66d6e01/5050466855725.jpg/100x90bb.jpg,https://music.apple.com/cn/new/top-charts,https://rss.marketingtools.apple.com/api/v2/cn/music/most-played/100/songs.json
20260812T132133+0800,2026-08-12T13:21:33+08:00,2026-08-12,apple_music,CN,cn_top_100,热门歌曲排行,apple_music_cn_most_played_100,100,69,32.0,1531323101,交换余生,216635866,林俊杰,,,2020-09-16,音乐 | 国际流行,,,https://music.apple.com/cn/album/%E4%BA%A4%E6%8D%A2%E4%BD%99%E7%94%9F/1531323100?i=1531323101,https://is1-ssl.mzstatic.com/image/thumb/Music125/v4/8d/dd/ce/8dddceba-2a33-d936-680d-eb7c32aa54c6/190295140731.jpg/100x100bb.jpg,https://music.apple.com/cn/new/top-charts,https://rss.marketingtools.apple.com/api/v2/cn/music/most-played/100/songs.json
20260812T132133+0800,2026-08-12T13:21:33+08:00,2026-08-12,apple_music,CN,cn_top_100,热门歌曲排行,apple_music_cn_most_played_100,100,70,31.0,1487769993,句号,425208570,邓紫棋,,,2019-11-22,音乐 | 国际流行,,,https://music.apple.com/cn/album/%E5%8F%A5%E5%8F%B7/1487769992?i=1487769993,https://is1-ssl.mzstatic.com/image/thumb/Music113/v4/d0/dc/46/d0dc46cd-e4c5-c4e4-b2ac-057e356641eb/886448106159.jpg/100x100bb.jpg,https://music.apple.com/cn/new/top-charts,https://rss.marketingtools.apple.com/api/v2/cn/music/most-played/100/songs.json
20260812T132133+0800,2026-08-12T13:21:33+08:00,2026-08-12,apple_music,CN,cn_top_100,热门歌曲排行,apple_music_cn_most_played_100,100,71,30.0,536030695,青花瓷,300117743,周杰伦,,,2007-11-02,音乐 | 国际流行,,,https://music.apple.com/cn/album/%E9%9D%92%E8%8A%B1%E7%93%B7/536030690?i=536030695,https://is1-ssl.mzstatic.com/image/thumb/Music115/v4/b8/83/7f/b8837f2a-324a-f6ad-ff5a-0805e9210181/JAY.jpg/100x134bb.jpg,https://music.apple.com/cn/new/top-charts,https://rss.marketingtools.apple.com/api/v2/cn/music/most-played/100/songs.json
20260812T132133+0800,2026-08-12T13:21:33+08:00,2026-08-12,apple_music,CN,cn_top_100,热门歌曲排行,apple_music_cn_most_played_100,100,72,29.0,1134353955,大城小爱,117741179,王力宏,,,2005-12-30,音乐 | 国际流行,,,https://music.apple.com/cn/album/%E5%A4%A7%E5%9F%8E%E5%B0%8F%E7%88%B1/1134353291?i=1134353955,https://is1-ssl.mzstatic.com/image/thumb/Music124/v4/f9/82/88/f98288eb-ea32-6c8c-7919-357c31a4b437/1400X1400.jpg/100x100bb.jpg,https://music.apple.com/cn/new/top-charts,https://rss.marketingtools.apple.com/api/v2/cn/music/most-played/100/songs.json
20260812T132133+0800,2026-08-12T13:21:33+08:00,2026-08-12,apple_music,CN,cn_top_100,热门歌曲排行,apple_music_cn_most_played_100,100,73,28.0,1053567928,多远都要在一起,425208570,邓紫棋,,,2015-02-19,音乐 | 国际流行,,,https://music.apple.com/cn/album/%E5%A4%9A%E8%BF%9C%E9%83%BD%E8%A6%81%E5%9C%A8%E4%B8%80%E8%B5%B7/1053567923?i=1053567928,https://is1-ssl.mzstatic.com/image/thumb/Music124/v4/55/bb/c7/55bbc782-299e-7f24-bc4a-ae129e6d8030/mzm.rpqttxch.jpg/100x100bb.jpg,https://music.apple.com/cn/new/top-charts,https://rss.marketingtools.apple.com/api/v2/cn/music/most-played/100/songs.json
20260812T132133+0800,2026-08-12T13:21:33+08:00,2026-08-12,apple_music,CN,cn_top_100,热门歌曲排行,apple_music_cn_most_played_100,100,74,27.0,1416149929,飞机场的10:30,16789930,陶喆,,,1997-01-01,音乐 | 国际流行,,,https://music.apple.com/cn/album/%E9%A3%9E%E6%9C%BA%E5%9C%BA%E7%9A%8410-30/1416149926?i=1416149929,https://is1-ssl.mzstatic.com/image/thumb/Music125/v4/dd/bb/bd/ddbbbda1-9408-72b2-4c0b-943e648be6c1/190295574086.jpg/100x100bb.jpg,https://music.apple.com/cn/new/top-charts,https://rss.marketingtools.apple.com/api/v2/cn/music/most-played/100/songs.json
20260812T132133+0800,2026-08-12T13:21:33+08:00,2026-08-12,apple_music,CN,cn_top_100,热门歌曲排行,apple_music_cn_most_played_100,100,75,26.0,1071752119,Always Online,216635866,林俊杰,,,2007-03-09,音乐 | 国际流行,,,https://music.apple.com/cn/album/always-online/1071752047?i=1071752119,https://is1-ssl.mzstatic.com/image/thumb/Music124/v4/99/e8/4f/99e84f72-3c26-0617-86a7-8e3f250f8c98/fengmain.jpg/100x100bb.jpg,https://music.apple.com/cn/new/top-charts,https://rss.marketingtools.apple.com/api/v2/cn/music/most-played/100/songs.json
20260812T132133+0800,2026-08-12T13:21:33+08:00,2026-08-12,apple_music,CN,cn_top_100,热门歌曲排行,apple_music_cn_most_played_100,100,76,25.0,1071506929,她说,216635866,林俊杰,,,2010-12-08,音乐 | 国际流行,,,https://music.apple.com/cn/album/%E5%A5%B9%E8%AF%B4/1071506928?i=1071506929,https://is1-ssl.mzstatic.com/image/thumb/Music125/v4/4f/55/6d/4f556da8-f58c-982d-6dd9-3515d33b354f/mzm.awewpcjt.jpg/100x100bb.jpg,https://music.apple.com/cn/new/top-charts,https://rss.marketingtools.apple.com/api/v2/cn/music/most-played/100/songs.json
20260812T132133+0800,2026-08-12T13:21:33+08:00,2026-08-12,apple_music,CN,cn_top_100,热门歌曲排行,apple_music_cn_most_played_100,100,77,24.0,577983297,麦恩莉,201549024,方大同,,,2012-12-12,音乐 | 国际流行,,,https://music.apple.com/cn/album/%E9%BA%A6%E6%81%A9%E8%8E%89/577983280?i=577983297,https://is1-ssl.mzstatic.com/image/thumb/Features115/v4/91/41/8c/91418cce-4b5b-a7a7-cf54-858af87966e3/dj.munrszcb.jpg/100x93bb.jpg,https://music.apple.com/cn/new/top-charts,https://rss.marketingtools.apple.com/api/v2/cn/music/most-played/100/songs.json
20260812T132133+0800,2026-08-12T13:21:33+08:00,2026-08-12,apple_music,CN,cn_top_100,热门歌曲排行,apple_music_cn_most_played_100,100,78,23.0,905206485,天天,16789930,陶喆,,,1999-08-24,音乐 | 国际流行,,,https://music.apple.com/cn/album/%E5%A4%A9%E5%A4%A9/905206471?i=905206485,https://is1-ssl.mzstatic.com/image/thumb/Music115/v4/d0/77/fc/d077fcf8-6a17-e7ea-6c91-6cf40ad39d81/825646245383.jpg/100x98bb.jpg,https://music.apple.com/cn/new/top-charts,https://rss.marketingtools.apple.com/api/v2/cn/music/most-played/100/songs.json
20260812T132133+0800,2026-08-12T13:21:33+08:00,2026-08-12,apple_music,CN,cn_top_100,热门歌曲排行,apple_music_cn_most_played_100,100,79,22.0,1694849138,修炼爱情,216635866,林俊杰,,,2013-02-20,音乐 | 国际流行,,,https://music.apple.com/cn/album/%E4%BF%AE%E7%82%BC%E7%88%B1%E6%83%85/1694849133?i=1694849138,https://is1-ssl.mzstatic.com/image/thumb/Music116/v4/86/80/48/86804834-eb90-62a1-2170-cd96f9963cac/4711099729722.jpg/100x100bb.jpg,https://music.apple.com/cn/new/top-charts,https://rss.marketingtools.apple.com/api/v2/cn/music/most-played/100/songs.json
20260812T132133+0800,2026-08-12T13:21:33+08:00,2026-08-12,apple_music,CN,cn_top_100,热门歌曲排行,apple_music_cn_most_played_100,100,80,21.0,1041127302,We Don’t Talk Anymore (feat. Selena Gomez),336249253,Charlie Puth,,,2016-01-29,国际流行 | 音乐,,,https://music.apple.com/cn/album/we-dont-talk-anymore-feat-selena-gomez/1041127262?i=1041127302,https://is1-ssl.mzstatic.com/image/thumb/Music124/v4/68/24/6d/68246d01-179c-72e2-6caa-6490c86a4e79/075679920836.jpg/100x100bb.jpg,https://music.apple.com/cn/new/top-charts,https://rss.marketingtools.apple.com/api/v2/cn/music/most-played/100/songs.json
20260812T132133+0800,2026-08-12T13:21:33+08:00,2026-08-12,apple_music,CN,cn_top_100,热门歌曲排行,apple_music_cn_most_played_100,100,81,20.0,1788007693,手心的蔷薇 (feat. 邓紫棋),216635866,林俊杰,,,2014-12-27,音乐 | 国际流行,,,https://music.apple.com/cn/album/%E6%89%8B%E5%BF%83%E7%9A%84%E8%94%B7%E8%96%87-feat-%E9%82%93%E7%B4%AB%E6%A3%8B/1788007687?i=1788007693,https://is1-ssl.mzstatic.com/image/thumb/Music211/v4/57/5a/1b/575a1bc9-ca86-7549-e873-b55663ba6276/4711508105925.jpg/100x100bb.jpg,https://music.apple.com/cn/new/top-charts,https://rss.marketingtools.apple.com/api/v2/cn/music/most-played/100/songs.json
20260812T132133+0800,2026-08-12T13:21:33+08:00,2026-08-12,apple_music,CN,cn_top_100,热门歌曲排行,apple_music_cn_most_played_100,100,82,19.0,944321446,手写的从前,300117743,周杰伦,,,2014-12-26,音乐 | 国际流行,,,https://music.apple.com/cn/album/%E6%89%8B%E5%86%99%E7%9A%84%E4%BB%8E%E5%89%8D/944321428?i=944321446,https://is1-ssl.mzstatic.com/image/thumb/Music115/v4/16/db/ff/16dbff09-0750-29b0-07b7-3fa44f8a556e/dj.nzqvfsza.jpg/100x100bb.jpg,https://music.apple.com/cn/new/top-charts,https://rss.marketingtools.apple.com/api/v2/cn/music/most-played/100/songs.json
20260812T132133+0800,2026-08-12T13:21:33+08:00,2026-08-12,apple_music,CN,cn_top_100,热门歌曲排行,apple_music_cn_most_played_100,100,83,18.0,1887671067,REDRED,1831651635,CORTIS,,,2026-04-20,K-Pop | 音乐 | 国际流行,,,https://music.apple.com/cn/album/redred/1887671065?i=1887671067,https://is1-ssl.mzstatic.com/image/thumb/Music221/v4/9b/5f/47/9b5f4711-dc78-2dea-6721-d06709ea5121/198704992810_Cover.jpg/100x100bb.jpg,https://music.apple.com/cn/new/top-charts,https://rss.marketingtools.apple.com/api/v2/cn/music/most-played/100/songs.json
20260812T132133+0800,2026-08-12T13:21:33+08:00,2026-08-12,apple_music,CN,cn_top_100,热门歌曲排行,apple_music_cn_most_played_100,100,84,17.0,1772644601,Whiplash,1540251304,aespa,,,2024-10-21,K-Pop | 音乐 | 国际流行,,,https://music.apple.com/cn/album/whiplash/1772644600?i=1772644601,https://is1-ssl.mzstatic.com/image/thumb/Music221/v4/1a/26/5d/1a265da7-ff45-8df0-ee94-7b79becfc7d9/888735949562.png/100x100bb.jpg,https://music.apple.com/cn/new/top-charts,https://rss.marketingtools.apple.com/api/v2/cn/music/most-played/100/songs.json
20260812T132133+0800,2026-08-12T13:21:33+08:00,2026-08-12,apple_music,CN,cn_top_100,热门歌曲排行,apple_music_cn_most_played_100,100,85,16.0,536009751,珊瑚海 (feat. 梁心颐),300117743,周杰伦,,,2005-11-01,音乐 | 国际流行,,,https://music.apple.com/cn/album/%E7%8F%8A%E7%91%9A%E6%B5%B7-feat-%E6%A2%81%E5%BF%83%E9%A2%90/536009641?i=536009751,https://is1-ssl.mzstatic.com/image/thumb/Music115/v4/9e/35/ad/9e35ad1e-749e-75b6-0539-1e80cea1817b/JAY11.jpg/100x109bb.jpg,https://music.apple.com/cn/new/top-charts,https://rss.marketingtools.apple.com/api/v2/cn/music/most-played/100/songs.json
20260812T132133+0800,2026-08-12T13:21:33+08:00,2026-08-12,apple_music,CN,cn_top_100,热门歌曲排行,apple_music_cn_most_played_100,100,86,15.0,1071517710,背对背拥抱,216635866,林俊杰,,,2009-03-09,音乐 | 国际流行,,,https://music.apple.com/cn/album/%E8%83%8C%E5%AF%B9%E8%83%8C%E6%8B%A5%E6%8A%B1/1071517704?i=1071517710,https://is1-ssl.mzstatic.com/image/thumb/Music124/v4/4a/84/a2/4a84a274-3678-533c-c1e1-5fd9216b7f1d/dj.kxuxixwe.jpg/100x100bb.jpg,https://music.apple.com/cn/new/top-charts,https://rss.marketingtools.apple.com/api/v2/cn/music/most-played/100/songs.json
20260812T132133+0800,2026-08-12T13:21:33+08:00,2026-08-12,apple_music,CN,cn_top_100,热门歌曲排行,apple_music_cn_most_played_100,100,87,14.0,1072339996,不将就 (电影《何以笙箫默》片尾曲),307674970,李荣浩,,,2015-04-28,音乐 | 国际流行,,,https://music.apple.com/cn/album/%E4%B8%8D%E5%B0%86%E5%B0%B1-%E7%94%B5%E5%BD%B1-%E4%BD%95%E4%BB%A5%E7%AC%99%E7%AE%AB%E9%BB%98-%E7%89%87%E5%B0%BE%E6%9B%B2/1072339647?i=1072339996,https://is1-ssl.mzstatic.com/image/thumb/Music125/v4/4c/17/4a/4c174aec-80a7-c039-54cd-4be73cb090d3/dj.fagjndon.jpg/100x100bb.jpg,https://music.apple.com/cn/new/top-charts,https://rss.marketingtools.apple.com/api/v2/cn/music/most-played/100/songs.json
20260812T132133+0800,2026-08-12T13:21:33+08:00,2026-08-12,apple_music,CN,cn_top_100,热门歌曲排行,apple_music_cn_most_played_100,100,88,13.0,536285261,退后,300117743,周杰伦,,,2006-09-05,音乐 | 国际流行,,,https://music.apple.com/cn/album/%E9%80%80%E5%90%8E/536285027?i=536285261,https://is1-ssl.mzstatic.com/image/thumb/Music115/v4/6a/a3/8d/6aa38da9-3fc1-427c-59a7-fcd0cf21832d/JAY.jpg/100x134bb.jpg,https://music.apple.com/cn/new/top-charts,https://rss.marketingtools.apple.com/api/v2/cn/music/most-played/100/songs.json
20260812T132133+0800,2026-08-12T13:21:33+08:00,2026-08-12,apple_music,CN,cn_top_100,热门歌曲排行,apple_music_cn_most_played_100,100,89,12.0,536248195,说了再见,300117743,周杰伦,,,2010-05-18,音乐 | 国际流行,,,https://music.apple.com/cn/album/%E8%AF%B4%E4%BA%86%E5%86%8D%E8%A7%81/536247746?i=536248195,https://is1-ssl.mzstatic.com/image/thumb/Music125/v4/53/2d/dd/532dddf0-87d7-b9eb-7d8b-4eb194c84252/asset.jpg/100x133bb.jpg,https://music.apple.com/cn/new/top-charts,https://rss.marketingtools.apple.com/api/v2/cn/music/most-played/100/songs.json
20260812T132133+0800,2026-08-12T13:21:33+08:00,2026-08-12,apple_music,CN,cn_top_100,热门歌曲排行,apple_music_cn_most_played_100,100,90,11.0,1869229365,雨过后的风景,509508968,蔡诗芸,,,2012-03-09,音乐 | 国际流行,,,https://music.apple.com/cn/album/%E9%9B%A8%E8%BF%87%E5%90%8E%E7%9A%84%E9%A3%8E%E6%99%AF/1869229214?i=1869229365,https://is1-ssl.mzstatic.com/image/thumb/Music221/v4/60/1c/ef/601cefd9-79e0-e9f1-29ff-6d396601bfb5/3614979000106.jpg/100x100bb.jpg,https://music.apple.com/cn/new/top-charts,https://rss.marketingtools.apple.com/api/v2/cn/music/most-played/100/songs.json
20260812T132133+0800,2026-08-12T13:21:33+08:00,2026-08-12,apple_music,CN,cn_top_100,热门歌曲排行,apple_music_cn_most_played_100,100,91,10.0,200476123,盛夏的果实,162585630,莫文蔚,,,2000-06-16,音乐 | 国际流行,,,https://music.apple.com/cn/album/%E7%9B%9B%E5%A4%8F%E7%9A%84%E6%9E%9C%E5%AE%9E/200469374?i=200476123,https://is1-ssl.mzstatic.com/image/thumb/Music124/v4/81/cc/52/81cc5224-3ace-5e3c-468a-17b4b71da831/dj.aqolbuce.jpg/100x100bb.jpg,https://music.apple.com/cn/new/top-charts,https://rss.marketingtools.apple.com/api/v2/cn/music/most-played/100/songs.json
20260812T132133+0800,2026-08-12T13:21:33+08:00,2026-08-12,apple_music,CN,cn_top_100,热门歌曲排行,apple_music_cn_most_played_100,100,92,9.0,280798617,雨天,83405200,孙燕姿,,,2006-09-21,音乐 | 国际流行,,,https://music.apple.com/cn/album/%E9%9B%A8%E5%A4%A9/280798610?i=280798617,https://is1-ssl.mzstatic.com/image/thumb/Music/70/8f/21/mzi.buxkpipq.jpg/100x100bb.jpg,https://music.apple.com/cn/new/top-charts,https://rss.marketingtools.apple.com/api/v2/cn/music/most-played/100/songs.json
20260812T132133+0800,2026-08-12T13:21:33+08:00,2026-08-12,apple_music,CN,cn_top_100,热门歌曲排行,apple_music_cn_most_played_100,100,93,8.0,535391944,下一个天亮,535054776,郭静,,,2008-01-01,音乐 | 国际流行,,,https://music.apple.com/cn/album/%E4%B8%8B%E4%B8%80%E4%B8%AA%E5%A4%A9%E4%BA%AE/535391943?i=535391944,https://is1-ssl.mzstatic.com/image/thumb/Music211/v4/05/49/46/054946ac-9e38-f5b0-9778-cbcd4d844687/4717398702336.jpg/100x115bb.jpg,https://music.apple.com/cn/new/top-charts,https://rss.marketingtools.apple.com/api/v2/cn/music/most-played/100/songs.json
20260812T132133+0800,2026-08-12T13:21:33+08:00,2026-08-12,apple_music,CN,cn_top_100,热门歌曲排行,apple_music_cn_most_played_100,100,94,7.0,536030697,蒲公英的约定,300117743,周杰伦,,,2007-11-02,音乐 | 国际流行,,,https://music.apple.com/cn/album/%E8%92%B2%E5%85%AC%E8%8B%B1%E7%9A%84%E7%BA%A6%E5%AE%9A/536030690?i=536030697,https://is1-ssl.mzstatic.com/image/thumb/Music115/v4/b8/83/7f/b8837f2a-324a-f6ad-ff5a-0805e9210181/JAY.jpg/100x134bb.jpg,https://music.apple.com/cn/new/top-charts,https://rss.marketingtools.apple.com/api/v2/cn/music/most-played/100/songs.json
20260812T132133+0800,2026-08-12T13:21:33+08:00,2026-08-12,apple_music,CN,cn_top_100,热门歌曲排行,apple_music_cn_most_played_100,100,95,6.0,541862768,泡沫,425208570,邓紫棋,,,2012-06-27,音乐 | 国际流行,,,https://music.apple.com/cn/album/%E6%B3%A1%E6%B2%AB/541862703?i=541862768,https://is1-ssl.mzstatic.com/image/thumb/Music/v4/4e/cc/a4/4ecca477-ac72-2100-a688-5d5e8f31c1fe/Cover.jpg/100x100bb.jpg,https://music.apple.com/cn/new/top-charts,https://rss.marketingtools.apple.com/api/v2/cn/music/most-played/100/songs.json
20260812T132133+0800,2026-08-12T13:21:33+08:00,2026-08-12,apple_music,CN,cn_top_100,热门歌曲排行,apple_music_cn_most_played_100,100,96,5.0,6763657122,oh well,412778295,Ariana Grande,,,2026-07-31,国际流行 | 音乐,,,https://music.apple.com/cn/album/oh-well/1895420989?i=6763657122,https://is1-ssl.mzstatic.com/image/thumb/Music211/v4/7e/e6/82/7ee682bd-1b17-6adc-be63-b5af1bdff369/26UMGIM51126.rgb.jpg/100x100bb.jpg,https://music.apple.com/cn/new/top-charts,https://rss.marketingtools.apple.com/api/v2/cn/music/most-played/100/songs.json
20260812T132133+0800,2026-08-12T13:21:33+08:00,2026-08-12,apple_music,CN,cn_top_100,热门歌曲排行,apple_music_cn_most_played_100,100,97,4.0,536248201,我落泪 . 情绪零碎,300117743,周杰伦,,,2010-05-18,音乐 | 国际流行,,,https://music.apple.com/cn/album/%E6%88%91%E8%90%BD%E6%B3%AA-%E6%83%85%E7%BB%AA%E9%9B%B6%E7%A2%8E/536247746?i=536248201,https://is1-ssl.mzstatic.com/image/thumb/Music125/v4/53/2d/dd/532dddf0-87d7-b9eb-7d8b-4eb194c84252/asset.jpg/100x133bb.jpg,https://music.apple.com/cn/new/top-charts,https://rss.marketingtools.apple.com/api/v2/cn/music/most-played/100/songs.json
20260812T132133+0800,2026-08-12T13:21:33+08:00,2026-08-12,apple_music,CN,cn_top_100,热门歌曲排行,apple_music_cn_most_played_100,100,98,3.0,6799886696,Pop Off Pop Off,1795471746,KiiiKiii,,,2026-08-10,K-Pop | 音乐 | 国际流行,,,https://music.apple.com/cn/album/pop-off-pop-off/6799886470?i=6799886696,https://is1-ssl.mzstatic.com/image/thumb/Music221/v4/f1/e9/50/f1e95095-3226-fdb7-6c44-043e7d095ef5/885288015478.jpg/100x100bb.jpg,https://music.apple.com/cn/new/top-charts,https://rss.marketingtools.apple.com/api/v2/cn/music/most-played/100/songs.json
20260812T132133+0800,2026-08-12T13:21:33+08:00,2026-08-12,apple_music,CN,cn_top_100,热门歌曲排行,apple_music_cn_most_played_100,100,99,2.0,535391947,爱情讯息,535054776,郭静,,,2008-05-09,音乐 | 国际流行,,,https://music.apple.com/cn/album/%E7%88%B1%E6%83%85%E8%AE%AF%E6%81%AF/535391943?i=535391947,https://is1-ssl.mzstatic.com/image/thumb/Music211/v4/05/49/46/054946ac-9e38-f5b0-9778-cbcd4d844687/4717398702336.jpg/100x115bb.jpg,https://music.apple.com/cn/new/top-charts,https://rss.marketingtools.apple.com/api/v2/cn/music/most-played/100/songs.json
20260812T132133+0800,2026-08-12T13:21:33+08:00,2026-08-12,apple_music,CN,cn_top_100,热门歌曲排行,apple_music_cn_most_played_100,100,100,1.0,1321045197,黑夜问白天,216635866,林俊杰,,,2017-12-29,音乐 | 国际流行,,,https://music.apple.com/cn/album/%E9%BB%91%E5%A4%9C%E9%97%AE%E7%99%BD%E5%A4%A9/1321044887?i=1321045197,https://is1-ssl.mzstatic.com/image/thumb/Music115/v4/4e/44/6b/4e446b65-5d35-b9ab-f585-b438f3892541/190295706760.jpg/100x100bb.jpg,https://music.apple.com/cn/new/top-charts,https://rss.marketingtools.apple.com/api/v2/cn/music/most-played/100/songs.json
20260812T132133+0800,2026-08-12T13:21:33+08:00,2026-08-12,netease_cloud_music,CN,rising,飙升榜,19723756,100,1,100.0,108965,冻结,3684,林俊杰,10808,乐行者,2003-04-01,,3,2,https://music.163.com/song?id=108965,http://p2.music.126.net/BU26yl8XSsV4g1_eYYTCWg==/109951172002804127.jpg,https://music.163.com/discover/toplist?id=19723756,https://music.163.com/api/playlist/detail?id=19723756&n=100
20260812T132133+0800,2026-08-12T13:21:33+08:00,2026-08-12,netease_cloud_music,CN,rising,飙升榜,19723756,100,2,99.0,3416093943,代偿,99641900,巧莫,390563690,代偿,,,,,https://music.163.com/song?id=3416093943,http://p2.music.126.net/uC4ek_6_frLyXayYEF7y8g==/109951173690218295.jpg,https://music.163.com/discover/toplist?id=19723756,https://music.163.com/api/playlist/detail?id=19723756&n=100
20260812T132133+0800,2026-08-12T13:21:33+08:00,2026-08-12,netease_cloud_music,CN,rising,飙升榜,19723756,100,3,98.0,1970633784,反正,12623251,老番茄,149380343,反正,2022-08-10,,,,https://music.163.com/song?id=1970633784,http://p2.music.126.net/nFfFsC_l6GtGnY-BKVqNpg==/109951167760817147.jpg,https://music.163.com/discover/toplist?id=19723756,https://music.163.com/api/playlist/detail?id=19723756&n=100
20260812T132133+0800,2026-08-12T13:21:33+08:00,2026-08-12,netease_cloud_music,CN,rising,飙升榜,19723756,100,4,97.0,1472921626,刻在我心底的名字,3690,卢广仲,94304499,刻在我心底的名字,2020-08-25,,14,10,https://music.163.com/song?id=1472921626,http://p2.music.126.net/hP30WVUoRy-wE3c-prxr0g==/109951165256630492.jpg,https://music.163.com/discover/toplist?id=19723756,https://music.163.com/api/playlist/detail?id=19723756&n=100
20260812T132133+0800,2026-08-12T13:21:33+08:00,2026-08-12,netease_cloud_music,CN,rising,飙升榜,19723756,100,5,96.0,2624575315,缓缓,31376161,颜人中,247138808,缓缓,2024-09-15,,,,https://music.163.com/song?id=2624575315,http://p2.music.126.net/_WLiO4_ljVlLU9g0BR7qjw==/109951169971412305.jpg,https://music.163.com/discover/toplist?id=19723756,https://music.163.com/api/playlist/detail?id=19723756&n=100
20260812T132133+0800,2026-08-12T13:21:33+08:00,2026-08-12,netease_cloud_music,CN,rising,飙升榜,19723756,100,6,95.0,2108845007,讴歌,35009085,Vansdaddy,181194681,讴歌,2023-12-16,,,,https://music.163.com/song?id=2108845007,http://p2.music.126.net/xfPdDoM-Kk14BFdJT7Qxgw==/109951169164991342.jpg,https://music.163.com/discover/toplist?id=19723756,https://music.163.com/api/playlist/detail?id=19723756&n=100
20260812T132133+0800,2026-08-12T13:21:33+08:00,2026-08-12,netease_cloud_music,CN,rising,飙升榜,19723756,100,7,94.0,165376,因为了解,5538,汪苏泷,16611,慢慢懂,2010-11-19,,5,-2,https://music.163.com/song?id=165376,http://p2.music.126.net/ZBZeyuWDycelKBLdQPc5gA==/109951172128596445.jpg,https://music.163.com/discover/toplist?id=19723756,https://music.163.com/api/playlist/detail?id=19723756&n=100
20260812T132133+0800,2026-08-12T13:21:33+08:00,2026-08-12,netease_cloud_music,CN,rising,飙升榜,19723756,100,8,93.0,3416333610,再见太难,8507,利得汇,390718483,再见太难,,,,,https://music.163.com/song?id=3416333610,http://p2.music.126.net/KPtNGvc1BM-3ShqTT9nd6A==/109951173693092478.jpg,https://music.163.com/discover/toplist?id=19723756,https://music.163.com/api/playlist/detail?id=19723756&n=100
20260812T132133+0800,2026-08-12T13:21:33+08:00,2026-08-12,netease_cloud_music,CN,rising,飙升榜,19723756,100,9,92.0,3362504067,老马,53483506,OuttaWave,367604234,南下南下,2026-03-28,,,,https://music.163.com/song?id=3362504067,http://p2.music.126.net/4gJsoN1WzxkEuFhYvVhcXg==/109951172934130756.jpg,https://music.163.com/discover/toplist?id=19723756,https://music.163.com/api/playlist/detail?id=19723756&n=100
20260812T132133+0800,2026-08-12T13:21:33+08:00,2026-08-12,netease_cloud_music,CN,rising,飙升榜,19723756,100,10,91.0,2080324987,Love Me,37263,JMSN,174285450,Soft Spot,2023-10-11,,10,0,https://music.163.com/song?id=2080324987,http://p2.music.126.net/1YV5JGnq3zfddKH6IE1Z3Q==/109951172418838714.jpg,https://music.163.com/discover/toplist?id=19723756,https://music.163.com/api/playlist/detail?id=19723756&n=100
20260812T132133+0800,2026-08-12T13:21:33+08:00,2026-08-12,netease_cloud_music,CN,rising,飙升榜,19723756,100,11,90.0,3391745632,忘失海,123356605,Caspian,370676155,轻音乐,,,,,https://music.163.com/song?id=3391745632,http://p2.music.126.net/7sLGJMJuRMXrbRX3re84PQ==/109951173040512262.jpg,https://music.163.com/discover/toplist?id=19723756,https://music.163.com/api/playlist/detail?id=19723756&n=100
20260812T132133+0800,2026-08-12T13:21:33+08:00,2026-08-12,netease_cloud_music,CN,rising,飙升榜,19723756,100,12,89.0,3416833129,十月的海,56649465,刘子铭zm,390924534,十月的海,,,,,https://music.163.com/song?id=3416833129,http://p2.music.126.net/o_UenYu4FX2ZSp9pXuNC0w==/109951173696304709.jpg,https://music.163.com/discover/toplist?id=19723756,https://music.163.com/api/playlist/detail?id=19723756&n=100
20260812T132133+0800,2026-08-12T13:21:33+08:00,2026-08-12,netease_cloud_music,CN,rising,飙升榜,19723756,100,13,88.0,3398249541,反乌托邦×拼接遗憾×Sinos De Natal,100102441 | 122322084 | 12304040,Vince丷 | 见过夏天P | Ciyo,383648098,红石音乐,,,,,https://music.163.com/song?id=3398249541,http://p2.music.126.net/Kk5YxGO0qB_KQx8-uEOL6g==/109951173459347365.jpg,https://music.163.com/discover/toplist?id=19723756,https://music.163.com/api/playlist/detail?id=19723756&n=100
20260812T132133+0800,2026-08-12T13:21:33+08:00,2026-08-12,netease_cloud_music,CN,rising,飙升榜,19723756,100,14,87.0,19040381,Pretty Girl Rock,62893,Keri Hilson,1744015,Pretty Girl Rock,2010-10-12,,98,84,https://music.163.com/song?id=19040381,http://p2.music.126.net/e_DrPQJRaBrpPjgusz7Gfw==/628920651097528.jpg,https://music.163.com/discover/toplist?id=19723756,https://music.163.com/api/playlist/detail?id=19723756&n=100
20260812T132133+0800,2026-08-12T13:21:33+08:00,2026-08-12,netease_cloud_music,CN,rising,飙升榜,19723756,100,15,86.0,3403297821,倘若你爱一人,12232132,王唯旖,385909998,倘若你爱一人,2026-07-14,,,,https://music.163.com/song?id=3403297821,http://p2.music.126.net/2ATobj5oK1sQJNL2gM1mMA==/109951173525995079.jpg,https://music.163.com/discover/toplist?id=19723756,https://music.163.com/api/playlist/detail?id=19723756&n=100
20260812T132133+0800,2026-08-12T13:21:33+08:00,2026-08-12,netease_cloud_music,CN,rising,飙升榜,19723756,100,16,85.0,3417857540,Pop Off Pop Off,97197815,KiiiKiii,391328479,WhyKiiiKiii,,,9,-7,https://music.163.com/song?id=3417857540,http://p2.music.126.net/WkoRkzt-5-E6g4W1gqN7ZQ==/109951173711211073.jpg,https://music.163.com/discover/toplist?id=19723756,https://music.163.com/api/playlist/detail?id=19723756&n=100
20260812T132133+0800,2026-08-12T13:21:33+08:00,2026-08-12,netease_cloud_music,CN,rising,飙升榜,19723756,100,17,84.0,27158959,Come Back To Me,18122,宇多田ヒカル,2589208,"Promo Only: Mainstream Radio, March 2009",2009-03-02,,51,34,https://music.163.com/song?id=27158959,http://p2.music.126.net/gZdwUZdIF_jF_DHQ1HjVXQ==/2135251581170994.jpg,https://music.163.com/discover/toplist?id=19723756,https://music.163.com/api/playlist/detail?id=19723756&n=100
20260812T132133+0800,2026-08-12T13:21:33+08:00,2026-08-12,netease_cloud_music,CN,rising,飙升榜,19723756,100,18,83.0,2136806746,狗狗,12277473,李大奔BENZO,189277354,STAY STRONG,,,4,-14,https://music.163.com/song?id=2136806746,http://p2.music.126.net/08gifTiSLnI2pEUd_6Gtdw==/109951169421977365.jpg,https://music.163.com/discover/toplist?id=19723756,https://music.163.com/api/playlist/detail?id=19723756&n=100
20260812T132133+0800,2026-08-12T13:21:33+08:00,2026-08-12,netease_cloud_music,CN,rising,飙升榜,19723756,100,19,82.0,3417947275,交个朋友 (Live),35784564,弹壳Danko,391356378,说唱巅峰对决2026 第七期,,,7,-12,https://music.163.com/song?id=3417947275,http://p2.music.126.net/CafsjsiaYiHTlnka1Bna9g==/109951173712120187.jpg,https://music.163.com/discover/toplist?id=19723756,https://music.163.com/api/playlist/detail?id=19723756&n=100
20260812T132133+0800,2026-08-12T13:21:33+08:00,2026-08-12,netease_cloud_music,CN,rising,飙升榜,19723756,100,20,81.0,3413660014,if you,94514109 | 98724675,Kyle衫子 | WHICHWAY_MUSIC,389826922,if you,2026-08-02,,,,https://music.163.com/song?id=3413660014,http://p2.music.126.net/RZg4gNkwbnQWNTEGa2fGSw==/109951173662654043.jpg,https://music.163.com/discover/toplist?id=19723756,https://music.163.com/api/playlist/detail?id=19723756&n=100
20260812T132133+0800,2026-08-12T13:21:33+08:00,2026-08-12,netease_cloud_music,CN,rising,飙升榜,19723756,100,21,80.0,254059,情歌,8325,梁静茹,25381,现在开始我爱你,2011-02-01,,47,26,https://music.163.com/song?id=254059,http://p1.music.126.net/QKCkMMW_fPDcczRNb0qZyg==/109951168163257789.jpg,https://music.163.com/discover/toplist?id=19723756,https://music.163.com/api/playlist/detail?id=19723756&n=100
20260812T132133+0800,2026-08-12T13:21:33+08:00,2026-08-12,netease_cloud_music,CN,rising,飙升榜,19723756,100,22,79.0,3365981182,CTRL-X,49810615,RANGE,369048783,CTRL-X,2026-04-02,,,,https://music.163.com/song?id=3365981182,http://p1.music.126.net/99ltNpTGOGYfe-HDHqKDZA==/109951172983518932.jpg,https://music.163.com/discover/toplist?id=19723756,https://music.163.com/api/playlist/detail?id=19723756&n=100
20260812T132133+0800,2026-08-12T13:21:33+08:00,2026-08-12,netease_cloud_music,CN,rising,飙升榜,19723756,100,23,78.0,3368411828,Evoira II,49810615,RANGE,370186998,Evoira II,2026-04-09,,,,https://music.163.com/song?id=3368411828,http://p1.music.126.net/jVsOkc4fZCPZOIjAxlIEiA==/109951173022370398.jpg,https://music.163.com/discover/toplist?id=19723756,https://music.163.com/api/playlist/detail?id=19723756&n=100
20260812T132133+0800,2026-08-12T13:21:33+08:00,2026-08-12,netease_cloud_music,CN,rising,飙升榜,19723756,100,24,77.0,239364,热气球,7897,黄淑惠,23988,情人日记,2006-06-15,,83,59,https://music.163.com/song?id=239364,http://p1.music.126.net/xjOh3uc-xtTOiJjYl8kTcA==/109951171890561604.jpg,https://music.163.com/discover/toplist?id=19723756,https://music.163.com/api/playlist/detail?id=19723756&n=100
20260812T132133+0800,2026-08-12T13:21:33+08:00,2026-08-12,netease_cloud_music,CN,rising,飙升榜,19723756,100,25,76.0,3401123804,Gap in Shanghai Rainy Days,12270600,王耳文,385025423,Gap in Shanghai Rainy Days,,,95,70,https://music.163.com/song?id=3401123804,http://p1.music.126.net/LXhsqrwy_pClQhv0hrM6eg==/109951173499171923.jpg,https://music.163.com/discover/toplist?id=19723756,https://music.163.com/api/playlist/detail?id=19723756&n=100
20260812T132133+0800,2026-08-12T13:21:33+08:00,2026-08-12,netease_cloud_music,CN,rising,飙升榜,19723756,100,26,75.0,1400259397,有我呢,2987,郭一凡,82895332,重返地球,2019-11-01,,,,https://music.163.com/song?id=1400259397,http://p1.music.126.net/CxKHp_goUxcFpl8b5VarWw==/109951173687657490.jpg,https://music.163.com/discover/toplist?id=19723756,https://music.163.com/api/playlist/detail?id=19723756&n=100
20260812T132133+0800,2026-08-12T13:21:33+08:00,2026-08-12,netease_cloud_music,CN,rising,飙升榜,19723756,100,27,74.0,3417910003,祈神怜,34787967,一颗狼星,391344828,祈神怜,2026-08-11,,,,https://music.163.com/song?id=3417910003,http://p1.music.126.net/71usP8Hn-AdB514PB36uPA==/109951173733556099.jpg,https://music.163.com/discover/toplist?id=19723756,https://music.163.com/api/playlist/detail?id=19723756&n=100
20260812T132133+0800,2026-08-12T13:21:33+08:00,2026-08-12,netease_cloud_music,CN,rising,飙升榜,19723756,100,28,73.0,3414473442,野草 (Live),166014,金志文,390097848,国乐无双 第10期,,,,,https://music.163.com/song?id=3414473442,http://p1.music.126.net/DE9__VdDCVQCdAdz_92hww==/109951173671527853.jpg,https://music.163.com/discover/toplist?id=19723756,https://music.163.com/api/playlist/detail?id=19723756&n=100
20260812T132133+0800,2026-08-12T13:21:33+08:00,2026-08-12,netease_cloud_music,CN,rising,飙升榜,19723756,100,29,72.0,3387337974,Im Sorry Mom,127194829,Marino,378848236,Im Sorry Mom,2026-06-12,,33,4,https://music.163.com/song?id=3387337974,http://p1.music.126.net/Y7W9UWG2QZaCVZ9zra6uPQ==/109951173359276808.jpg,https://music.163.com/discover/toplist?id=19723756,https://music.163.com/api/playlist/detail?id=19723756&n=100
20260812T132133+0800,2026-08-12T13:21:33+08:00,2026-08-12,netease_cloud_music,CN,rising,飙升榜,19723756,100,30,71.0,3387007752,Mama (Perfect Timing),97789101,Young Roddo,378681040,Mama (Perfect Timing),2026-05-27,,29,-1,https://music.163.com/song?id=3387007752,http://p1.music.126.net/pUqme3KTa-ieRKTx_R6KEw==/109951173289855113.jpg,https://music.163.com/discover/toplist?id=19723756,https://music.163.com/api/playlist/detail?id=19723756&n=100
20260812T132133+0800,2026-08-12T13:21:33+08:00,2026-08-12,netease_cloud_music,CN,rising,飙升榜,19723756,100,31,70.0,3416335474,Die For You,98677788 | 49810615,NENX | RANGE,390719326,Die For You,2026-08-04,,,,https://music.163.com/song?id=3416335474,http://p1.music.126.net/dOHKQpvfhJZQLu3aaXN-4w==/109951173693281605.jpg,https://music.163.com/discover/toplist?id=19723756,https://music.163.com/api/playlist/detail?id=19723756&n=100
20260812T132133+0800,2026-08-12T13:21:33+08:00,2026-08-12,netease_cloud_music,CN,rising,飙升榜,19723756,100,32,69.0,3415115650,人生真的会突然变好,1085058,coco-木子文,390245104,人生真的会突然变好（划走了依然有效）,,,,,https://music.163.com/song?id=3415115650,http://p1.music.126.net/tc8fV8gm3kyDeQfGvg92Zg==/109951173678475155.jpg,https://music.163.com/discover/toplist?id=19723756,https://music.163.com/api/playlist/detail?id=19723756&n=100
20260812T132133+0800,2026-08-12T13:21:33+08:00,2026-08-12,netease_cloud_music,CN,rising,飙升榜,19723756,100,33,68.0,3414273119,"nowhere, nobody",48161,Ariana Grande,390031118,petal,2026-07-31,,,,https://music.163.com/song?id=3414273119,http://p1.music.126.net/eVZhj8MsxGhjbmTDVZVORQ==/109951173670280784.jpg,https://music.163.com/discover/toplist?id=19723756,https://music.163.com/api/playlist/detail?id=19723756&n=100
20260812T132133+0800,2026-08-12T13:21:33+08:00,2026-08-12,netease_cloud_music,CN,rising,飙升榜,19723756,100,34,67.0,3409254223,眼镜妹,33914460,Zzh,388165371,眼镜妹,,,,,https://music.163.com/song?id=3409254223,http://p1.music.126.net/pMKOZVVoj7OZe0qvW45uvA==/109951173602625261.jpg,https://music.163.com/discover/toplist?id=19723756,https://music.163.com/api/playlist/detail?id=19723756&n=100
20260812T132133+0800,2026-08-12T13:21:33+08:00,2026-08-12,netease_cloud_music,CN,rising,飙升榜,19723756,100,35,66.0,2738228860,Dehors,338718,JORDANN,282257834,Dehors (普通话版),2025-08-22,,,,https://music.163.com/song?id=2738228860,http://p1.music.126.net/8mNbLer5tKnkgj3Q4JPpWw==/109951171903070287.jpg,https://music.163.com/discover/toplist?id=19723756,https://music.163.com/api/playlist/detail?id=19723756&n=100
20260812T132133+0800,2026-08-12T13:21:33+08:00,2026-08-12,netease_cloud_music,CN,rising,飙升榜,19723756,100,36,65.0,3402287199,习惯性麻木,51380454,oneK,385524657,习惯性麻木,2026-07-10,,,,https://music.163.com/song?id=3402287199,http://p1.music.126.net/2ojehXMJ4o-cRBY3WFc6xg==/109951173515380702.jpg,https://music.163.com/discover/toplist?id=19723756,https://music.163.com/api/playlist/detail?id=19723756&n=100
20260812T132133+0800,2026-08-12T13:21:33+08:00,2026-08-12,netease_cloud_music,CN,rising,飙升榜,19723756,100,37,64.0,3410283948,Ain't That Fresh,53508466,MerrinZephyr,388588989,Ain't That Fresh,,,61,24,https://music.163.com/song?id=3410283948,http://p1.music.126.net/y7zpHF2nhlpCQRzyjl-YLw==/109951173622946889.jpg,https://music.163.com/discover/toplist?id=19723756,https://music.163.com/api/playlist/detail?id=19723756&n=100
20260812T132133+0800,2026-08-12T13:21:33+08:00,2026-08-12,netease_cloud_music,CN,rising,飙升榜,19723756,100,38,63.0,2097443876,碎碎念,1143033,队长,177709425,碎碎念,2023-11-15,,13,-25,https://music.163.com/song?id=2097443876,http://p1.music.126.net/RYIrCEYzgeAD85DJ0rgOQA==/109951169256300966.jpg,https://music.163.com/discover/toplist?id=19723756,https://music.163.com/api/playlist/detail?id=19723756&n=100
20260812T132133+0800,2026-08-12T13:21:33+08:00,2026-08-12,netease_cloud_music,CN,rising,飙升榜,19723756,100,39,62.0,2695903727,未完结的爱,12969327,Zkaaai,269311204,未完结的爱,,,,,https://music.163.com/song?id=2695903727,http://p1.music.126.net/cDZnXGWvnGMZ00ub-USj0Q==/109951170731363312.jpg,https://music.163.com/discover/toplist?id=19723756,https://music.163.com/api/playlist/detail?id=19723756&n=100
20260812T132133+0800,2026-08-12T13:21:33+08:00,2026-08-12,netease_cloud_music,CN,rising,飙升榜,19723756,100,40,61.0,1965623491,天上掉下个林妹妹,12308369 | 48542012,黄诗扶 | 绝对演绎,148405464,天上掉下个林妹妹,,,92,52,https://music.163.com/song?id=1965623491,http://p1.music.126.net/GMnnWbGsvpjJyWYoxKZ0Xw==/109951167697021883.jpg,https://music.163.com/discover/toplist?id=19723756,https://music.163.com/api/playlist/detail?id=19723756&n=100
20260812T132133+0800,2026-08-12T13:21:33+08:00,2026-08-12,netease_cloud_music,CN,rising,飙升榜,19723756,100,41,60.0,3414309357,アクマバライ (feat. 雨衣 & 初音ミク),125844556 | 97136660 | 159692,うちのボカロは様子がおかしい | 雨衣 | 初音ミク,390044400,アクマバライ (feat. 雨衣 & 初音ミク),2026-08-10,,81,40,https://music.163.com/song?id=3414309357,http://p1.music.126.net/WNQJpgrrsKHkx3GB3Rx9Ow==/109951173669845833.jpg,https://music.163.com/discover/toplist?id=19723756,https://music.163.com/api/playlist/detail?id=19723756&n=100
20260812T132133+0800,2026-08-12T13:21:33+08:00,2026-08-12,netease_cloud_music,CN,rising,飙升榜,19723756,100,42,59.0,1852957189,Not My Fault,47297806,YALUNO,128946473,Not My Fault,,,,,https://music.163.com/song?id=1852957189,http://p1.music.126.net/HpTZUW8d-_dZumwwdcSzZA==/109951166083761122.jpg,https://music.163.com/discover/toplist?id=19723756,https://music.163.com/api/playlist/detail?id=19723756&n=100
20260812T132133+0800,2026-08-12T13:21:33+08:00,2026-08-12,netease_cloud_music,CN,rising,飙升榜,19723756,100,43,58.0,191070,习惯了,6472,张杰,19298,这，就是爱,2010-11-22,,,,https://music.163.com/song?id=191070,http://p1.music.126.net/-IjIggUaU6QOg04LtWhjDA==/109951163940905361.jpg,https://music.163.com/discover/toplist?id=19723756,https://music.163.com/api/playlist/detail?id=19723756&n=100
20260812T132133+0800,2026-08-12T13:21:33+08:00,2026-08-12,netease_cloud_music,CN,rising,飙升榜,19723756,100,44,57.0,3400883425,SLICK,36143421,Victony,384938213,SLICK,2026-07-08,,,,https://music.163.com/song?id=3400883425,http://p1.music.126.net/QtJ1e1LyXLda0LZZXNm-lA==/109951173496251314.jpg,https://music.163.com/discover/toplist?id=19723756,https://music.163.com/api/playlist/detail?id=19723756&n=100
20260812T132133+0800,2026-08-12T13:21:33+08:00,2026-08-12,netease_cloud_music,CN,rising,飙升榜,19723756,100,45,56.0,2086030509,Mimosa 2000,14556602 | 245449,Furaçao 2000 | Nyasia,175734250,27 Anos Nacional,2000-03-09,,66,21,https://music.163.com/song?id=2086030509,http://p2.music.126.net/rH1_nefBSMXgPKBdpyYvMw==/109951168946231308.jpg,https://music.163.com/discover/toplist?id=19723756,https://music.163.com/api/playlist/detail?id=19723756&n=100
20260812T132133+0800,2026-08-12T13:21:33+08:00,2026-08-12,netease_cloud_music,CN,rising,飙升榜,19723756,100,46,55.0,1841222307,嗜好（LIVE）,12785088 | 31376161,网易音乐人 | 颜人中,126689020,硬地围炉夜·2019-2020 网易云音乐原创盛典 LIVE合辑,,,,,https://music.163.com/song?id=1841222307,http://p2.music.126.net/udQY2KreDhB8a6gi6ZjTMQ==/109951165931429158.jpg,https://music.163.com/discover/toplist?id=19723756,https://music.163.com/api/playlist/detail?id=19723756&n=100
20260812T132133+0800,2026-08-12T13:21:33+08:00,2026-08-12,netease_cloud_music,CN,rising,飙升榜,19723756,100,47,54.0,1422994414,恢弘的大梦,1026039,鲸鱼马戏团,85684839,情爱江南之杜月笙与孟小冬,,,26,-21,https://music.163.com/song?id=1422994414,http://p2.music.126.net/jtqH3sYJmAa4k5SUb9jFxA==/109951164703124920.jpg,https://music.163.com/discover/toplist?id=19723756,https://music.163.com/api/playlist/detail?id=19723756&n=100
20260812T132133+0800,2026-08-12T13:21:33+08:00,2026-08-12,netease_cloud_music,CN,rising,飙升榜,19723756,100,48,53.0,3408625211,Not The Time（Give up）,60864281,胧,387859775,Not The Time,,,,,https://music.163.com/song?id=3408625211,http://p2.music.126.net/nzBQd_oKO4Dwo-AV8DXpbw==/109951173592868347.jpg,https://music.163.com/discover/toplist?id=19723756,https://music.163.com/api/playlist/detail?id=19723756&n=100
20260812T132133+0800,2026-08-12T13:21:33+08:00,2026-08-12,netease_cloud_music,CN,rising,飙升榜,19723756,100,49,52.0,2123180802,落笔,14588567,张曦匀,184903735,落笔,2024-02-06,,,,https://music.163.com/song?id=2123180802,http://p2.music.126.net/g8OjXvDA6aW7qJcw9myj7A==/109951169305619606.jpg,https://music.163.com/discover/toplist?id=19723756,https://music.163.com/api/playlist/detail?id=19723756&n=100
20260812T132133+0800,2026-08-12T13:21:33+08:00,2026-08-12,netease_cloud_music,CN,rising,飙升榜,19723756,100,50,51.0,3419378932,傻鱼,5370,王栎鑫,391792614,傻鱼,2026-08-10,,,,https://music.163.com/song?id=3419378932,http://p2.music.126.net/E8ZgzHT_2qQt63q2eV-9Aw==/109951173727416122.jpg,https://music.163.com/discover/toplist?id=19723756,https://music.163.com/api/playlist/detail?id=19723756&n=100
20260812T132133+0800,2026-08-12T13:21:33+08:00,2026-08-12,netease_cloud_music,CN,rising,飙升榜,19723756,100,51,50.0,3417794184,我们的纪念 (Live版),10199 | 12073309,杨丞琳 | 侯明昊,391306962,天赐的声音第七季 第9期,,,58,7,https://music.163.com/song?id=3417794184,http://p2.music.126.net/CXT__Ad1LlGmPTVNEWnjsA==/109951173710562303.jpg,https://music.163.com/discover/toplist?id=19723756,https://music.163.com/api/playlist/detail?id=19723756&n=100
20260812T132133+0800,2026-08-12T13:21:33+08:00,2026-08-12,netease_cloud_music,CN,rising,飙升榜,19723756,100,52,49.0,1899851212,Notion,725252,The Rare Occasions,136906705,Notion,2021-12-02,,,,https://music.163.com/song?id=1899851212,http://p2.music.126.net/UCdk2DX-1Q9dSroEg6z9_g==/109951166679341298.jpg,https://music.163.com/discover/toplist?id=19723756,https://music.163.com/api/playlist/detail?id=19723756&n=100
20260812T132133+0800,2026-08-12T13:21:33+08:00,2026-08-12,netease_cloud_music,CN,rising,飙升榜,19723756,100,53,48.0,25642707,神啊 救救我,2112,陈小春,2263135,绝对收藏,2008-12-09,,,,https://music.163.com/song?id=25642707,http://p2.music.126.net/0wKSjHaHoSArmeNRVTcjKw==/755364488324199.jpg,https://music.163.com/discover/toplist?id=19723756,https://music.163.com/api/playlist/detail?id=19723756&n=100
20260812T132133+0800,2026-08-12T13:21:33+08:00,2026-08-12,netease_cloud_music,CN,rising,飙升榜,19723756,100,54,47.0,3406701762,Never Endless,59686611,HKYE,387020080,Never Endless,,,,,https://music.163.com/song?id=3406701762,http://p2.music.126.net/olglexZbdQA__jFLqxyseQ==/109951173560862451.jpg,https://music.163.com/discover/toplist?id=19723756,https://music.163.com/api/playlist/detail?id=19723756&n=100
20260812T132133+0800,2026-08-12T13:21:33+08:00,2026-08-12,netease_cloud_music,CN,rising,飙升榜,19723756,100,55,46.0,32358362,女孩,5379,韦礼安,34817761,硬戳,2015-05-28,,49,-6,https://music.163.com/song?id=32358362,http://p2.music.126.net/s0AgmipqlXTW-r6YmiwNQg==/109951168079643579.jpg,https://music.163.com/discover/toplist?id=19723756,https://music.163.com/api/playlist/detail?id=19723756&n=100
20260812T132133+0800,2026-08-12T13:21:33+08:00,2026-08-12,netease_cloud_music,CN,rising,飙升榜,19723756,100,56,45.0,1840955452,Soundtrack for Your Backseat,47771683,sundiver ca,126681825,Superstar Baby,2019-02-28,,,,https://music.163.com/song?id=1840955452,http://p2.music.126.net/o27aZJWA5zbLzVDMICGBPg==/109951165931040879.jpg,https://music.163.com/discover/toplist?id=19723756,https://music.163.com/api/playlist/detail?id=19723756&n=100
20260812T132133+0800,2026-08-12T13:21:33+08:00,2026-08-12,netease_cloud_music,CN,rising,飙升榜,19723756,100,57,44.0,3321897050,meaningful love (instrumental),48256353 | 98587812,Silo | Steven Cranberry,351953190,meaningful love (instrumental),2025-11-23,,,,https://music.163.com/song?id=3321897050,http://p2.music.126.net/kjj7lAPfVUjuFbSctfxckw==/109951172798309669.jpg,https://music.163.com/discover/toplist?id=19723756,https://music.163.com/api/playlist/detail?id=19723756&n=100
20260812T132133+0800,2026-08-12T13:21:33+08:00,2026-08-12,netease_cloud_music,CN,rising,飙升榜,19723756,100,58,43.0,471385043,暧昧,5781,薛之谦,36855053,渡,2017-04-11,,69,11,https://music.163.com/song?id=471385043,http://p2.music.126.net/fNbj5uDwltSDLbETdnEYYQ==/109951163069265719.jpg,https://music.163.com/discover/toplist?id=19723756,https://music.163.com/api/playlist/detail?id=19723756&n=100
20260812T132133+0800,2026-08-12T13:21:33+08:00,2026-08-12,netease_cloud_music,CN,rising,飙升榜,19723756,100,59,42.0,3416373898,RAP4,12094558 | 865007,Buzzy | 法老,390736008,RAP4,,,,,https://music.163.com/song?id=3416373898,http://p2.music.126.net/Jy7TvlkSqb3nomdc0gW0zQ==/109951173706047145.jpg,https://music.163.com/discover/toplist?id=19723756,https://music.163.com/api/playlist/detail?id=19723756&n=100
20260812T132133+0800,2026-08-12T13:21:33+08:00,2026-08-12,netease_cloud_music,CN,rising,飙升榜,19723756,100,60,41.0,3406604171,如果你也刚好抬头看树,29648284,孙天宇,387031947,如果你也刚好抬头看树,2026-07-20,,,,https://music.163.com/song?id=3406604171,http://p2.music.126.net/HW1EhOPR0MF56LOW7cAPjA==/109951173559311201.jpg,https://music.163.com/discover/toplist?id=19723756,https://music.163.com/api/playlist/detail?id=19723756&n=100
20260812T132133+0800,2026-08-12T13:21:33+08:00,2026-08-12,netease_cloud_music,CN,rising,飙升榜,19723756,100,61,40.0,3410198541,水为媒,30433236,礼越,388557567,水为媒,2026-07-24,,,,https://music.163.com/song?id=3410198541,http://p2.music.126.net/fFYdwrRt6wt87dwvv-qOYw==/109951173621996343.jpg,https://music.163.com/discover/toplist?id=19723756,https://music.163.com/api/playlist/detail?id=19723756&n=100
20260812T132133+0800,2026-08-12T13:21:33+08:00,2026-08-12,netease_cloud_music,CN,rising,飙升榜,19723756,100,62,39.0,3410153999,好景不长,97638899,M3mo,388542051,好景不长,2026-07-23,,91,29,https://music.163.com/song?id=3410153999,http://p2.music.126.net/QZy85QuOfWVpQUBK269Rgg==/109951173621512423.jpg,https://music.163.com/discover/toplist?id=19723756,https://music.163.com/api/playlist/detail?id=19723756&n=100
20260812T132133+0800,2026-08-12T13:21:33+08:00,2026-08-12,netease_cloud_music,CN,rising,飙升榜,19723756,100,63,38.0,2157969686,九张机,12186038,叶炫清,196670451,九张机,2024-06-24,,,,https://music.163.com/song?id=2157969686,http://p2.music.126.net/PLhn-O1sRgDrLK07m7bf2g==/109951169710790311.jpg,https://music.163.com/discover/toplist?id=19723756,https://music.163.com/api/playlist/detail?id=19723756&n=100
20260812T132133+0800,2026-08-12T13:21:33+08:00,2026-08-12,netease_cloud_music,CN,rising,飙升榜,19723756,100,64,37.0,287274,我的爱,9272,孙燕姿,28532,Stefanie,2004-10-26,,34,-30,https://music.163.com/song?id=287274,http://p2.music.126.net/EZu5tfacW02KP_UeUjVBYQ==/109951166890613011.jpg,https://music.163.com/discover/toplist?id=19723756,https://music.163.com/api/playlist/detail?id=19723756&n=100
20260812T132133+0800,2026-08-12T13:21:33+08:00,2026-08-12,netease_cloud_music,CN,rising,飙升榜,19723756,100,65,36.0,16434100,If I Ain't Got You,46489,Alicia Keys,1515264,If I Ain't Got You,2004-02-17,,,,https://music.163.com/song?id=16434100,http://p2.music.126.net/Mac0wDTvq5_EJI7vDibOWQ==/759762534800468.jpg,https://music.163.com/discover/toplist?id=19723756,https://music.163.com/api/playlist/detail?id=19723756&n=100
20260812T132133+0800,2026-08-12T13:21:33+08:00,2026-08-12,netease_cloud_music,CN,rising,飙升榜,19723756,100,66,35.0,1971623167,Love Quotes,34338350,Jenevieve,149603383,Love Quotes,2022-08-12,,,,https://music.163.com/song?id=1971623167,http://p2.music.126.net/jzlrWXSrTf5m8cMpdBp5UA==/109951167788156703.jpg,https://music.163.com/discover/toplist?id=19723756,https://music.163.com/api/playlist/detail?id=19723756&n=100
20260812T132133+0800,2026-08-12T13:21:33+08:00,2026-08-12,netease_cloud_music,CN,rising,飙升榜,19723756,100,67,34.0,26305542,街道,3684,林俊杰,2448339,他是…JJ林俊杰,2012-12-21,,11,-56,https://music.163.com/song?id=26305542,http://p2.music.126.net/Pz4sEpA7nsiyIdIrswTx9A==/109951167894836691.jpg,https://music.163.com/discover/toplist?id=19723756,https://music.163.com/api/playlist/detail?id=19723756&n=100
20260812T132133+0800,2026-08-12T13:21:33+08:00,2026-08-12,netease_cloud_music,CN,rising,飙升榜,19723756,100,68,33.0,2714755642,可惜了,12937171 | 12050019,庄东茹（豆芽鱼） | LvJam,274951115,可惜了,2025-06-13,,,,https://music.163.com/song?id=2714755642,http://p2.music.126.net/FcoywN7psd6RuGoR_Fsy9Q==/109951171295825868.jpg,https://music.163.com/discover/toplist?id=19723756,https://music.163.com/api/playlist/detail?id=19723756&n=100
20260812T132133+0800,2026-08-12T13:21:33+08:00,2026-08-12,netease_cloud_music,CN,rising,飙升榜,19723756,100,69,32.0,3417798345,再见 (live),12001060,万妮达Vinida Weng,391308088,歌手2026 第12期,,,42,-27,https://music.163.com/song?id=3417798345,http://p2.music.126.net/pDZPHgzMSeTA9Maw0ifn4w==/109951173710607097.jpg,https://music.163.com/discover/toplist?id=19723756,https://music.163.com/api/playlist/detail?id=19723756&n=100
20260812T132133+0800,2026-08-12T13:21:33+08:00,2026-08-12,netease_cloud_music,CN,rising,飙升榜,19723756,100,70,31.0,3417782581,Still,1087168 | 178059,KAROL G | Bruno Mars,391304970,NO ME ARREPIENTO DE SENTIR TANTO,2026-08-07,,,,https://music.163.com/song?id=3417782581,http://p2.music.126.net/M6XUJHIuBbTVoAR_7k6EnQ==/109951173710489068.jpg,https://music.163.com/discover/toplist?id=19723756,https://music.163.com/api/playlist/detail?id=19723756&n=100
20260812T132133+0800,2026-08-12T13:21:33+08:00,2026-08-12,netease_cloud_music,CN,rising,飙升榜,19723756,100,71,30.0,4224657,Apologize,98105,OneRepublic,427146,Dreaming Out Loud (Tour Edition),2007-11-20,,,,https://music.163.com/song?id=4224657,http://p2.music.126.net/RnAXhfMkmqIvTw1kMd_dzQ==/1749322999805209.jpg,https://music.163.com/discover/toplist?id=19723756,https://music.163.com/api/playlist/detail?id=19723756&n=100
20260812T132133+0800,2026-08-12T13:21:33+08:00,2026-08-12,netease_cloud_music,CN,rising,飙升榜,19723756,100,72,29.0,1824025235,Slowly Fall in Love(Instrumental),188141,满舒克,123720309,慢热,2021-03-06,,,,https://music.163.com/song?id=1824025235,http://p2.music.126.net/-HdZrLn0NpxshDBIhrxp-Q==/109951165959141349.jpg,https://music.163.com/discover/toplist?id=19723756,https://music.163.com/api/playlist/detail?id=19723756&n=100
20260812T132133+0800,2026-08-12T13:21:33+08:00,2026-08-12,netease_cloud_music,CN,rising,飙升榜,19723756,100,73,28.0,2755500197,Loser,102939,Tame Impala,288440155,Deadbeat,2025-10-17,,,,https://music.163.com/song?id=2755500197,http://p2.music.126.net/bpLhQPiYSZL0z3od-Ufk9w==/109951172150980393.jpg,https://music.163.com/discover/toplist?id=19723756,https://music.163.com/api/playlist/detail?id=19723756&n=100
20260812T132133+0800,2026-08-12T13:21:33+08:00,2026-08-12,netease_cloud_music,CN,rising,飙升榜,19723756,100,74,27.0,110215,风吹麦浪,3695,李健,10908,想念你,2007-04-01,,,,https://music.163.com/song?id=110215,http://p2.music.126.net/AFbJ1KzfXApdFO9owHCEfA==/109951163432573502.jpg,https://music.163.com/discover/toplist?id=19723756,https://music.163.com/api/playlist/detail?id=19723756&n=100
20260812T132133+0800,2026-08-12T13:21:33+08:00,2026-08-12,netease_cloud_music,CN,rising,飙升榜,19723756,100,75,26.0,254143,失忆,8325,梁静茹,25388,亲亲,2006-10-06,,,,https://music.163.com/song?id=254143,http://p2.music.126.net/OpFMH1NN5u3DaOUdruORlw==/109951168144462962.jpg,https://music.163.com/discover/toplist?id=19723756,https://music.163.com/api/playlist/detail?id=19723756&n=100
20260812T132133+0800,2026-08-12T13:21:33+08:00,2026-08-12,netease_cloud_music,CN,rising,飙升榜,19723756,100,76,25.0,3408940397,Just a Mind,94439994,Agera,387965141,Just a Mind,,,,,https://music.163.com/song?id=3408940397,http://p2.music.126.net/_0iL_hUjLUuor5KzbAcbCQ==/109951173598307428.jpg,https://music.163.com/discover/toplist?id=19723756,https://music.163.com/api/playlist/detail?id=19723756&n=100
20260812T132133+0800,2026-08-12T13:21:33+08:00,2026-08-12,netease_cloud_music,CN,rising,飙升榜,19723756,100,77,24.0,3164518,I Want You Back (Radio Edit),69322,*NSYNC,320250,*NSYNC,1997-05-26,,,,https://music.163.com/song?id=3164518,http://p2.music.126.net/dKQs_B_cMCJjDh-rAN5_0w==/109951163208474401.jpg,https://music.163.com/discover/toplist?id=19723756,https://music.163.com/api/playlist/detail?id=19723756&n=100
20260812T132133+0800,2026-08-12T13:21:33+08:00,2026-08-12,netease_cloud_music,CN,rising,飙升榜,19723756,100,78,23.0,3395321378,Female,98925269 | 58581295,Master666 | Jasr,382369027,Female,,,,,https://music.163.com/song?id=3395321378,http://p2.music.126.net/PudvDR0CS2V7A66R2CH8iw==/109951173417033191.jpg,https://music.163.com/discover/toplist?id=19723756,https://music.163.com/api/playlist/detail?id=19723756&n=100
20260812T132133+0800,2026-08-12T13:21:33+08:00,2026-08-12,netease_cloud_music,CN,rising,飙升榜,19723756,100,79,22.0,3391395350,One Sided,30211820,Myles Lloyd,380665737,One Sided,2026-07-10,,,,https://music.163.com/song?id=3391395350,http://p2.music.126.net/kkGWyUfl3QNdX6tWi3IIyQ==/109951173353341266.jpg,https://music.163.com/discover/toplist?id=19723756,https://music.163.com/api/playlist/detail?id=19723756&n=100
20260812T132133+0800,2026-08-12T13:21:33+08:00,2026-08-12,netease_cloud_music,CN,rising,飙升榜,19723756,100,80,21.0,1974976095,绫波丽,12870490,Toryondacloud,150242561,Toryondacloud Vol.2:Top Asian,2022-08-28,,55,-25,https://music.163.com/song?id=1974976095,http://p2.music.126.net/-WOWHWVsxCVGE7jk29Wj4A==/109951170629591706.jpg,https://music.163.com/discover/toplist?id=19723756,https://music.163.com/api/playlist/detail?id=19723756&n=100
20260812T132133+0800,2026-08-12T13:21:33+08:00,2026-08-12,netease_cloud_music,CN,rising,飙升榜,19723756,100,81,20.0,3410699492,Not The Time,62133881,Suki32,388723478,Not The Time,,,,,https://music.163.com/song?id=3410699492,http://p2.music.126.net/XWT_VlJ-6WG_dCsYlPiYBA==/109951173628278178.jpg,https://music.163.com/discover/toplist?id=19723756,https://music.163.com/api/playlist/detail?id=19723756&n=100
20260812T132133+0800,2026-08-12T13:21:33+08:00,2026-08-12,netease_cloud_music,CN,rising,飙升榜,19723756,100,82,19.0,516358565,Best Friend,12213093,Rex Orange County,36526009,Best Friend,2017-01-25,,,,https://music.163.com/song?id=516358565,http://p2.music.126.net/bDmDU8-XWYSfEcFVuQ6-uA==/109951163094674266.jpg,https://music.163.com/discover/toplist?id=19723756,https://music.163.com/api/playlist/detail?id=19723756&n=100
20260812T132133+0800,2026-08-12T13:21:33+08:00,2026-08-12,netease_cloud_music,CN,rising,飙升榜,19723756,100,83,18.0,3417855761,Candy Pink Magic Hole Flip Phone (나 어떡해),97197815,KiiiKiii,391328479,WhyKiiiKiii,,,32,-51,https://music.163.com/song?id=3417855761,http://p2.music.126.net/WkoRkzt-5-E6g4W1gqN7ZQ==/109951173711211073.jpg,https://music.163.com/discover/toplist?id=19723756,https://music.163.com/api/playlist/detail?id=19723756&n=100
20260812T132133+0800,2026-08-12T13:21:33+08:00,2026-08-12,netease_cloud_music,CN,rising,飙升榜,19723756,100,84,17.0,1317285056,真夜中のドア〜stay with me (シングルver.),160053,松原みき,73881727,Light Mellow 松原みき,1979-11-01,,,,https://music.163.com/song?id=1317285056,http://p2.music.126.net/rddYSzo2ZLxZ3HMerP_-0A==/109951172387752494.jpg,https://music.163.com/discover/toplist?id=19723756,https://music.163.com/api/playlist/detail?id=19723756&n=100
20260812T132133+0800,2026-08-12T13:21:33+08:00,2026-08-12,netease_cloud_music,CN,rising,飙升榜,19723756,100,85,16.0,491943377,See You Again,44708 | 1070056,"Tyler, The Creator | Kali Uchis",35745181,Flower Boy,2017-07-21,,99,14,https://music.163.com/song?id=491943377,http://p2.music.126.net/oNpudpqK5cC2_g5pu3aYIA==/109951165982246534.jpg,https://music.163.com/discover/toplist?id=19723756,https://music.163.com/api/playlist/detail?id=19723756&n=100
20260812T132133+0800,2026-08-12T13:21:33+08:00,2026-08-12,netease_cloud_music,CN,rising,飙升榜,19723756,100,86,15.0,3417228038,Sparkling Days,32540734 | 96677442 | 34512777,塞壬唱片-MSR | Castalia Audio | Bangler,391110550,奇象巡展OST,2026-08-10,,31,-55,https://music.163.com/song?id=3417228038,http://p2.music.126.net/s0YdreYoQL_PLpFL4UvZhA==/109951173704018052.jpg,https://music.163.com/discover/toplist?id=19723756,https://music.163.com/api/playlist/detail?id=19723756&n=100
20260812T132133+0800,2026-08-12T13:21:33+08:00,2026-08-12,netease_cloud_music,CN,rising,飙升榜,19723756,100,87,14.0,3391548306,芳华慢+霜雪千年,122378168,郭靖,380738860,芳华慢+霜雪千年,,,,,https://music.163.com/song?id=3391548306,http://p2.music.126.net/lXG5Bwn6cedIY_u4bDo_lg==/109951173354750936.jpg,https://music.163.com/discover/toplist?id=19723756,https://music.163.com/api/playlist/detail?id=19723756&n=100
20260812T132133+0800,2026-08-12T13:21:33+08:00,2026-08-12,netease_cloud_music,CN,rising,飙升榜,19723756,100,88,13.0,3415679955,爱一个人需要理由吗,30475641 | 51177677 | 30597750,藤竹京 | DY | 鯨,390435262,爱一个人需要理由吗,,,,,https://music.163.com/song?id=3415679955,http://p2.music.126.net/Iv8JMntAvWupSe4OH7glog==/109951173685196655.jpg,https://music.163.com/discover/toplist?id=19723756,https://music.163.com/api/playlist/detail?id=19723756&n=100
20260812T132133+0800,2026-08-12T13:21:33+08:00,2026-08-12,netease_cloud_music,CN,rising,飙升榜,19723756,100,89,12.0,3406901871,New Memories,125343967 | 58581295,Director | Jasr,387076800,New Memories,,,,,https://music.163.com/song?id=3406901871,http://p2.music.126.net/JqicPUAYntFtYr8Xr705yg==/109951173563514223.jpg,https://music.163.com/discover/toplist?id=19723756,https://music.163.com/api/playlist/detail?id=19723756&n=100
20260812T132133+0800,2026-08-12T13:21:33+08:00,2026-08-12,netease_cloud_music,CN,rising,飙升榜,19723756,100,90,11.0,167876,有何不可,5771,许嵩,16953,自定义,2009-01-10,,,,https://music.163.com/song?id=167876,http://p2.music.126.net/Zg4XDfsiRi5vawjSWPP8Ng==/109951172899966259.jpg,https://music.163.com/discover/toplist?id=19723756,https://music.163.com/api/playlist/detail?id=19723756&n=100
20260812T132133+0800,2026-08-12T13:21:33+08:00,2026-08-12,netease_cloud_music,CN,rising,飙升榜,19723756,100,91,10.0,2157157093,走い走い,49044443,Barry,131093453,看海,,,,,https://music.163.com/song?id=2157157093,http://p1.music.126.net/M9aq5VBTz2KA6xJsOdoZDw==/109951166230753421.jpg,https://music.163.com/discover/toplist?id=19723756,https://music.163.com/api/playlist/detail?id=19723756&n=100
20260812T132133+0800,2026-08-12T13:21:33+08:00,2026-08-12,netease_cloud_music,CN,rising,飙升榜,19723756,100,92,9.0,3417855760,SWEET SOUR,97197815,KiiiKiii,391328479,WhyKiiiKiii,,,30,-62,https://music.163.com/song?id=3417855760,http://p1.music.126.net/WkoRkzt-5-E6g4W1gqN7ZQ==/109951173711211073.jpg,https://music.163.com/discover/toplist?id=19723756,https://music.163.com/api/playlist/detail?id=19723756&n=100
20260812T132133+0800,2026-08-12T13:21:33+08:00,2026-08-12,netease_cloud_music,CN,rising,飙升榜,19723756,100,93,8.0,2755924964,挂机（厌倦了吵架厌倦了迷人的谎话）,58226205,Lefty,288605169,挂机（厌倦了吵架厌倦了迷人的谎话）,2025-10-17,,64,-29,https://music.163.com/song?id=2755924964,http://p1.music.126.net/Kf7bf40FoxrDissVeDPIXg==/109951172156257022.jpg,https://music.163.com/discover/toplist?id=19723756,https://music.163.com/api/playlist/detail?id=19723756&n=100
20260812T132133+0800,2026-08-12T13:21:33+08:00,2026-08-12,netease_cloud_music,CN,rising,飙升榜,19723756,100,94,7.0,3414474378,独库公路G217,125634525,生命树下,390098361,独库公路G217,2026-07-31,,,,https://music.163.com/song?id=3414474378,http://p1.music.126.net/zoPcm8UIW9rKTCUSbYk8qA==/109951173671525868.jpg,https://music.163.com/discover/toplist?id=19723756,https://music.163.com/api/playlist/detail?id=19723756&n=100
20260812T132133+0800,2026-08-12T13:21:33+08:00,2026-08-12,netease_cloud_music,CN,rising,飙升榜,19723756,100,95,6.0,2718538860,妒恨 Beat,34497677,罗恩Rune,276038251,妒恨,,,73,-22,https://music.163.com/song?id=2718538860,http://p1.music.126.net/SGw1G3tnTLGbHKKQQBXOPA==/109951171350060287.jpg,https://music.163.com/discover/toplist?id=19723756,https://music.163.com/api/playlist/detail?id=19723756&n=100
20260812T132133+0800,2026-08-12T13:21:33+08:00,2026-08-12,netease_cloud_music,CN,rising,飙升榜,19723756,100,96,5.0,3414473440,开始懂了 (Live),2112,陈小春,390097848,国乐无双 第10期,,,,,https://music.163.com/song?id=3414473440,http://p1.music.126.net/DE9__VdDCVQCdAdz_92hww==/109951173671527853.jpg,https://music.163.com/discover/toplist?id=19723756,https://music.163.com/api/playlist/detail?id=19723756&n=100
20260812T132133+0800,2026-08-12T13:21:33+08:00,2026-08-12,netease_cloud_music,CN,rising,飙升榜,19723756,100,97,4.0,3402034811,Swing Low,12079109,Jack Bluesonar,385401600,Swing Low,,,,,https://music.163.com/song?id=3402034811,http://p1.music.126.net/xC6zUeiWr8Mr0tEN9b64Ew==/109951173511250248.jpg,https://music.163.com/discover/toplist?id=19723756,https://music.163.com/api/playlist/detail?id=19723756&n=100
20260812T132133+0800,2026-08-12T13:21:33+08:00,2026-08-12,netease_cloud_music,CN,rising,飙升榜,19723756,100,98,3.0,5255640,黄昏,6652,周传雄,512088,我们的主打歌,2007-07-12,,,,https://music.163.com/song?id=5255640,http://p1.music.126.net/QoYAmdyE7FL_vc9rwNeS9w==/64871186055842.jpg,https://music.163.com/discover/toplist?id=19723756,https://music.163.com/api/playlist/detail?id=19723756&n=100
20260812T132133+0800,2026-08-12T13:21:33+08:00,2026-08-12,netease_cloud_music,CN,rising,飙升榜,19723756,100,99,2.0,3395677407,Could Stay Here,59686611,HKYE,382557106,Could Stay Here,,,,,https://music.163.com/song?id=3395677407,http://p1.music.126.net/OLuHy25t3f8ZYMFO5pX8mg==/109951173423621106.jpg,https://music.163.com/discover/toplist?id=19723756,https://music.163.com/api/playlist/detail?id=19723756&n=100
20260812T132133+0800,2026-08-12T13:21:33+08:00,2026-08-12,netease_cloud_music,CN,rising,飙升榜,19723756,100,100,1.0,1983168596,空城,6068,杨坤,2924077,完美星开幕 第一期,2014-08-06,,,,https://music.163.com/song?id=1983168596,http://p1.music.126.net/UzDTfR6IqHqkB851Y6gGpQ==/8929133929176629.jpg,https://music.163.com/discover/toplist?id=19723756,https://music.163.com/api/playlist/detail?id=19723756&n=100
20260812T132133+0800,2026-08-12T13:21:33+08:00,2026-08-12,netease_cloud_music,CN,new,新歌榜,3779629,100,1,100.0,3413127704,隐藏相册,49141872 | 51265187,Top Barry | INDEcompany,389646494,隐藏相册,2026-07-30,,1,0,https://music.163.com/song?id=3413127704,http://p1.music.126.net/y8ti3PoTDAh5ll6rW4DrxQ==/109951173657422971.jpg,https://music.163.com/discover/toplist?id=3779629,https://music.163.com/api/playlist/detail?id=3779629&n=100
20260812T132133+0800,2026-08-12T13:21:33+08:00,2026-08-12,netease_cloud_music,CN,new,新歌榜,3779629,100,2,99.0,3407803435,空心 (Live版),14077324 | 12048006,黄霄雲 | 刘端端,387549490,天赐的声音第七季 第6期,,,2,0,https://music.163.com/song?id=3407803435,http://p1.music.126.net/vVtUT4iA2CXUtxf9Lfd9_g==/109951173577479026.jpg,https://music.163.com/discover/toplist?id=3779629,https://music.163.com/api/playlist/detail?id=3779629&n=100
20260812T132133+0800,2026-08-12T13:21:33+08:00,2026-08-12,netease_cloud_music,CN,new,新歌榜,3779629,100,3,98.0,3410245671,神选,14117457,SASIOVERLXRD,388196110,赫鬼,2026-07-27,,3,0,https://music.163.com/song?id=3410245671,http://p1.music.126.net/MEx8J6j2mntRha2stE7xlA==/109951173603999384.jpg,https://music.163.com/discover/toplist?id=3779629,https://music.163.com/api/playlist/detail?id=3779629&n=100
20260812T132133+0800,2026-08-12T13:21:33+08:00,2026-08-12,netease_cloud_music,CN,new,新歌榜,3779629,100,4,97.0,3417947275,交个朋友 (Live),35784564,弹壳Danko,391356378,说唱巅峰对决2026 第七期,,,4,0,https://music.163.com/song?id=3417947275,http://p1.music.126.net/CafsjsiaYiHTlnka1Bna9g==/109951173712120187.jpg,https://music.163.com/discover/toplist?id=3779629,https://music.163.com/api/playlist/detail?id=3779629&n=100
20260812T132133+0800,2026-08-12T13:21:33+08:00,2026-08-12,netease_cloud_music,CN,new,新歌榜,3779629,100,5,96.0,3414488371,The Gentlemen(绅士们) (Live),35784564 | 12371041,弹壳Danko | Vinz-T,390102810,说唱巅峰对决2026 第六期,,,5,0,https://music.163.com/song?id=3414488371,http://p1.music.126.net/8vkWFMdRU12EZnhqUkVlMw==/109951173671668840.jpg,https://music.163.com/discover/toplist?id=3779629,https://music.163.com/api/playlist/detail?id=3779629&n=100
20260812T132133+0800,2026-08-12T13:21:33+08:00,2026-08-12,netease_cloud_music,CN,new,新歌榜,3779629,100,6,95.0,3406604171,如果你也刚好抬头看树,29648284,孙天宇,387031947,如果你也刚好抬头看树,2026-07-20,,8,2,https://music.163.com/song?id=3406604171,http://p1.music.126.net/HW1EhOPR0MF56LOW7cAPjA==/109951173559311201.jpg,https://music.163.com/discover/toplist?id=3779629,https://music.163.com/api/playlist/detail?id=3779629&n=100
20260812T132133+0800,2026-08-12T13:21:33+08:00,2026-08-12,netease_cloud_music,CN,new,新歌榜,3779629,100,7,94.0,3406299590,AGUDO MAGKLCO (GHETTO HOUSE),123481006,FinalSay,386881994,AGUDO MAGKLCO (GHETTO HOUSE),,,6,-1,https://music.163.com/song?id=3406299590,http://p1.music.126.net/nmUmGG4ioaGM8r1Ptr_csw==/109951173554809216.jpg,https://music.163.com/discover/toplist?id=3779629,https://music.163.com/api/playlist/detail?id=3779629&n=100
20260812T132133+0800,2026-08-12T13:21:33+08:00,2026-08-12,netease_cloud_music,CN,new,新歌榜,3779629,100,8,93.0,3407451664,媚人,5781,薛之谦,387407402,媚人,,,7,-1,https://music.163.com/song?id=3407451664,http://p1.music.126.net/5prRrPKgXP3sbfoPQVoUSg==/109951173570464058.jpg,https://music.163.com/discover/toplist?id=3779629,https://music.163.com/api/playlist/detail?id=3779629&n=100
20260812T132133+0800,2026-08-12T13:21:33+08:00,2026-08-12,netease_cloud_music,CN,new,新歌榜,3779629,100,9,92.0,3412524548,偶尔,49320722,加木,389428902,偶尔,,,11,2,https://music.163.com/song?id=3412524548,http://p1.music.126.net/IbOWKcdIWr1JryqXOmKQ0g==/109951173651466474.jpg,https://music.163.com/discover/toplist?id=3779629,https://music.163.com/api/playlist/detail?id=3779629&n=100
20260812T132133+0800,2026-08-12T13:21:33+08:00,2026-08-12,netease_cloud_music,CN,new,新歌榜,3779629,100,10,91.0,3407463190,夏日尽头的我们,94823802 | 121543554,KONI可妮 | 内向懒懒,387412728,夏日尽头的我们,2026-07-16,,12,2,https://music.163.com/song?id=3407463190,http://p1.music.126.net/YuAmnP9HVwuOSZqk3BMtBA==/109951173570615193.jpg,https://music.163.com/discover/toplist?id=3779629,https://music.163.com/api/playlist/detail?id=3779629&n=100
20260812T132133+0800,2026-08-12T13:21:33+08:00,2026-08-12,netease_cloud_music,CN,new,新歌榜,3779629,100,11,90.0,3403297821,倘若你爱一人,12232132,王唯旖,385909998,倘若你爱一人,2026-07-14,,16,5,https://music.163.com/song?id=3403297821,http://p1.music.126.net/2ATobj5oK1sQJNL2gM1mMA==/109951173525995079.jpg,https://music.163.com/discover/toplist?id=3779629,https://music.163.com/api/playlist/detail?id=3779629&n=100
20260812T132133+0800,2026-08-12T13:21:33+08:00,2026-08-12,netease_cloud_music,CN,new,新歌榜,3779629,100,12,89.0,3414488847,了了 (Live),35884195 | 49320722,翁杰Winjay | 加木,390102810,说唱巅峰对决2026 第六期,,,9,-3,https://music.163.com/song?id=3414488847,http://p1.music.126.net/8vkWFMdRU12EZnhqUkVlMw==/109951173671668840.jpg,https://music.163.com/discover/toplist?id=3779629,https://music.163.com/api/playlist/detail?id=3779629&n=100
20260812T132133+0800,2026-08-12T13:21:33+08:00,2026-08-12,netease_cloud_music,CN,new,新歌榜,3779629,100,13,88.0,3410254170,泣,14117457,SASIOVERLXRD,388196110,赫鬼,,,10,-3,https://music.163.com/song?id=3410254170,http://p1.music.126.net/MEx8J6j2mntRha2stE7xlA==/109951173603999384.jpg,https://music.163.com/discover/toplist?id=3779629,https://music.163.com/api/playlist/detail?id=3779629&n=100
20260812T132133+0800,2026-08-12T13:21:33+08:00,2026-08-12,netease_cloud_music,CN,new,新歌榜,3779629,100,14,87.0,3407933090,Talk like me(像我这样说) (Live),35784564,弹壳Danko,387602202,说唱巅峰对决2026 第四期,,,13,-1,https://music.163.com/song?id=3407933090,http://p1.music.126.net/gsC98aHFTOS0Jn2QMdp-dw==/109951173580334778.jpg,https://music.163.com/discover/toplist?id=3779629,https://music.163.com/api/playlist/detail?id=3779629&n=100
20260812T132133+0800,2026-08-12T13:21:33+08:00,2026-08-12,netease_cloud_music,CN,new,新歌榜,3779629,100,15,86.0,3414273119,"nowhere, nobody",48161,Ariana Grande,390031118,petal,2026-07-31,,21,6,https://music.163.com/song?id=3414273119,http://p1.music.126.net/eVZhj8MsxGhjbmTDVZVORQ==/109951173670280784.jpg,https://music.163.com/discover/toplist?id=3779629,https://music.163.com/api/playlist/detail?id=3779629&n=100
20260812T132133+0800,2026-08-12T13:21:33+08:00,2026-08-12,netease_cloud_music,CN,new,新歌榜,3779629,100,16,85.0,3417798101,花田错 (live),12001060 | 9712,万妮达Vinida Weng | 吴碧霞,391308088,歌手2026 第12期,,,14,-2,https://music.163.com/song?id=3417798101,http://p1.music.126.net/pDZPHgzMSeTA9Maw0ifn4w==/109951173710607097.jpg,https://music.163.com/discover/toplist?id=3779629,https://music.163.com/api/playlist/detail?id=3779629&n=100
20260812T132133+0800,2026-08-12T13:21:33+08:00,2026-08-12,netease_cloud_music,CN,new,新歌榜,3779629,100,17,84.0,3411982875,忘记了也没关系,57076584,DOUDOU,389249419,忘记了也没关系,,,17,0,https://music.163.com/song?id=3411982875,http://p1.music.126.net/i3n8vshqhOFa4W77W9hM0Q==/109951173645937470.jpg,https://music.163.com/discover/toplist?id=3779629,https://music.163.com/api/playlist/detail?id=3779629&n=100
20260812T132133+0800,2026-08-12T13:21:33+08:00,2026-08-12,netease_cloud_music,CN,new,新歌榜,3779629,100,18,83.0,3417798345,再见 (live),12001060,万妮达Vinida Weng,391308088,歌手2026 第12期,,,20,2,https://music.163.com/song?id=3417798345,http://p2.music.126.net/pDZPHgzMSeTA9Maw0ifn4w==/109951173710607097.jpg,https://music.163.com/discover/toplist?id=3779629,https://music.163.com/api/playlist/detail?id=3779629&n=100
20260812T132133+0800,2026-08-12T13:21:33+08:00,2026-08-12,netease_cloud_music,CN,new,新歌榜,3779629,100,19,82.0,3410220430,天生牙,14117457,SASIOVERLXRD,388196110,赫鬼,,,15,-4,https://music.163.com/song?id=3410220430,http://p2.music.126.net/MEx8J6j2mntRha2stE7xlA==/109951173603999384.jpg,https://music.163.com/discover/toplist?id=3779629,https://music.163.com/api/playlist/detail?id=3779629&n=100
20260812T132133+0800,2026-08-12T13:21:33+08:00,2026-08-12,netease_cloud_music,CN,new,新歌榜,3779629,100,20,81.0,3414335339,trust me (Live版),33709222 | 49141872,姚晓棠 | Top Barry,390051596,天赐的声音第七季 第8期,,,22,2,https://music.163.com/song?id=3414335339,http://p2.music.126.net/vWxt6LLiss7aFgjoyscfJw==/109951173670153106.jpg,https://music.163.com/discover/toplist?id=3779629,https://music.163.com/api/playlist/detail?id=3779629&n=100
20260812T132133+0800,2026-08-12T13:21:33+08:00,2026-08-12,netease_cloud_music,CN,new,新歌榜,3779629,100,21,80.0,3416333610,再见太难,8507,利得汇,390718483,再见太难,,,50,29,https://music.163.com/song?id=3416333610,http://p2.music.126.net/KPtNGvc1BM-3ShqTT9nd6A==/109951173693092478.jpg,https://music.163.com/discover/toplist?id=3779629,https://music.163.com/api/playlist/detail?id=3779629&n=100
20260812T132133+0800,2026-08-12T13:21:33+08:00,2026-08-12,netease_cloud_music,CN,new,新歌榜,3779629,100,22,79.0,3414335451,锈 (Live版),14077324 | 35066933,黄霄雲 | 张子墨z!mooo,390051596,天赐的声音第七季 第8期,,,28,6,https://music.163.com/song?id=3414335451,http://p2.music.126.net/vWxt6LLiss7aFgjoyscfJw==/109951173670153106.jpg,https://music.163.com/discover/toplist?id=3779629,https://music.163.com/api/playlist/detail?id=3779629&n=100
20260812T132133+0800,2026-08-12T13:21:33+08:00,2026-08-12,netease_cloud_music,CN,new,新歌榜,3779629,100,23,78.0,3410198541,水为媒,30433236,礼越,388557567,水为媒,2026-07-24,,25,2,https://music.163.com/song?id=3410198541,http://p2.music.126.net/fFYdwrRt6wt87dwvv-qOYw==/109951173621996343.jpg,https://music.163.com/discover/toplist?id=3779629,https://music.163.com/api/playlist/detail?id=3779629&n=100
20260812T132133+0800,2026-08-12T13:21:33+08:00,2026-08-12,netease_cloud_music,CN,new,新歌榜,3779629,100,24,77.0,3410153999,好景不长,97638899,M3mo,388542051,好景不长,2026-07-23,,29,5,https://music.163.com/song?id=3410153999,http://p2.music.126.net/QZy85QuOfWVpQUBK269Rgg==/109951173621512423.jpg,https://music.163.com/discover/toplist?id=3779629,https://music.163.com/api/playlist/detail?id=3779629&n=100
20260812T132133+0800,2026-08-12T13:21:33+08:00,2026-08-12,netease_cloud_music,CN,new,新歌榜,3779629,100,25,76.0,3410240174,蜈蚣,14117457,SASIOVERLXRD,388196110,赫鬼,,,19,-6,https://music.163.com/song?id=3410240174,http://p2.music.126.net/MEx8J6j2mntRha2stE7xlA==/109951173603999384.jpg,https://music.163.com/discover/toplist?id=3779629,https://music.163.com/api/playlist/detail?id=3779629&n=100
20260812T132133+0800,2026-08-12T13:21:33+08:00,2026-08-12,netease_cloud_music,CN,new,新歌榜,3779629,100,26,75.0,3410283948,Ain't That Fresh,53508466,MerrinZephyr,388588989,Ain't That Fresh,,,31,5,https://music.163.com/song?id=3410283948,http://p2.music.126.net/y7zpHF2nhlpCQRzyjl-YLw==/109951173622946889.jpg,https://music.163.com/discover/toplist?id=3779629,https://music.163.com/api/playlist/detail?id=3779629&n=100
20260812T132133+0800,2026-08-12T13:21:33+08:00,2026-08-12,netease_cloud_music,CN,new,新歌榜,3779629,100,27,74.0,3414273113,petal,48161,Ariana Grande,390031118,petal,2026-07-31,,18,-9,https://music.163.com/song?id=3414273113,http://p2.music.126.net/eVZhj8MsxGhjbmTDVZVORQ==/109951173670280784.jpg,https://music.163.com/discover/toplist?id=3779629,https://music.163.com/api/playlist/detail?id=3779629&n=100
20260812T132133+0800,2026-08-12T13:21:33+08:00,2026-08-12,netease_cloud_music,CN,new,新歌榜,3779629,100,28,73.0,3417857540,Pop Off Pop Off,97197815,KiiiKiii,391328479,WhyKiiiKiii,,,52,24,https://music.163.com/song?id=3417857540,http://p2.music.126.net/WkoRkzt-5-E6g4W1gqN7ZQ==/109951173711211073.jpg,https://music.163.com/discover/toplist?id=3779629,https://music.163.com/api/playlist/detail?id=3779629&n=100
20260812T132133+0800,2026-08-12T13:21:33+08:00,2026-08-12,netease_cloud_music,CN,new,新歌榜,3779629,100,29,72.0,3410661564,野心家 (Live版),10199 | 14077324,杨丞琳 | 黄霄雲,388738891,天赐的声音第七季 第7期,,,24,-5,https://music.163.com/song?id=3410661564,http://p2.music.126.net/AZcj5MyK_h5ZdkUh8nM7rQ==/109951173627817582.jpg,https://music.163.com/discover/toplist?id=3779629,https://music.163.com/api/playlist/detail?id=3779629&n=100
20260812T132133+0800,2026-08-12T13:21:33+08:00,2026-08-12,netease_cloud_music,CN,new,新歌榜,3779629,100,30,71.0,3407803347,别错过 (Live版),6066 | 33709222,杨宗纬 | 姚晓棠,387549490,天赐的声音第七季 第6期,,,23,-7,https://music.163.com/song?id=3407803347,http://p2.music.126.net/vVtUT4iA2CXUtxf9Lfd9_g==/109951173577479026.jpg,https://music.163.com/discover/toplist?id=3779629,https://music.163.com/api/playlist/detail?id=3779629&n=100
20260812T132133+0800,2026-08-12T13:21:33+08:00,2026-08-12,netease_cloud_music,CN,new,新歌榜,3779629,100,31,70.0,3408001505,你会在某个瞬间想起我吗,98842199,冰心,387627470,你会在某个瞬间想起我吗,2026-07-18,,42,11,https://music.163.com/song?id=3408001505,http://p2.music.126.net/MKdPh1Wh3LaW0i6IKKsJzw==/109951173582228181.jpg,https://music.163.com/discover/toplist?id=3779629,https://music.163.com/api/playlist/detail?id=3779629&n=100
20260812T132133+0800,2026-08-12T13:21:33+08:00,2026-08-12,netease_cloud_music,CN,new,新歌榜,3779629,100,32,69.0,3410744228,酸橙色信笺,32540734 | 29896257,塞壬唱片-MSR | DAZBEE,388766663,酸橙色信笺,2026-07-28,,27,-5,https://music.163.com/song?id=3410744228,http://p2.music.126.net/dBsNnlV6lSYCBuLUEwAGUQ==/109951173628666804.jpg,https://music.163.com/discover/toplist?id=3779629,https://music.163.com/api/playlist/detail?id=3779629&n=100
20260812T132133+0800,2026-08-12T13:21:33+08:00,2026-08-12,netease_cloud_music,CN,new,新歌榜,3779629,100,33,68.0,3406301834,长眠,8643,Suki刘舒妤,386883206,长眠,2026-07-15,,32,-1,https://music.163.com/song?id=3406301834,http://p2.music.126.net/qpbfLrERj1nJoHR6dIgjBA==/109951173596801423.jpg,https://music.163.com/discover/toplist?id=3779629,https://music.163.com/api/playlist/detail?id=3779629&n=100
20260812T132133+0800,2026-08-12T13:21:33+08:00,2026-08-12,netease_cloud_music,CN,new,新歌榜,3779629,100,34,67.0,3404106573,小小,13972037,Rosy赵露思,386104679,小小,2026-07-13,,30,-4,https://music.163.com/song?id=3404106573,http://p2.music.126.net/b4pRs-sGxjk0EFoyXYOZrw==/109951173537899246.jpg,https://music.163.com/discover/toplist?id=3779629,https://music.163.com/api/playlist/detail?id=3779629&n=100
20260812T132133+0800,2026-08-12T13:21:33+08:00,2026-08-12,netease_cloud_music,CN,new,新歌榜,3779629,100,35,66.0,3417794184,我们的纪念 (Live版),10199 | 12073309,杨丞琳 | 侯明昊,391306962,天赐的声音第七季 第9期,,,37,2,https://music.163.com/song?id=3417794184,http://p2.music.126.net/CXT__Ad1LlGmPTVNEWnjsA==/109951173710562303.jpg,https://music.163.com/discover/toplist?id=3779629,https://music.163.com/api/playlist/detail?id=3779629&n=100
20260812T132133+0800,2026-08-12T13:21:33+08:00,2026-08-12,netease_cloud_music,CN,new,新歌榜,3779629,100,36,65.0,3410139314,MAGICO(Slap House),56856041,GTR7,388512431,MAGICO,,,33,-3,https://music.163.com/song?id=3410139314,http://p2.music.126.net/Tq_-j36Mto8dZtKVuUlpoA==/109951173621398149.jpg,https://music.163.com/discover/toplist?id=3779629,https://music.163.com/api/playlist/detail?id=3779629&n=100
20260812T132133+0800,2026-08-12T13:21:33+08:00,2026-08-12,netease_cloud_music,CN,new,新歌榜,3779629,100,37,64.0,3406368630,oh yeah?,12248094,Steve Lacy,386915386,Oh yeah?,2026-07-17,,41,4,https://music.163.com/song?id=3406368630,http://p2.music.126.net/vAj-3ulynqYrN4TXunL5OQ==/109951173556543924.jpg,https://music.163.com/discover/toplist?id=3779629,https://music.163.com/api/playlist/detail?id=3779629&n=100
20260812T132133+0800,2026-08-12T13:21:33+08:00,2026-08-12,netease_cloud_music,CN,new,新歌榜,3779629,100,38,63.0,3414272565,kiss me,48161,Ariana Grande,390031118,petal,2026-07-31,,26,-12,https://music.163.com/song?id=3414272565,http://p2.music.126.net/eVZhj8MsxGhjbmTDVZVORQ==/109951173670280784.jpg,https://music.163.com/discover/toplist?id=3779629,https://music.163.com/api/playlist/detail?id=3779629&n=100
20260812T132133+0800,2026-08-12T13:21:33+08:00,2026-08-12,netease_cloud_music,CN,new,新歌榜,3779629,100,39,62.0,3410254626,雨瘾,14117457,SASIOVERLXRD,388196110,赫鬼,,,35,-4,https://music.163.com/song?id=3410254626,http://p2.music.126.net/MEx8J6j2mntRha2stE7xlA==/109951173603999384.jpg,https://music.163.com/discover/toplist?id=3779629,https://music.163.com/api/playlist/detail?id=3779629&n=100
20260812T132133+0800,2026-08-12T13:21:33+08:00,2026-08-12,netease_cloud_music,CN,new,新歌榜,3779629,100,40,61.0,3409349905,下一站 Beyond This Station,16823 | 12487174,小林未郁 | HOYO-MiX,388208633,崩坏星穹铁道-神说要有笑（中篇） Let There Be Laughter (Part 2),2026-07-23,,38,-2,https://music.163.com/song?id=3409349905,http://p2.music.126.net/CwBbGB4De9i9KTs07uw0hg==/109951173602206401.jpg,https://music.163.com/discover/toplist?id=3779629,https://music.163.com/api/playlist/detail?id=3779629&n=100
20260812T132133+0800,2026-08-12T13:21:33+08:00,2026-08-12,netease_cloud_music,CN,new,新歌榜,3779629,100,41,60.0,3417947325,小rapper (Live),12563131,Rapeter,391356378,说唱巅峰对决2026 第七期,,,44,3,https://music.163.com/song?id=3417947325,http://p2.music.126.net/CafsjsiaYiHTlnka1Bna9g==/109951173712120187.jpg,https://music.163.com/discover/toplist?id=3779629,https://music.163.com/api/playlist/detail?id=3779629&n=100
20260812T132133+0800,2026-08-12T13:21:33+08:00,2026-08-12,netease_cloud_music,CN,new,新歌榜,3779629,100,42,59.0,3417794898,答案 (Live版),5518 | 14077324,王铮亮 | 黄霄雲,391306962,天赐的声音第七季 第9期,,,43,1,https://music.163.com/song?id=3417794898,http://p2.music.126.net/CXT__Ad1LlGmPTVNEWnjsA==/109951173710562303.jpg,https://music.163.com/discover/toplist?id=3779629,https://music.163.com/api/playlist/detail?id=3779629&n=100
20260812T132133+0800,2026-08-12T13:21:33+08:00,2026-08-12,netease_cloud_music,CN,new,新歌榜,3779629,100,43,58.0,3382228539,伦敦雨季,12324449,TC,376470356,伦敦雨季,,,47,4,https://music.163.com/song?id=3382228539,http://p2.music.126.net/WlCDaYTONr-lgOfxZuv5pA==/109951173223607891.jpg,https://music.163.com/discover/toplist?id=3779629,https://music.163.com/api/playlist/detail?id=3779629&n=100
20260812T132133+0800,2026-08-12T13:21:33+08:00,2026-08-12,netease_cloud_music,CN,new,新歌榜,3779629,100,44,57.0,3410454149,Animal,94119217,KATSEYE,388649099,Animal,2026-07-24,,39,-5,https://music.163.com/song?id=3410454149,http://p2.music.126.net/6blVCbVOH3mKUAvixfSb4w==/109951173627910870.jpg,https://music.163.com/discover/toplist?id=3779629,https://music.163.com/api/playlist/detail?id=3779629&n=100
20260812T132133+0800,2026-08-12T13:21:33+08:00,2026-08-12,netease_cloud_music,CN,new,新歌榜,3779629,100,45,56.0,3416833129,十月的海,56649465,刘子铭zm,390924534,十月的海,,,,,https://music.163.com/song?id=3416833129,http://p2.music.126.net/o_UenYu4FX2ZSp9pXuNC0w==/109951173696304709.jpg,https://music.163.com/discover/toplist?id=3779629,https://music.163.com/api/playlist/detail?id=3779629&n=100
20260812T132133+0800,2026-08-12T13:21:33+08:00,2026-08-12,netease_cloud_music,CN,new,新歌榜,3779629,100,46,55.0,3407932555,问爱 (Live),12643557,Yamy郭颖,387602202,说唱巅峰对决2026 第四期,,,46,0,https://music.163.com/song?id=3407932555,http://p2.music.126.net/gsC98aHFTOS0Jn2QMdp-dw==/109951173580334778.jpg,https://music.163.com/discover/toplist?id=3779629,https://music.163.com/api/playlist/detail?id=3779629&n=100
20260812T132133+0800,2026-08-12T13:21:33+08:00,2026-08-12,netease_cloud_music,CN,new,新歌榜,3779629,100,47,54.0,3413072224,连烦恼也融入天空,32540734 | 12093253 | 33350632,塞壬唱片-MSR | F.L.O.A.T (白羽） | 张晶,389627625,直到大地变成一颗酸橙OST,2026-08-03,,40,-7,https://music.163.com/song?id=3413072224,http://p2.music.126.net/CynRt45ikTcMLhKRPC3WVA==/109951173656741133.jpg,https://music.163.com/discover/toplist?id=3779629,https://music.163.com/api/playlist/detail?id=3779629&n=100
20260812T132133+0800,2026-08-12T13:21:33+08:00,2026-08-12,netease_cloud_music,CN,new,新歌榜,3779629,100,48,53.0,3417782581,Still,1087168 | 178059,KAROL G | Bruno Mars,391304970,NO ME ARREPIENTO DE SENTIR TANTO,2026-08-07,,64,16,https://music.163.com/song?id=3417782581,http://p2.music.126.net/M6XUJHIuBbTVoAR_7k6EnQ==/109951173710489068.jpg,https://music.163.com/discover/toplist?id=3779629,https://music.163.com/api/playlist/detail?id=3779629&n=100
20260812T132133+0800,2026-08-12T13:21:33+08:00,2026-08-12,netease_cloud_music,CN,new,新歌榜,3779629,100,49,52.0,3410245484,Cousin,14117457,SASIOVERLXRD,388196110,赫鬼,,,45,-4,https://music.163.com/song?id=3410245484,http://p2.music.126.net/MEx8J6j2mntRha2stE7xlA==/109951173603999384.jpg,https://music.163.com/discover/toplist?id=3779629,https://music.163.com/api/playlist/detail?id=3779629&n=100
20260812T132133+0800,2026-08-12T13:21:33+08:00,2026-08-12,netease_cloud_music,CN,new,新歌榜,3779629,100,50,51.0,3416373898,RAP4,12094558 | 865007,Buzzy | 法老,390736008,RAP4,,,61,11,https://music.163.com/song?id=3416373898,http://p2.music.126.net/Jy7TvlkSqb3nomdc0gW0zQ==/109951173706047145.jpg,https://music.163.com/discover/toplist?id=3779629,https://music.163.com/api/playlist/detail?id=3779629&n=100
20260812T132133+0800,2026-08-12T13:21:33+08:00,2026-08-12,netease_cloud_music,CN,new,新歌榜,3779629,100,51,50.0,3412604617,street angel（piano version）,37125681 | 51265187,Young Cash Jason | INDEcompany,389463819,Ain’t Enough,2026-07-31,,55,4,https://music.163.com/song?id=3412604617,http://p2.music.126.net/hgkEcEydIA6SjM6fiTDM6g==/109951173652197760.jpg,https://music.163.com/discover/toplist?id=3779629,https://music.163.com/api/playlist/detail?id=3779629&n=100
20260812T132133+0800,2026-08-12T13:21:33+08:00,2026-08-12,netease_cloud_music,CN,new,新歌榜,3779629,100,52,49.0,3413072220,直到大地变成一颗酸橙,32540734 |  | 51126686 | 12009147,塞壬唱片-MSR | 平林佑人 | 星熊南巫 | Earthists.,389627625,直到大地变成一颗酸橙OST,2026-08-03,,49,-3,https://music.163.com/song?id=3413072220,http://p2.music.126.net/CynRt45ikTcMLhKRPC3WVA==/109951173656741133.jpg,https://music.163.com/discover/toplist?id=3779629,https://music.163.com/api/playlist/detail?id=3779629&n=100
20260812T132133+0800,2026-08-12T13:21:33+08:00,2026-08-12,netease_cloud_music,CN,new,新歌榜,3779629,100,53,48.0,3409587855,WET,124487,J.Y. Park,388319464,WET,,,53,0,https://music.163.com/song?id=3409587855,http://p2.music.126.net/Y2I4JzvSlLneN2EcKy0WtQ==/109951173610025850.jpg,https://music.163.com/discover/toplist?id=3779629,https://music.163.com/api/playlist/detail?id=3779629&n=100
20260812T132133+0800,2026-08-12T13:21:33+08:00,2026-08-12,netease_cloud_music,CN,new,新歌榜,3779629,100,54,47.0,3414273115,oh well,48161,Ariana Grande,390031118,petal,2026-07-31,,36,-18,https://music.163.com/song?id=3414273115,http://p2.music.126.net/eVZhj8MsxGhjbmTDVZVORQ==/109951173670280784.jpg,https://music.163.com/discover/toplist?id=3779629,https://music.163.com/api/playlist/detail?id=3779629&n=100
20260812T132133+0800,2026-08-12T13:21:33+08:00,2026-08-12,netease_cloud_music,CN,new,新歌榜,3779629,100,55,46.0,3416093943,代偿,99641900,巧莫,390563690,代偿,,,,,https://music.163.com/song?id=3416093943,http://p2.music.126.net/uC4ek_6_frLyXayYEF7y8g==/109951173690218295.jpg,https://music.163.com/discover/toplist?id=3779629,https://music.163.com/api/playlist/detail?id=3779629&n=100
20260812T132133+0800,2026-08-12T13:21:33+08:00,2026-08-12,netease_cloud_music,CN,new,新歌榜,3779629,100,56,45.0,3413660014,if you,94514109 | 98724675,Kyle衫子 | WHICHWAY_MUSIC,389826922,if you,2026-08-02,,,,https://music.163.com/song?id=3413660014,http://p2.music.126.net/RZg4gNkwbnQWNTEGa2fGSw==/109951173662654043.jpg,https://music.163.com/discover/toplist?id=3779629,https://music.163.com/api/playlist/detail?id=3779629&n=100
20260812T132133+0800,2026-08-12T13:21:33+08:00,2026-08-12,netease_cloud_music,CN,new,新歌榜,3779629,100,57,44.0,3407932370,嘿陈会计 (Live),12563131,Rapeter,387602202,说唱巅峰对决2026 第四期,,,57,0,https://music.163.com/song?id=3407932370,http://p2.music.126.net/gsC98aHFTOS0Jn2QMdp-dw==/109951173580334778.jpg,https://music.163.com/discover/toplist?id=3779629,https://music.163.com/api/playlist/detail?id=3779629&n=100
20260812T132133+0800,2026-08-12T13:21:33+08:00,2026-08-12,netease_cloud_music,CN,new,新歌榜,3779629,100,58,43.0,3407805044,我不难过 (Live版),12217134 | 1087140,刘雨昕XIN LIU | 欧阳娜娜,387549490,天赐的声音第七季 第6期,,,54,-4,https://music.163.com/song?id=3407805044,http://p2.music.126.net/vVtUT4iA2CXUtxf9Lfd9_g==/109951173577479026.jpg,https://music.163.com/discover/toplist?id=3779629,https://music.163.com/api/playlist/detail?id=3779629&n=100
20260812T132133+0800,2026-08-12T13:21:33+08:00,2026-08-12,netease_cloud_music,CN,new,新歌榜,3779629,100,59,42.0,3417798190,被驯服的象 (live),181007 | 1087140,窦靖童 | 欧阳娜娜,391308088,歌手2026 第12期,,,48,-11,https://music.163.com/song?id=3417798190,http://p2.music.126.net/pDZPHgzMSeTA9Maw0ifn4w==/109951173710607097.jpg,https://music.163.com/discover/toplist?id=3779629,https://music.163.com/api/playlist/detail?id=3779629&n=100
20260812T132133+0800,2026-08-12T13:21:33+08:00,2026-08-12,netease_cloud_music,CN,new,新歌榜,3779629,100,60,41.0,3414473442,野草 (Live),166014,金志文,390097848,国乐无双 第10期,,,,,https://music.163.com/song?id=3414473442,http://p2.music.126.net/DE9__VdDCVQCdAdz_92hww==/109951173671527853.jpg,https://music.163.com/discover/toplist?id=3779629,https://music.163.com/api/playlist/detail?id=3779629&n=100
20260812T132133+0800,2026-08-12T13:21:33+08:00,2026-08-12,netease_cloud_music,CN,new,新歌榜,3779629,100,61,40.0,3412485838,花落花,58884305,陈少熙,389425559,花落花,2026-07-29,,59,-2,https://music.163.com/song?id=3412485838,http://p2.music.126.net/qI_EScJv74EVlyulMW3jXg==/109951173651178197.jpg,https://music.163.com/discover/toplist?id=3779629,https://music.163.com/api/playlist/detail?id=3779629&n=100
20260812T132133+0800,2026-08-12T13:21:33+08:00,2026-08-12,netease_cloud_music,CN,new,新歌榜,3779629,100,62,39.0,3413209729,左转灯 (1000 Times+1),1178287,派伟俊,389673477,BAD IDEA,,,69,7,https://music.163.com/song?id=3413209729,http://p2.music.126.net/VUmvtXuUpsmHt5WIZef3uA==/109951173658185235.jpg,https://music.163.com/discover/toplist?id=3779629,https://music.163.com/api/playlist/detail?id=3779629&n=100
20260812T132133+0800,2026-08-12T13:21:33+08:00,2026-08-12,netease_cloud_music,CN,new,新歌榜,3779629,100,63,38.0,3411940192,你我他,32220939,en（王翊恩）,389228966,你我他,2026-07-31,,66,3,https://music.163.com/song?id=3411940192,http://p2.music.126.net/--7nouU5zLC3z-WDZeTOzA==/109951173645380839.jpg,https://music.163.com/discover/toplist?id=3779629,https://music.163.com/api/playlist/detail?id=3779629&n=100
20260812T132133+0800,2026-08-12T13:21:33+08:00,2026-08-12,netease_cloud_music,CN,new,新歌榜,3779629,100,64,37.0,3416246403,恶性循环,122228398,银河小鱼,390680277,恶性循环,2026-08-07,,60,-4,https://music.163.com/song?id=3416246403,http://p2.music.126.net/lG9CZb6gJ3kmKYlSGtf55Q==/109951173692152418.jpg,https://music.163.com/discover/toplist?id=3779629,https://music.163.com/api/playlist/detail?id=3779629&n=100
20260812T132133+0800,2026-08-12T13:21:33+08:00,2026-08-12,netease_cloud_music,CN,new,新歌榜,3779629,100,65,36.0,3411856334,瓦解 (Live),12631485,h3R3,389191519,回响-Live,2026-08-07,,62,-3,https://music.163.com/song?id=3411856334,http://p2.music.126.net/mhDqF41yZxpOYvjqu-OWUg==/109951173644003110.jpg,https://music.163.com/discover/toplist?id=3779629,https://music.163.com/api/playlist/detail?id=3779629&n=100
20260812T132133+0800,2026-08-12T13:21:33+08:00,2026-08-12,netease_cloud_music,CN,new,新歌榜,3779629,100,66,35.0,3408892422,SWEAT,57446856,KISS OF LIFE,387998683,SWEAT,2026-08-04,,70,4,https://music.163.com/song?id=3408892422,http://p2.music.126.net/9WDC2QKpskF0ks9oZ3_JOA==/109951173597682394.jpg,https://music.163.com/discover/toplist?id=3779629,https://music.163.com/api/playlist/detail?id=3779629&n=100
20260812T132133+0800,2026-08-12T13:21:33+08:00,2026-08-12,netease_cloud_music,CN,new,新歌榜,3779629,100,67,34.0,3406701762,Never Endless,59686611,HKYE,387020080,Never Endless,,,,,https://music.163.com/song?id=3406701762,http://p2.music.126.net/olglexZbdQA__jFLqxyseQ==/109951173560862451.jpg,https://music.163.com/discover/toplist?id=3779629,https://music.163.com/api/playlist/detail?id=3779629&n=100
20260812T132133+0800,2026-08-12T13:21:33+08:00,2026-08-12,netease_cloud_music,CN,new,新歌榜,3779629,100,68,33.0,3407323768,毕业照,12523451,BrAnTB白景屹,387360366,北上南下,2026-07-25,,63,-5,https://music.163.com/song?id=3407323768,http://p2.music.126.net/JuvANwrvk67_NmcP4NKc-w==/109951173568935801.jpg,https://music.163.com/discover/toplist?id=3779629,https://music.163.com/api/playlist/detail?id=3779629&n=100
20260812T132133+0800,2026-08-12T13:21:33+08:00,2026-08-12,netease_cloud_music,CN,new,新歌榜,3779629,100,69,32.0,3411575362,失重色,1124559,SEHUN,389079078,失重色,2026-07-29,,56,-13,https://music.163.com/song?id=3411575362,http://p2.music.126.net/gv4VICaJBpR9DUDG5kvT0g==/109951173639053399.jpg,https://music.163.com/discover/toplist?id=3779629,https://music.163.com/api/playlist/detail?id=3779629&n=100
20260812T132133+0800,2026-08-12T13:21:33+08:00,2026-08-12,netease_cloud_music,CN,new,新歌榜,3779629,100,70,31.0,3411196334,Dats Me (通通是我)  (Live),49141872,Top Barry,388942253,说唱巅峰对决2026 第五期,,,65,-5,https://music.163.com/song?id=3411196334,http://p2.music.126.net/KnyQp7HJbamMIrBo12yPOA==/109951173634722873.jpg,https://music.163.com/discover/toplist?id=3779629,https://music.163.com/api/playlist/detail?id=3779629&n=100
20260812T132133+0800,2026-08-12T13:21:33+08:00,2026-08-12,netease_cloud_music,CN,new,新歌榜,3779629,100,71,30.0,3407305324,人生就是一场朝花夕拾,94295709,供销社乐队,387352257,人生就是一场朝花夕拾,2026-07-18,,72,1,https://music.163.com/song?id=3407305324,http://p1.music.126.net/BqT177oRTTDDCT8sQLKvCw==/109951173568695161.jpg,https://music.163.com/discover/toplist?id=3779629,https://music.163.com/api/playlist/detail?id=3779629&n=100
20260812T132133+0800,2026-08-12T13:21:33+08:00,2026-08-12,netease_cloud_music,CN,new,新歌榜,3779629,100,72,29.0,3413910962,无声书,,梅兰兰,389903818,无声书,2026-07-31,,68,-4,https://music.163.com/song?id=3413910962,http://p1.music.126.net/cTwK150MqI-p3xrOLI98Zw==/109951173664985983.jpg,https://music.163.com/discover/toplist?id=3779629,https://music.163.com/api/playlist/detail?id=3779629&n=100
20260812T132133+0800,2026-08-12T13:21:33+08:00,2026-08-12,netease_cloud_music,CN,new,新歌榜,3779629,100,73,28.0,3406305479,小两届 (那是一位小两届的学妹),58605241,泽希poolhope,386884113,小两届 (那是一位小两届的学妹),2026-07-16,,71,-2,https://music.163.com/song?id=3406305479,http://p1.music.126.net/4Il8--iDI4AdtsNvuxv_Ng==/109951173554924903.jpg,https://music.163.com/discover/toplist?id=3779629,https://music.163.com/api/playlist/detail?id=3779629&n=100
20260812T132133+0800,2026-08-12T13:21:33+08:00,2026-08-12,netease_cloud_music,CN,new,新歌榜,3779629,100,74,27.0,3417231865,黑白,12529648 | 55315624,KIV | 贾真Jahgen,391112360,黑白,2026-08-08,,58,-16,https://music.163.com/song?id=3417231865,http://p1.music.126.net/XvrWWslf5brL0rmVzqxAtw==/109951173704147854.jpg,https://music.163.com/discover/toplist?id=3779629,https://music.163.com/api/playlist/detail?id=3779629&n=100
20260812T132133+0800,2026-08-12T13:21:33+08:00,2026-08-12,netease_cloud_music,CN,new,新歌榜,3779629,100,75,26.0,3407057564,港,48497149,柠安,387198817,港,,,83,8,https://music.163.com/song?id=3407057564,http://p1.music.126.net/njOcjNFWKRgXb5ImnDCSIw==/109951173562158912.jpg,https://music.163.com/discover/toplist?id=3779629,https://music.163.com/api/playlist/detail?id=3779629&n=100
20260812T132133+0800,2026-08-12T13:21:33+08:00,2026-08-12,netease_cloud_music,CN,new,新歌榜,3779629,100,76,25.0,3408940397,Just a Mind,94439994,Agera,387965141,Just a Mind,,,,,https://music.163.com/song?id=3408940397,http://p1.music.126.net/_0iL_hUjLUuor5KzbAcbCQ==/109951173598307428.jpg,https://music.163.com/discover/toplist?id=3779629,https://music.163.com/api/playlist/detail?id=3779629&n=100
20260812T132133+0800,2026-08-12T13:21:33+08:00,2026-08-12,netease_cloud_music,CN,new,新歌榜,3779629,100,77,24.0,3410047065,窒息 (那天我哭到窒息),7907,何洁,388504355,窒息 (那天我哭到窒息),,,,,https://music.163.com/song?id=3410047065,http://p1.music.126.net/5NfPsnUVmnWRo6C9piZhHA==/109951173611559970.jpg,https://music.163.com/discover/toplist?id=3779629,https://music.163.com/api/playlist/detail?id=3779629&n=100
20260812T132133+0800,2026-08-12T13:21:33+08:00,2026-08-12,netease_cloud_music,CN,new,新歌榜,3779629,100,78,23.0,3410168048,说好不再见,12471927,江皓南,388546716,说好不再见,2026-07-24,,86,8,https://music.163.com/song?id=3410168048,http://p1.music.126.net/SkUsDBxJ26fYNA6m2pjAmQ==/109951173621678196.jpg,https://music.163.com/discover/toplist?id=3779629,https://music.163.com/api/playlist/detail?id=3779629&n=100
20260812T132133+0800,2026-08-12T13:21:33+08:00,2026-08-12,netease_cloud_music,CN,new,新歌榜,3779629,100,79,22.0,3410063350,Camera,53092,Charli xcx,388510703,"Music, Fashion, Film",2026-07-24,,67,-12,https://music.163.com/song?id=3410063350,http://p1.music.126.net/IQGjkohrt3Bna3xsbBlEMA==/109951173620612327.jpg,https://music.163.com/discover/toplist?id=3779629,https://music.163.com/api/playlist/detail?id=3779629&n=100
20260812T132133+0800,2026-08-12T13:21:33+08:00,2026-08-12,netease_cloud_music,CN,new,新歌榜,3779629,100,80,21.0,3401056578,衛星,54033338,柿崎ユウタ,385020306,衛星,2026-07-22,,79,-1,https://music.163.com/song?id=3401056578,http://p1.music.126.net/DE9go2A_lsP625CWGWD27A==/109951173498135529.jpg,https://music.163.com/discover/toplist?id=3779629,https://music.163.com/api/playlist/detail?id=3779629&n=100
20260812T132133+0800,2026-08-12T13:21:33+08:00,2026-08-12,netease_cloud_music,CN,new,新歌榜,3779629,100,81,20.0,3414312176,风催雨(电音版),127187125,DJ Konatal,390044796,风催雨（电音版）,2026-07-31,,74,-7,https://music.163.com/song?id=3414312176,http://p1.music.126.net/QDAF0SX5LqbTAGUJSi3pZQ==/109951173669872266.jpg,https://music.163.com/discover/toplist?id=3779629,https://music.163.com/api/playlist/detail?id=3779629&n=100
20260812T132133+0800,2026-08-12T13:21:33+08:00,2026-08-12,netease_cloud_music,CN,new,新歌榜,3779629,100,82,19.0,3417857538,Ever2Late!,97197815,KiiiKiii,391328479,WhyKiiiKiii,,,95,13,https://music.163.com/song?id=3417857538,http://p1.music.126.net/WkoRkzt-5-E6g4W1gqN7ZQ==/109951173711211073.jpg,https://music.163.com/discover/toplist?id=3779629,https://music.163.com/api/playlist/detail?id=3779629&n=100
20260812T132133+0800,2026-08-12T13:21:33+08:00,2026-08-12,netease_cloud_music,CN,new,新歌榜,3779629,100,83,18.0,3408809820,耳朵,12417070,JOSHUA,387963008,耳朵,2026-07-23,,98,15,https://music.163.com/song?id=3408809820,http://p1.music.126.net/tp-rmwIaBUOSp83NaX6_oQ==/109951173596455292.jpg,https://music.163.com/discover/toplist?id=3779629,https://music.163.com/api/playlist/detail?id=3779629&n=100
20260812T132133+0800,2026-08-12T13:21:33+08:00,2026-08-12,netease_cloud_music,CN,new,新歌榜,3779629,100,84,17.0,3417563246,Don’t Leave Me on the Dance Floor,50934,Carly Rae Jepsen,391226311,Don’t Leave Me on the Dance Floor,2026-08-07,,96,12,https://music.163.com/song?id=3417563246,http://p1.music.126.net/82znyuyicUIse1iExLVj_A==/109951173709814016.jpg,https://music.163.com/discover/toplist?id=3779629,https://music.163.com/api/playlist/detail?id=3779629&n=100
20260812T132133+0800,2026-08-12T13:21:33+08:00,2026-08-12,netease_cloud_music,CN,new,新歌榜,3779629,100,85,16.0,3411195185,小人物 (Live),12371082,辉子,388942253,说唱巅峰对决2026 第五期,,,76,-9,https://music.163.com/song?id=3411195185,http://p1.music.126.net/KnyQp7HJbamMIrBo12yPOA==/109951173634722873.jpg,https://music.163.com/discover/toplist?id=3779629,https://music.163.com/api/playlist/detail?id=3779629&n=100
20260812T132133+0800,2026-08-12T13:21:33+08:00,2026-08-12,netease_cloud_music,CN,new,新歌榜,3779629,100,86,15.0,3417855760,SWEET SOUR,97197815,KiiiKiii,391328479,WhyKiiiKiii,,,,,https://music.163.com/song?id=3417855760,http://p1.music.126.net/WkoRkzt-5-E6g4W1gqN7ZQ==/109951173711211073.jpg,https://music.163.com/discover/toplist?id=3779629,https://music.163.com/api/playlist/detail?id=3779629&n=100
20260812T132133+0800,2026-08-12T13:21:33+08:00,2026-08-12,netease_cloud_music,CN,new,新歌榜,3779629,100,87,14.0,3414488844,敬昨天敬今天敬明天 (Live),12277473 | 12853605,李大奔BENZO | SHarK,390102810,说唱巅峰对决2026 第六期,,,82,-5,https://music.163.com/song?id=3414488844,http://p1.music.126.net/8vkWFMdRU12EZnhqUkVlMw==/109951173671668840.jpg,https://music.163.com/discover/toplist?id=3779629,https://music.163.com/api/playlist/detail?id=3779629&n=100
20260812T132133+0800,2026-08-12T13:21:33+08:00,2026-08-12,netease_cloud_music,CN,new,新歌榜,3779629,100,88,13.0,3414488846,电子布洛芬 (Live),1087200 | 12570417,AThree | 那奇沃夫,390102810,说唱巅峰对决2026 第六期,,,85,-3,https://music.163.com/song?id=3414488846,http://p1.music.126.net/8vkWFMdRU12EZnhqUkVlMw==/109951173671668840.jpg,https://music.163.com/discover/toplist?id=3779629,https://music.163.com/api/playlist/detail?id=3779629&n=100
20260812T132133+0800,2026-08-12T13:21:33+08:00,2026-08-12,netease_cloud_music,CN,new,新歌榜,3779629,100,89,12.0,3417855761,Candy Pink Magic Hole Flip Phone (나 어떡해),97197815,KiiiKiii,391328479,WhyKiiiKiii,,,,,https://music.163.com/song?id=3417855761,http://p1.music.126.net/WkoRkzt-5-E6g4W1gqN7ZQ==/109951173711211073.jpg,https://music.163.com/discover/toplist?id=3779629,https://music.163.com/api/playlist/detail?id=3779629&n=100
20260812T132133+0800,2026-08-12T13:21:33+08:00,2026-08-12,netease_cloud_music,CN,new,新歌榜,3779629,100,90,11.0,3415831754,FLIRTY,12098022 | 124542,多荣 | 朴宰范,390500636,FLIRTY,2026-08-04,,,,https://music.163.com/song?id=3415831754,http://p1.music.126.net/T-ICksMIIKixnB7tmRgQww==/109951173686497794.jpg,https://music.163.com/discover/toplist?id=3779629,https://music.163.com/api/playlist/detail?id=3779629&n=100
20260812T132133+0800,2026-08-12T13:21:33+08:00,2026-08-12,netease_cloud_music,CN,new,新歌榜,3779629,100,91,10.0,3411999848,Two to Tango 交缠舞步,94007859 | 12487174,三Z-STUDIO | HOYO-MiX,389255741,绝区零-Two to Tango 交缠舞步,2026-07-27,,90,-1,https://music.163.com/song?id=3411999848,http://p2.music.126.net/z9yFCzaBcefizzmDkMwmEQ==/109951173644432376.jpg,https://music.163.com/discover/toplist?id=3779629,https://music.163.com/api/playlist/detail?id=3779629&n=100
20260812T132133+0800,2026-08-12T13:21:33+08:00,2026-08-12,netease_cloud_music,CN,new,新歌榜,3779629,100,92,9.0,3414273118,never get over me,48161,Ariana Grande,390031118,petal,2026-07-31,,,,https://music.163.com/song?id=3414273118,http://p2.music.126.net/eVZhj8MsxGhjbmTDVZVORQ==/109951173670280784.jpg,https://music.163.com/discover/toplist?id=3779629,https://music.163.com/api/playlist/detail?id=3779629&n=100
20260812T132133+0800,2026-08-12T13:21:33+08:00,2026-08-12,netease_cloud_music,CN,new,新歌榜,3779629,100,93,8.0,3410661551,月光与吻痕 (Live版),6066 | 3077 | 1191044,杨宗纬 | 欢子 | 喻言,388738891,天赐的声音第七季 第7期,,,81,-12,https://music.163.com/song?id=3410661551,http://p2.music.126.net/AZcj5MyK_h5ZdkUh8nM7rQ==/109951173627817582.jpg,https://music.163.com/discover/toplist?id=3779629,https://music.163.com/api/playlist/detail?id=3779629&n=100
20260812T132133+0800,2026-08-12T13:21:33+08:00,2026-08-12,netease_cloud_music,CN,new,新歌榜,3779629,100,94,7.0,3413309055,攀峰,62197835 | 94089748 | 35083105 | 52171576 | 34500363 | 60977837,崔十八 | 麦麦 | 贰万ovo | 木木墩 | 鲸 | 听潮阁,389707611,攀峰,2026-08-10,,77,-17,https://music.163.com/song?id=3413309055,http://p2.music.126.net/e4TUtouZMnjLnB4R6VHUPA==/109951173659195321.jpg,https://music.163.com/discover/toplist?id=3779629,https://music.163.com/api/playlist/detail?id=3779629&n=100
20260812T132133+0800,2026-08-12T13:21:33+08:00,2026-08-12,netease_cloud_music,CN,new,新歌榜,3779629,100,95,6.0,3405747368,Upward Spiral (扶瑶直上),50275485,KKECHO,386632533,Upward Spiral (扶瑶直上),2026-07-15,,78,-17,https://music.163.com/song?id=3405747368,http://p2.music.126.net/_7CAiOsyciV4shgb5bp7VA==/109951173545922171.jpg,https://music.163.com/discover/toplist?id=3779629,https://music.163.com/api/playlist/detail?id=3779629&n=100
20260812T132133+0800,2026-08-12T13:21:33+08:00,2026-08-12,netease_cloud_music,CN,new,新歌榜,3779629,100,96,5.0,3417228038,Sparkling Days,32540734 | 96677442 | 34512777,塞壬唱片-MSR | Castalia Audio | Bangler,391110550,奇象巡展OST,2026-08-10,,,,https://music.163.com/song?id=3417228038,http://p2.music.126.net/s0YdreYoQL_PLpFL4UvZhA==/109951173704018052.jpg,https://music.163.com/discover/toplist?id=3779629,https://music.163.com/api/playlist/detail?id=3779629&n=100
20260812T132133+0800,2026-08-12T13:21:33+08:00,2026-08-12,netease_cloud_music,CN,new,新歌榜,3779629,100,97,4.0,3412809398,GO GHOST,12551173,King Gnu,389535177,GO GHOST,2026-07-29,,,,https://music.163.com/song?id=3412809398,http://p2.music.126.net/yz0wdp_WhXFTLHufAP8TkQ==/109951173654880302.jpg,https://music.163.com/discover/toplist?id=3779629,https://music.163.com/api/playlist/detail?id=3779629&n=100
20260812T132133+0800,2026-08-12T13:21:33+08:00,2026-08-12,netease_cloud_music,CN,new,新歌榜,3779629,100,98,3.0,3417171473,江南旧忆,52681305,蛋仔派对,391092476,江南旧忆,,,92,-6,https://music.163.com/song?id=3417171473,http://p2.music.126.net/96sELsRT5tdsnt8urMYF2Q==/109951173703519632.jpg,https://music.163.com/discover/toplist?id=3779629,https://music.163.com/api/playlist/detail?id=3779629&n=100
20260812T132133+0800,2026-08-12T13:21:33+08:00,2026-08-12,netease_cloud_music,CN,new,新歌榜,3779629,100,99,2.0,3402161256,停在那边,12871122,王艳薇,385480121,停在那边,2026-07-20,,,,https://music.163.com/song?id=3402161256,http://p2.music.126.net/-XG2FWXqXVfKXQPimjp5bQ==/109951173513895519.jpg,https://music.163.com/discover/toplist?id=3779629,https://music.163.com/api/playlist/detail?id=3779629&n=100
20260812T132133+0800,2026-08-12T13:21:33+08:00,2026-08-12,netease_cloud_music,CN,new,新歌榜,3779629,100,100,1.0,3407844731,八仙,7424,程响,387564254,八仙,2026-07-17,,,,https://music.163.com/song?id=3407844731,http://p2.music.126.net/Up2H_KddiKdMvJkKLlTRXg==/109951173578401780.jpg,https://music.163.com/discover/toplist?id=3779629,https://music.163.com/api/playlist/detail?id=3779629&n=100
20260812T132133+0800,2026-08-12T13:21:33+08:00,2026-08-06,netease_cloud_music,CN,original,原创榜,2884035,100,1,100.0,3412524548,偶尔,49320722,加木,389428902,偶尔,,,,,https://music.163.com/song?id=3412524548,http://p1.music.126.net/IbOWKcdIWr1JryqXOmKQ0g==/109951173651466474.jpg,https://music.163.com/discover/toplist?id=2884035,https://music.163.com/api/playlist/detail?id=2884035&n=100
20260812T132133+0800,2026-08-12T13:21:33+08:00,2026-08-06,netease_cloud_music,CN,original,原创榜,2884035,100,2,99.0,3410751725,不具名的访客,12038239,裘德,388768743,不具名的访客,,,,,https://music.163.com/song?id=3410751725,http://p1.music.126.net/ppcVxI1g2KMzfoFQv0es5w==/109951173644488757.jpg,https://music.163.com/discover/toplist?id=2884035,https://music.163.com/api/playlist/detail?id=2884035&n=100
20260812T132133+0800,2026-08-12T13:21:33+08:00,2026-08-06,netease_cloud_music,CN,original,原创榜,2884035,100,3,98.0,3414488371,The Gentlemen(绅士们) (Live),35784564 | 12371041,弹壳Danko | Vinz-T,390102810,说唱巅峰对决2026 第六期,,,,,https://music.163.com/song?id=3414488371,http://p1.music.126.net/8vkWFMdRU12EZnhqUkVlMw==/109951173671668840.jpg,https://music.163.com/discover/toplist?id=2884035,https://music.163.com/api/playlist/detail?id=2884035&n=100
20260812T132133+0800,2026-08-12T13:21:33+08:00,2026-08-06,netease_cloud_music,CN,original,原创榜,2884035,100,4,97.0,3411982875,忘记了也没关系,57076584,DOUDOU,389249419,忘记了也没关系,,,,,https://music.163.com/song?id=3411982875,http://p1.music.126.net/i3n8vshqhOFa4W77W9hM0Q==/109951173645937470.jpg,https://music.163.com/discover/toplist?id=2884035,https://music.163.com/api/playlist/detail?id=2884035&n=100
20260812T132133+0800,2026-08-12T13:21:33+08:00,2026-08-06,netease_cloud_music,CN,original,原创榜,2884035,100,5,96.0,3414488847,了了 (Live),35884195 | 49320722,翁杰Winjay | 加木,390102810,说唱巅峰对决2026 第六期,,,,,https://music.163.com/song?id=3414488847,http://p1.music.126.net/8vkWFMdRU12EZnhqUkVlMw==/109951173671668840.jpg,https://music.163.com/discover/toplist?id=2884035,https://music.163.com/api/playlist/detail?id=2884035&n=100
20260812T132133+0800,2026-08-12T13:21:33+08:00,2026-08-06,netease_cloud_music,CN,original,原创榜,2884035,100,6,95.0,3411948902,河与流,1050282,房东的猫,383188535,不擅生长的树,2026-07-30,,,,https://music.163.com/song?id=3411948902,http://p1.music.126.net/4_WWJJSmNBicnKbRzGjMEw==/109951173444248706.jpg,https://music.163.com/discover/toplist?id=2884035,https://music.163.com/api/playlist/detail?id=2884035&n=100
20260812T132133+0800,2026-08-12T13:21:33+08:00,2026-08-06,netease_cloud_music,CN,original,原创榜,2884035,100,7,94.0,3413072224,连烦恼也融入天空,32540734 | 12093253 | 33350632,塞壬唱片-MSR | F.L.O.A.T (白羽） | 张晶,389627625,直到大地变成一颗酸橙OST,2026-08-03,,,,https://music.163.com/song?id=3413072224,http://p1.music.126.net/CynRt45ikTcMLhKRPC3WVA==/109951173656741133.jpg,https://music.163.com/discover/toplist?id=2884035,https://music.163.com/api/playlist/detail?id=2884035&n=100
20260812T132133+0800,2026-08-12T13:21:33+08:00,2026-08-06,netease_cloud_music,CN,original,原创榜,2884035,100,8,93.0,3414488846,电子布洛芬 (Live),1087200 | 12570417,AThree | 那奇沃夫,390102810,说唱巅峰对决2026 第六期,,,,,https://music.163.com/song?id=3414488846,http://p1.music.126.net/8vkWFMdRU12EZnhqUkVlMw==/109951173671668840.jpg,https://music.163.com/discover/toplist?id=2884035,https://music.163.com/api/playlist/detail?id=2884035&n=100
20260812T132133+0800,2026-08-12T13:21:33+08:00,2026-08-06,netease_cloud_music,CN,original,原创榜,2884035,100,9,92.0,3411940192,你我他,32220939,en（王翊恩）,389228966,你我他,2026-07-31,,,,https://music.163.com/song?id=3411940192,http://p1.music.126.net/--7nouU5zLC3z-WDZeTOzA==/109951173645380839.jpg,https://music.163.com/discover/toplist?id=2884035,https://music.163.com/api/playlist/detail?id=2884035&n=100
20260812T132133+0800,2026-08-12T13:21:33+08:00,2026-08-06,netease_cloud_music,CN,original,原创榜,2884035,100,10,91.0,3409557885,You Are,11999036,李昊,388303694,You Are,2026-07-30,,,,https://music.163.com/song?id=3409557885,http://p1.music.126.net/Ytk3258MwNQ1AMKPy6dXWw==/109951173609311279.jpg,https://music.163.com/discover/toplist?id=2884035,https://music.163.com/api/playlist/detail?id=2884035&n=100
20260812T132133+0800,2026-08-12T13:21:33+08:00,2026-08-06,netease_cloud_music,CN,original,原创榜,2884035,100,11,90.0,3414488844,敬昨天敬今天敬明天 (Live),12277473 | 12853605,李大奔BENZO | SHarK,390102810,说唱巅峰对决2026 第六期,,,,,https://music.163.com/song?id=3414488844,http://p1.music.126.net/8vkWFMdRU12EZnhqUkVlMw==/109951173671668840.jpg,https://music.163.com/discover/toplist?id=2884035,https://music.163.com/api/playlist/detail?id=2884035&n=100
20260812T132133+0800,2026-08-12T13:21:33+08:00,2026-08-06,netease_cloud_music,CN,original,原创榜,2884035,100,12,89.0,3415868059,是我的问题,12494240 | 33736021,王子明 | WYAN王毓千,390515425,是我的问题,2026-08-04,,,,https://music.163.com/song?id=3415868059,http://p1.music.126.net/RIjFB81eyaUrW2ut5qQySQ==/109951173687171349.jpg,https://music.163.com/discover/toplist?id=2884035,https://music.163.com/api/playlist/detail?id=2884035&n=100
20260812T132133+0800,2026-08-12T13:21:33+08:00,2026-08-06,netease_cloud_music,CN,original,原创榜,2884035,100,13,88.0,3411634453,置顶 Pinned,48345452,邹沛沛,389095472,置顶 Pinned,2026-08-04,,,,https://music.163.com/song?id=3411634453,http://p1.music.126.net/OIAzGK0ciV1qN4urZzdvoA==/109951173657186002.jpg,https://music.163.com/discover/toplist?id=2884035,https://music.163.com/api/playlist/detail?id=2884035&n=100
20260812T132133+0800,2026-08-12T13:21:33+08:00,2026-08-06,netease_cloud_music,CN,original,原创榜,2884035,100,14,87.0,3413279068,是我做了白日梦,95672554 | 60977837,姜添 | 听潮阁,389697320,是我做了白日梦,2026-08-02,,,,https://music.163.com/song?id=3413279068,http://p1.music.126.net/SquUT-uAeKsUErY9ehJhKw==/109951173658845855.jpg,https://music.163.com/discover/toplist?id=2884035,https://music.163.com/api/playlist/detail?id=2884035&n=100
20260812T132133+0800,2026-08-12T13:21:33+08:00,2026-08-06,netease_cloud_music,CN,original,原创榜,2884035,100,15,86.0,3406603947,鬼火3战无不胜,32501012 | 32992079 | 34364251,Billionhappy | Yaka | jackzebra,387031771,鬼火3战无不胜,2026-07-31,,,,https://music.163.com/song?id=3406603947,http://p1.music.126.net/MbMqH7vIxE21XEKI3T4Rnw==/109951173646181748.jpg,https://music.163.com/discover/toplist?id=2884035,https://music.163.com/api/playlist/detail?id=2884035&n=100
20260812T132133+0800,2026-08-12T13:21:33+08:00,2026-08-06,netease_cloud_music,CN,original,原创榜,2884035,100,16,85.0,3410245671,神选,14117457,SASIOVERLXRD,388196110,赫鬼,2026-07-27,,,,https://music.163.com/song?id=3410245671,http://p1.music.126.net/MEx8J6j2mntRha2stE7xlA==/109951173603999384.jpg,https://music.163.com/discover/toplist?id=2884035,https://music.163.com/api/playlist/detail?id=2884035&n=100
20260812T132133+0800,2026-08-12T13:21:33+08:00,2026-08-06,netease_cloud_music,CN,original,原创榜,2884035,100,17,84.0,3412551512,待春归,61908633 | 12293819,鸣潮先约电台 | 钱润玉,389447514,待春归,2026-07-29,,,,https://music.163.com/song?id=3412551512,http://p1.music.126.net/tvm15URKxxqoNZ5p5lnLgQ==/109951173651614407.jpg,https://music.163.com/discover/toplist?id=2884035,https://music.163.com/api/playlist/detail?id=2884035&n=100
20260812T132133+0800,2026-08-12T13:21:33+08:00,2026-08-06,netease_cloud_music,CN,original,原创榜,2884035,100,18,83.0,3410220430,天生牙,14117457,SASIOVERLXRD,388196110,赫鬼,,,,,https://music.163.com/song?id=3410220430,http://p1.music.126.net/MEx8J6j2mntRha2stE7xlA==/109951173603999384.jpg,https://music.163.com/discover/toplist?id=2884035,https://music.163.com/api/playlist/detail?id=2884035&n=100
20260812T132133+0800,2026-08-12T13:21:33+08:00,2026-08-06,netease_cloud_music,CN,original,原创榜,2884035,100,19,82.0,3413765738,没有什么不可以 (Brave),54678821,银河快递,389859612,没有什么不可以 (Brave),2026-08-03,,,,https://music.163.com/song?id=3413765738,http://p1.music.126.net/zwXmmWLqtmsDO24mGBmcsQ==/109951173663709568.jpg,https://music.163.com/discover/toplist?id=2884035,https://music.163.com/api/playlist/detail?id=2884035&n=100
20260812T132133+0800,2026-08-12T13:21:33+08:00,2026-08-06,netease_cloud_music,CN,original,原创榜,2884035,100,20,81.0,3409654055,宁作我,3249,河图,388347196,宁作我,2026-07-31,,,,https://music.163.com/song?id=3409654055,http://p1.music.126.net/4U1tKGTu0mOp7W4kq3_t_g==/109951173611630147.jpg,https://music.163.com/discover/toplist?id=2884035,https://music.163.com/api/playlist/detail?id=2884035&n=100
20260812T132133+0800,2026-08-12T13:21:33+08:00,2026-08-06,netease_cloud_music,CN,original,原创榜,2884035,100,21,80.0,3412604614,九号,37125681,Young Cash Jason,389463819,Ain’t Enough,2026-07-31,,,,https://music.163.com/song?id=3412604614,http://p1.music.126.net/hgkEcEydIA6SjM6fiTDM6g==/109951173652197760.jpg,https://music.163.com/discover/toplist?id=2884035,https://music.163.com/api/playlist/detail?id=2884035&n=100
20260812T132133+0800,2026-08-12T13:21:33+08:00,2026-08-06,netease_cloud_music,CN,original,原创榜,2884035,100,22,79.0,3415842235,hu xi,32992079,Yaka,390094926,DLC,,,,,https://music.163.com/song?id=3415842235,http://p1.music.126.net/M1ymYle2IiY2Ad07MlosXw==/109951173671432890.jpg,https://music.163.com/discover/toplist?id=2884035,https://music.163.com/api/playlist/detail?id=2884035&n=100
20260812T132133+0800,2026-08-12T13:21:33+08:00,2026-08-06,netease_cloud_music,CN,original,原创榜,2884035,100,23,78.0,3412016938,Vermilion,122546004 | 33819367 | 51800083 | 34617541,铁痕电台-MSR | BLACK 0 | 明家歆 | Ceru_,389263178,向渊行OST,2026-07-30,,,,https://music.163.com/song?id=3412016938,http://p1.music.126.net/JeTFAPiRJUPsIePP4GIqsw==/109951173645975399.jpg,https://music.163.com/discover/toplist?id=2884035,https://music.163.com/api/playlist/detail?id=2884035&n=100
20260812T132133+0800,2026-08-12T13:21:33+08:00,2026-08-06,netease_cloud_music,CN,original,原创榜,2884035,100,24,77.0,3414487964,马桑树下 (Live),12319437 | 47192128,RANZER叶润泽 | 早安,390102810,说唱巅峰对决2026 第六期,,,,,https://music.163.com/song?id=3414487964,http://p1.music.126.net/8vkWFMdRU12EZnhqUkVlMw==/109951173671668840.jpg,https://music.163.com/discover/toplist?id=2884035,https://music.163.com/api/playlist/detail?id=2884035&n=100
20260812T132133+0800,2026-08-12T13:21:33+08:00,2026-08-06,netease_cloud_music,CN,original,原创榜,2884035,100,25,76.0,3413140584,像狐狸一样的爱,59217680,Viima,389650132,像狐狸一样的爱,2026-07-31,,,,https://music.163.com/song?id=3413140584,http://p1.music.126.net/cp4Jpsmyk5Ze4_ua3U9Y6g==/109951173657554635.jpg,https://music.163.com/discover/toplist?id=2884035,https://music.163.com/api/playlist/detail?id=2884035&n=100
20260812T132133+0800,2026-08-12T13:21:33+08:00,2026-08-06,netease_cloud_music,CN,original,原创榜,2884035,100,26,75.0,3412410346,I can fly,13145283 | 12064019,ICE杨长青 | 连麻Swimming,383211818,长青 (Deluxe),,,,,https://music.163.com/song?id=3412410346,http://p1.music.126.net/2PdA8Q8YKtgDK1u5HPL8Sw==/109951173650298667.jpg,https://music.163.com/discover/toplist?id=2884035,https://music.163.com/api/playlist/detail?id=2884035&n=100
20260812T132133+0800,2026-08-12T13:21:33+08:00,2026-08-06,netease_cloud_music,CN,original,原创榜,2884035,100,27,74.0,3412594763,鸟儿,34783914 | 51497522,栾超 | 亞細亞曠世奇才,384042179,大压抑時代,,,,,https://music.163.com/song?id=3412594763,http://p1.music.126.net/MPn2veCXAI8V2N8zoFr6OQ==/109951173469236827.jpg,https://music.163.com/discover/toplist?id=2884035,https://music.163.com/api/playlist/detail?id=2884035&n=100
20260812T132133+0800,2026-08-12T13:21:33+08:00,2026-08-06,netease_cloud_music,CN,original,原创榜,2884035,100,28,73.0,3414523158,别来见我,31048903,王怡,390086547,别来见我,,,,,https://music.163.com/song?id=3414523158,http://p1.music.126.net/9GX60bmHa5w8Sva4p9Zc3A==/109951173672068626.jpg,https://music.163.com/discover/toplist?id=2884035,https://music.163.com/api/playlist/detail?id=2884035&n=100
20260812T132133+0800,2026-08-12T13:21:33+08:00,2026-08-06,netease_cloud_music,CN,original,原创榜,2884035,100,29,72.0,3413850102,Every Road is a Yes,32540734 | 47534712,塞壬唱片-MSR | 橘猫烧鲷鱼,389884300,Every Road is a Yes,2026-08-01,,,,https://music.163.com/song?id=3413850102,http://p1.music.126.net/_8I6tkTNcpmCxerXTm08LA==/109951173664314537.jpg,https://music.163.com/discover/toplist?id=2884035,https://music.163.com/api/playlist/detail?id=2884035&n=100
20260812T132133+0800,2026-08-12T13:21:33+08:00,2026-08-06,netease_cloud_music,CN,original,原创榜,2884035,100,30,71.0,3407049273,沉溺,93998174 | 60977837,萨满（Saman） | 听潮阁,382035329,午夜协议,2026-06-18,,,,https://music.163.com/song?id=3407049273,http://p1.music.126.net/gn--BB7-RWhNiIATn1QpUw==/109951173565563062.jpg,https://music.163.com/discover/toplist?id=2884035,https://music.163.com/api/playlist/detail?id=2884035&n=100
20260812T132133+0800,2026-08-12T13:21:33+08:00,2026-08-06,netease_cloud_music,CN,original,原创榜,2884035,100,31,70.0,3414489000,风华绝代 (Live),12523451 | 12371082,BrAnTB白景屹 | 辉子,390102810,说唱巅峰对决2026 第六期,,,,,https://music.163.com/song?id=3414489000,http://p1.music.126.net/8vkWFMdRU12EZnhqUkVlMw==/109951173671668840.jpg,https://music.163.com/discover/toplist?id=2884035,https://music.163.com/api/playlist/detail?id=2884035&n=100
20260812T132133+0800,2026-08-12T13:21:33+08:00,2026-08-06,netease_cloud_music,CN,original,原创榜,2884035,100,32,69.0,3412604615,Hard Time,37125681 | 94753015,Young Cash Jason | DD Ma Shawty,389463819,Ain’t Enough,2026-07-31,,,,https://music.163.com/song?id=3412604615,http://p1.music.126.net/hgkEcEydIA6SjM6fiTDM6g==/109951173652197760.jpg,https://music.163.com/discover/toplist?id=2884035,https://music.163.com/api/playlist/detail?id=2884035&n=100
20260812T132133+0800,2026-08-12T13:21:33+08:00,2026-08-06,netease_cloud_music,CN,original,原创榜,2884035,100,33,68.0,3412398766,七月流火,94610031,Youzee Music,389398966,七月流火,2026-07-31,,,,https://music.163.com/song?id=3412398766,http://p1.music.126.net/vE2OpnuMVkKFF3jH0sbzBQ==/109951173650145566.jpg,https://music.163.com/discover/toplist?id=2884035,https://music.163.com/api/playlist/detail?id=2884035&n=100
20260812T132133+0800,2026-08-12T13:21:33+08:00,2026-08-06,netease_cloud_music,CN,original,原创榜,2884035,100,34,67.0,3412604613,必吃榜,37125681 | 53597603,Young Cash Jason | 迪诺哥,389463819,Ain’t Enough,2026-07-31,,,,https://music.163.com/song?id=3412604613,http://p1.music.126.net/hgkEcEydIA6SjM6fiTDM6g==/109951173652197760.jpg,https://music.163.com/discover/toplist?id=2884035,https://music.163.com/api/playlist/detail?id=2884035&n=100
20260812T132133+0800,2026-08-12T13:21:33+08:00,2026-08-06,netease_cloud_music,CN,original,原创榜,2884035,100,35,66.0,3411195185,小人物 (Live),12371082,辉子,388942253,说唱巅峰对决2026 第五期,,,3,-32,https://music.163.com/song?id=3411195185,http://p2.music.126.net/KnyQp7HJbamMIrBo12yPOA==/109951173634722873.jpg,https://music.163.com/discover/toplist?id=2884035,https://music.163.com/api/playlist/detail?id=2884035&n=100
20260812T132133+0800,2026-08-12T13:21:33+08:00,2026-08-06,netease_cloud_music,CN,original,原创榜,2884035,100,36,65.0,3413367559,FADE,49088057,猫头英OWL,389729834,FADE,2026-08-01,,,,https://music.163.com/song?id=3413367559,http://p2.music.126.net/8SojfrOQ0vKtFrBid9DXbg==/109951173659908545.jpg,https://music.163.com/discover/toplist?id=2884035,https://music.163.com/api/playlist/detail?id=2884035&n=100
20260812T132133+0800,2026-08-12T13:21:33+08:00,2026-08-06,netease_cloud_music,CN,original,原创榜,2884035,100,37,64.0,3412017935,编织光流 (For Your Name),122546004 | 30790814,铁痕电台-MSR | Edine,389263178,向渊行OST,2026-07-30,,,,https://music.163.com/song?id=3412017935,http://p2.music.126.net/JeTFAPiRJUPsIePP4GIqsw==/109951173645975399.jpg,https://music.163.com/discover/toplist?id=2884035,https://music.163.com/api/playlist/detail?id=2884035&n=100
20260812T132133+0800,2026-08-12T13:21:33+08:00,2026-08-06,netease_cloud_music,CN,original,原创榜,2884035,100,38,63.0,3387477661,梦哑,9255,任然,378900959,梦哑,2026-06-01,,40,2,https://music.163.com/song?id=3387477661,http://p2.music.126.net/7tJ8BtV2GSKTyWXyCvdEUg==/109951173646389004.jpg,https://music.163.com/discover/toplist?id=2884035,https://music.163.com/api/playlist/detail?id=2884035&n=100
20260812T132133+0800,2026-08-12T13:21:33+08:00,2026-08-06,netease_cloud_music,CN,original,原创榜,2884035,100,39,62.0,3415455949,夜唱夜唱雾茫茫,12093674 | 100103828 | 59655434,海鲜面 | 青萝钰珂 | 洛天依,390307056,不具名的习作,,,,,https://music.163.com/song?id=3415455949,http://p2.music.126.net/zoSTNIiu036taww0T1R3OQ==/109951173681892717.jpg,https://music.163.com/discover/toplist?id=2884035,https://music.163.com/api/playlist/detail?id=2884035&n=100
20260812T132133+0800,2026-08-12T13:21:33+08:00,2026-08-06,netease_cloud_music,CN,original,原创榜,2884035,100,40,61.0,3411196334,Dats Me (通通是我)  (Live),49141872,Top Barry,388942253,说唱巅峰对决2026 第五期,,,4,-36,https://music.163.com/song?id=3411196334,http://p2.music.126.net/KnyQp7HJbamMIrBo12yPOA==/109951173634722873.jpg,https://music.163.com/discover/toplist?id=2884035,https://music.163.com/api/playlist/detail?id=2884035&n=100
20260812T132133+0800,2026-08-12T13:21:33+08:00,2026-08-06,netease_cloud_music,CN,original,原创榜,2884035,100,41,60.0,3412017374,若夏日终将完结,51178202 | 59655434,Henry_28 | 洛天依,389241393,若夏日终将完结,,,,,https://music.163.com/song?id=3412017374,http://p2.music.126.net/fl_6HPi96vo_uuynwT1zDw==/109951173646165628.jpg,https://music.163.com/discover/toplist?id=2884035,https://music.163.com/api/playlist/detail?id=2884035&n=100
20260812T132133+0800,2026-08-12T13:21:33+08:00,2026-08-06,netease_cloud_music,CN,original,原创榜,2884035,100,42,59.0,3412604611,Same Problems,37125681,Young Cash Jason,389463819,Ain’t Enough,2026-07-31,,,,https://music.163.com/song?id=3412604611,http://p2.music.126.net/hgkEcEydIA6SjM6fiTDM6g==/109951173652197760.jpg,https://music.163.com/discover/toplist?id=2884035,https://music.163.com/api/playlist/detail?id=2884035&n=100
20260812T132133+0800,2026-08-12T13:21:33+08:00,2026-08-06,netease_cloud_music,CN,original,原创榜,2884035,100,43,58.0,3414139965,我不是蜘蛛侠,57182642,蜥蜴lizard,389898109,我不是蜘蛛侠,,,,,https://music.163.com/song?id=3414139965,http://p2.music.126.net/cTCuUYacp0k0DZz7h_wI4w==/109951173668708719.jpg,https://music.163.com/discover/toplist?id=2884035,https://music.163.com/api/playlist/detail?id=2884035&n=100
20260812T132133+0800,2026-08-12T13:21:33+08:00,2026-08-06,netease_cloud_music,CN,original,原创榜,2884035,100,44,57.0,3412602931,忘了吗忘了吧,12072094 | 33709222,张颜齐 | 姚晓棠,389463434,忘了吗忘了吧·开始奏乐开始舞,2026-08-02,,,,https://music.163.com/song?id=3412602931,http://p2.music.126.net/uDWMoeuILz4xXTVRGuBExg==/109951173652172426.jpg,https://music.163.com/discover/toplist?id=2884035,https://music.163.com/api/playlist/detail?id=2884035&n=100
20260812T132133+0800,2026-08-12T13:21:33+08:00,2026-08-06,netease_cloud_music,CN,original,原创榜,2884035,100,45,56.0,3412016538,Tie-Dyeing扎染,14018235,黄之仪Kyra Zilver,389260933,Tie-Dyeing扎染,2026-07-31,,,,https://music.163.com/song?id=3412016538,http://p2.music.126.net/XIBj7kDGHlzTZqUSou8bWA==/109951173646300486.jpg,https://music.163.com/discover/toplist?id=2884035,https://music.163.com/api/playlist/detail?id=2884035&n=100
20260812T132133+0800,2026-08-12T13:21:33+08:00,2026-08-06,netease_cloud_music,CN,original,原创榜,2884035,100,46,55.0,3407463190,夏日尽头的我们,94823802 | 121543554,KONI可妮 | 内向懒懒,387412728,夏日尽头的我们,2026-07-16,,,,https://music.163.com/song?id=3407463190,http://p2.music.126.net/YuAmnP9HVwuOSZqk3BMtBA==/109951173570615193.jpg,https://music.163.com/discover/toplist?id=2884035,https://music.163.com/api/playlist/detail?id=2884035&n=100
20260812T132133+0800,2026-08-12T13:21:33+08:00,2026-08-06,netease_cloud_music,CN,original,原创榜,2884035,100,47,54.0,3404238777,周旋,12236125 | 1203045,王以太 | 艾热 AIR,386145067,太热爱,2026-07-12,,21,-26,https://music.163.com/song?id=3404238777,http://p2.music.126.net/rDv1qod6MDsYcEHKtxCdAA==/109951173532089932.jpg,https://music.163.com/discover/toplist?id=2884035,https://music.163.com/api/playlist/detail?id=2884035&n=100
20260812T132133+0800,2026-08-12T13:21:33+08:00,2026-08-06,netease_cloud_music,CN,original,原创榜,2884035,100,48,53.0,3394787375,爱你是我的秘密,34563784,庄淇玟(29#),382178128,爱你是我的秘密,2026-06-24,,,,https://music.163.com/song?id=3394787375,http://p2.music.126.net/Qi82vEKUSlGlMR0-v0-L4w==/109951173407075084.jpg,https://music.163.com/discover/toplist?id=2884035,https://music.163.com/api/playlist/detail?id=2884035&n=100
20260812T132133+0800,2026-08-12T13:21:33+08:00,2026-08-06,netease_cloud_music,CN,original,原创榜,2884035,100,49,52.0,3414700455,别把夏天关掉,127199748 | 59655434,乐小君 | 洛天依,390152234,别把夏天关掉,,,,,https://music.163.com/song?id=3414700455,http://p2.music.126.net/Os973VAjiKpway4R0-RfAg==/109951173674544679.jpg,https://music.163.com/discover/toplist?id=2884035,https://music.163.com/api/playlist/detail?id=2884035&n=100
20260812T132133+0800,2026-08-12T13:21:33+08:00,2026-08-06,netease_cloud_music,CN,original,原创榜,2884035,100,50,51.0,3412016929,守心枢,122546004 | 35079062 | 1137383,铁痕电台-MSR | LCwwww | Feryquitous,389263178,向渊行OST,2026-07-30,,,,https://music.163.com/song?id=3412016929,http://p2.music.126.net/JeTFAPiRJUPsIePP4GIqsw==/109951173645975399.jpg,https://music.163.com/discover/toplist?id=2884035,https://music.163.com/api/playlist/detail?id=2884035&n=100
20260812T132133+0800,2026-08-12T13:21:33+08:00,2026-08-06,netease_cloud_music,CN,original,原创榜,2884035,100,51,50.0,3412410345,屡教不改,13145283 | 13451886,ICE杨长青 | JinJiBeWater_隼,383211818,长青 (Deluxe),,,,,https://music.163.com/song?id=3412410345,http://p2.music.126.net/2PdA8Q8YKtgDK1u5HPL8Sw==/109951173650298667.jpg,https://music.163.com/discover/toplist?id=2884035,https://music.163.com/api/playlist/detail?id=2884035&n=100
20260812T132133+0800,2026-08-12T13:21:33+08:00,2026-08-06,netease_cloud_music,CN,original,原创榜,2884035,100,52,49.0,3411196464,心碎双面胶 (Live),12065096,黄旭BooM,388942253,说唱巅峰对决2026 第五期,,,6,-46,https://music.163.com/song?id=3411196464,http://p2.music.126.net/KnyQp7HJbamMIrBo12yPOA==/109951173634722873.jpg,https://music.163.com/discover/toplist?id=2884035,https://music.163.com/api/playlist/detail?id=2884035&n=100
20260812T132133+0800,2026-08-12T13:21:33+08:00,2026-08-06,netease_cloud_music,CN,original,原创榜,2884035,100,53,48.0,3394851493,最后的借口,12631485 | 30220807,h3R3 | 罗可Lorkin,384808686,回响,2026-06-23,,,,https://music.163.com/song?id=3394851493,http://p2.music.126.net/yed2hVZZwFNeSkTynWPaJQ==/109951173491736376.jpg,https://music.163.com/discover/toplist?id=2884035,https://music.163.com/api/playlist/detail?id=2884035&n=100
20260812T132133+0800,2026-08-12T13:21:33+08:00,2026-08-06,netease_cloud_music,CN,original,原创榜,2884035,100,54,47.0,3409324755,眼睛不说谎,12853605,SHarK,388197470,让我看到你,2026-07-26,,8,-46,https://music.163.com/song?id=3409324755,http://p2.music.126.net/gBH1kXgZgHempriqLX84zA==/109951173604035857.jpg,https://music.163.com/discover/toplist?id=2884035,https://music.163.com/api/playlist/detail?id=2884035&n=100
20260812T132133+0800,2026-08-12T13:21:33+08:00,2026-08-06,netease_cloud_music,CN,original,原创榜,2884035,100,55,46.0,3347295437,失眠了,29051651,吴琳珂Moske,361191664,失眠了,2026-02-11,,,,https://music.163.com/song?id=3347295437,http://p2.music.126.net/RX7XkgADsQ6kXqcpeuEwxQ==/109951172703763721.jpg,https://music.163.com/discover/toplist?id=2884035,https://music.163.com/api/playlist/detail?id=2884035&n=100
20260812T132133+0800,2026-08-12T13:21:33+08:00,2026-08-06,netease_cloud_music,CN,original,原创榜,2884035,100,56,45.0,3407868645,Glue,12664439,希林娜依高,387572988,Glue,2026-07-31,,,,https://music.163.com/song?id=3407868645,http://p2.music.126.net/dfdkQ_HD1IwfX_TFAM_rhw==/109951173579024913.jpg,https://music.163.com/discover/toplist?id=2884035,https://music.163.com/api/playlist/detail?id=2884035&n=100
20260812T132133+0800,2026-08-12T13:21:33+08:00,2026-08-06,netease_cloud_music,CN,original,原创榜,2884035,100,57,44.0,3362038053,Fever Pitch,34443258,Richz,367451771,Fever Pitch,,,,,https://music.163.com/song?id=3362038053,http://p2.music.126.net/w9oZk141bo1MfkQRHX4oDw==/109951172929286494.jpg,https://music.163.com/discover/toplist?id=2884035,https://music.163.com/api/playlist/detail?id=2884035&n=100
20260812T132133+0800,2026-08-12T13:21:33+08:00,2026-08-06,netease_cloud_music,CN,original,原创榜,2884035,100,58,43.0,3410055855,时,36061398,杨润泽,388509396,时光代理人 第三季 动画原声带,2026-07-25,,15,-43,https://music.163.com/song?id=3410055855,http://p2.music.126.net/wyIhU6iCDfMrzWGdAc1VkA==/109951173620536109.jpg,https://music.163.com/discover/toplist?id=2884035,https://music.163.com/api/playlist/detail?id=2884035&n=100
20260812T132133+0800,2026-08-12T13:21:33+08:00,2026-08-06,netease_cloud_music,CN,original,原创榜,2884035,100,59,42.0,3363501099,琵琶曲（东船与西舫）,30703119 | 58797175,郑浩Z-Hao | 冰洁,363700782,琵琶曲,2026-02-27,,,,https://music.163.com/song?id=3363501099,http://p2.music.126.net/VvGYXvFGD4LQs5WUdbe6dA==/109951173179274574.jpg,https://music.163.com/discover/toplist?id=2884035,https://music.163.com/api/playlist/detail?id=2884035&n=100
20260812T132133+0800,2026-08-12T13:21:33+08:00,2026-08-06,netease_cloud_music,CN,original,原创榜,2884035,100,60,41.0,3410227381,志富路,34208581,Yellllow阿喽,388564559,志富路,2026-07-26,,,,https://music.163.com/song?id=3410227381,http://p2.music.126.net/kVu8ARHVBufmGRAfAhEJ7g==/109951173622235172.jpg,https://music.163.com/discover/toplist?id=2884035,https://music.163.com/api/playlist/detail?id=2884035&n=100
20260812T132133+0800,2026-08-12T13:21:33+08:00,2026-08-06,netease_cloud_music,CN,original,原创榜,2884035,100,61,40.0,3411957989,南阳诸葛庐,51533054,贊詩,382159655,神农尝百草·卷二,2026-06-20,,,,https://music.163.com/song?id=3411957989,http://p2.music.126.net/baY_btc4SqfPO7PeFdzNxg==/109951173406179425.jpg,https://music.163.com/discover/toplist?id=2884035,https://music.163.com/api/playlist/detail?id=2884035&n=100
20260812T132133+0800,2026-08-12T13:21:33+08:00,2026-08-06,netease_cloud_music,CN,original,原创榜,2884035,100,62,39.0,3412505650,水之森,48993892,小鷹,389432988,水之森,2026-07-30,,,,https://music.163.com/song?id=3412505650,http://p2.music.126.net/BGa9AFZxHlhLuUZdZX3zjw==/109951173651331892.jpg,https://music.163.com/discover/toplist?id=2884035,https://music.163.com/api/playlist/detail?id=2884035&n=100
20260812T132133+0800,2026-08-12T13:21:33+08:00,2026-08-06,netease_cloud_music,CN,original,原创榜,2884035,100,63,38.0,3409311245,盛世长歌,30285885,邓寓君（等什么君）,388193139,盛世长歌,2026-08-01,,,,https://music.163.com/song?id=3409311245,http://p2.music.126.net/JAxpeVXhlpSsc8HYFxPh_A==/109951173603756637.jpg,https://music.163.com/discover/toplist?id=2884035,https://music.163.com/api/playlist/detail?id=2884035&n=100
20260812T132133+0800,2026-08-12T13:21:33+08:00,2026-08-06,netease_cloud_music,CN,original,原创榜,2884035,100,64,37.0,3410614883,Sad melody,34357551,吴炳文,388722789,失以往复,2026-07-30,,,,https://music.163.com/song?id=3410614883,http://p2.music.126.net/hcG-ZSWj0fvhCvKS5HGGcQ==/109951173627257203.jpg,https://music.163.com/discover/toplist?id=2884035,https://music.163.com/api/playlist/detail?id=2884035&n=100
20260812T132133+0800,2026-08-12T13:21:33+08:00,2026-08-06,netease_cloud_music,CN,original,原创榜,2884035,100,65,36.0,3416261941,陪我勇敢,12276,梦飞船,390688162,陪我勇敢,,,,,https://music.163.com/song?id=3416261941,http://p2.music.126.net/gBDE0g2q2eLgA0z-mP82gw==/109951173692381301.jpg,https://music.163.com/discover/toplist?id=2884035,https://music.163.com/api/playlist/detail?id=2884035&n=100
20260812T132133+0800,2026-08-12T13:21:33+08:00,2026-08-06,netease_cloud_music,CN,original,原创榜,2884035,100,66,35.0,3413674641,黄金之地,59888486 | ,世界之外 | 徐雨帆,389832794,《世界之外》「黄金之地」原声音乐集,,,,,https://music.163.com/song?id=3413674641,http://p2.music.126.net/3fjQmavGD2VClvUGrQf2HA==/109951173662821071.jpg,https://music.163.com/discover/toplist?id=2884035,https://music.163.com/api/playlist/detail?id=2884035&n=100
20260812T132133+0800,2026-08-12T13:21:33+08:00,2026-08-06,netease_cloud_music,CN,original,原创榜,2884035,100,67,34.0,3404041906,我爱上一个女孩,37198739,李幼白,386085947,我爱上一个女孩,2026-07-10,,,,https://music.163.com/song?id=3404041906,http://p2.music.126.net/NqkqPsMDXeyh4aqkFbZHVA==/109951173612437772.jpg,https://music.163.com/discover/toplist?id=2884035,https://music.163.com/api/playlist/detail?id=2884035&n=100
20260812T132133+0800,2026-08-12T13:21:33+08:00,2026-08-06,netease_cloud_music,CN,original,原创榜,2884035,100,68,33.0,3412994570,我爱的人啊,12200017,歌之初乐队,389497736,我爱的人啊,,,,,https://music.163.com/song?id=3412994570,http://p2.music.126.net/Y0jgH0UDdrufgFZ6MaK3zg==/109951173656120246.jpg,https://music.163.com/discover/toplist?id=2884035,https://music.163.com/api/playlist/detail?id=2884035&n=100
20260812T132133+0800,2026-08-12T13:21:33+08:00,2026-08-06,netease_cloud_music,CN,original,原创榜,2884035,100,69,32.0,3410060406,Till My Summer(直至盛夏归期),35730089,刘洋Sofia,388512194,Till My Summer,,,,,https://music.163.com/song?id=3410060406,http://p2.music.126.net/hGTqwQzCY3FMX4GKUmC2kw==/109951173620799130.jpg,https://music.163.com/discover/toplist?id=2884035,https://music.163.com/api/playlist/detail?id=2884035&n=100
20260812T132133+0800,2026-08-12T13:21:33+08:00,2026-08-06,netease_cloud_music,CN,original,原创榜,2884035,100,70,31.0,3411943680,怪我,12118400 | 12085066,山姆十四Samwise | ZIV,389231132,怪我,2026-07-29,,,,https://music.163.com/song?id=3411943680,http://p2.music.126.net/R8NltsjfhulMfPbljewIJQ==/109951173645432311.jpg,https://music.163.com/discover/toplist?id=2884035,https://music.163.com/api/playlist/detail?id=2884035&n=100
20260812T132133+0800,2026-08-12T13:21:33+08:00,2026-08-06,netease_cloud_music,CN,original,原创榜,2884035,100,71,30.0,3361716324,I'm done,34850318,Vincentz,367304915,I'm done,,,,,https://music.163.com/song?id=3361716324,http://p2.music.126.net/j4EFCsALD40VPTaiBX7oLw==/109951173127901637.jpg,https://music.163.com/discover/toplist?id=2884035,https://music.163.com/api/playlist/detail?id=2884035&n=100
20260812T132133+0800,2026-08-12T13:21:33+08:00,2026-08-06,netease_cloud_music,CN,original,原创榜,2884035,100,72,29.0,3415841760,touch grass,32992079,Yaka,390094926,DLC,,,,,https://music.163.com/song?id=3415841760,http://p2.music.126.net/M1ymYle2IiY2Ad07MlosXw==/109951173671432890.jpg,https://music.163.com/discover/toplist?id=2884035,https://music.163.com/api/playlist/detail?id=2884035&n=100
20260812T132133+0800,2026-08-12T13:21:33+08:00,2026-08-06,netease_cloud_music,CN,original,原创榜,2884035,100,73,28.0,3409596145,メシア,56672609,ナナツカゼ,388323640,メシア,2026-07-29,,,,https://music.163.com/song?id=3409596145,http://p1.music.126.net/-shlMq3dKo5GwNFInIkFEg==/109951173610292890.jpg,https://music.163.com/discover/toplist?id=2884035,https://music.163.com/api/playlist/detail?id=2884035&n=100
20260812T132133+0800,2026-08-12T13:21:33+08:00,2026-08-06,netease_cloud_music,CN,original,原创榜,2884035,100,74,27.0,3415833183,万物皆是自由诗,52740062,Soulloom苏洛牧,390500126,万物皆是自由诗,,,,,https://music.163.com/song?id=3415833183,http://p1.music.126.net/q9BPMb67uVpm0xN6tqyCpw==/109951173686473897.jpg,https://music.163.com/discover/toplist?id=2884035,https://music.163.com/api/playlist/detail?id=2884035&n=100
20260812T132133+0800,2026-08-12T13:21:33+08:00,2026-08-06,netease_cloud_music,CN,original,原创榜,2884035,100,75,26.0,3415041969,公式化,32851886 | 59655434,MOCKER44. | 洛天依,390256438,公式化,,,,,https://music.163.com/song?id=3415041969,http://p1.music.126.net/zLFs1aLUKM4H_Tme2Q-Q1A==/109951173677496637.jpg,https://music.163.com/discover/toplist?id=2884035,https://music.163.com/api/playlist/detail?id=2884035&n=100
20260812T132133+0800,2026-08-12T13:21:33+08:00,2026-08-06,netease_cloud_music,CN,original,原创榜,2884035,100,76,25.0,3410294029,缘分如骤雨,12227865,阿YueYue,388593586,缘分如骤雨,2026-07-31,,,,https://music.163.com/song?id=3410294029,http://p1.music.126.net/Kdts3NuF5jJx8yFbb0M4dw==/109951173623068348.jpg,https://music.163.com/discover/toplist?id=2884035,https://music.163.com/api/playlist/detail?id=2884035&n=100
20260812T132133+0800,2026-08-12T13:21:33+08:00,2026-08-06,netease_cloud_music,CN,original,原创榜,2884035,100,77,24.0,3415950266,雨点,54156801 | 56688787 | 94826725,克莱因蓝 | 烧麦 | 麦旋风风风,390516711,雨点,,,,,https://music.163.com/song?id=3415950266,http://p1.music.126.net/BPs8tEqloIK_8_WIKirrtA==/109951173688453744.jpg,https://music.163.com/discover/toplist?id=2884035,https://music.163.com/api/playlist/detail?id=2884035&n=100
20260812T132133+0800,2026-08-12T13:21:33+08:00,2026-08-06,netease_cloud_music,CN,original,原创榜,2884035,100,78,23.0,3416306504,June,100489356 | 57313438 | 94441384,Lace | K3nny | maksomnoi,390683321,夏,,,,,https://music.163.com/song?id=3416306504,http://p1.music.126.net/GtuPVSdXOEbYc1ySv7muqQ==/109951173692723755.jpg,https://music.163.com/discover/toplist?id=2884035,https://music.163.com/api/playlist/detail?id=2884035&n=100
20260812T132133+0800,2026-08-12T13:21:33+08:00,2026-08-06,netease_cloud_music,CN,original,原创榜,2884035,100,79,22.0,3413206045,时差,34172520 | 30534222,C.HØPE | 伊赫,389672698,时差,2026-07-30,,,,https://music.163.com/song?id=3413206045,http://p1.music.126.net/Mkj6gDy1U3gsf6avbnRYEg==/109951173657752372.jpg,https://music.163.com/discover/toplist?id=2884035,https://music.163.com/api/playlist/detail?id=2884035&n=100
20260812T132133+0800,2026-08-12T13:21:33+08:00,2026-08-06,netease_cloud_music,CN,original,原创榜,2884035,100,80,21.0,3413843657,小房间rapper,58911824,芒斯特,389882543,小房间rapper,,,,,https://music.163.com/song?id=3413843657,http://p1.music.126.net/7uGG2NuKn6qr6RehrBxptA==/109951173664345770.jpg,https://music.163.com/discover/toplist?id=2884035,https://music.163.com/api/playlist/detail?id=2884035&n=100
20260812T132133+0800,2026-08-12T13:21:33+08:00,2026-08-06,netease_cloud_music,CN,original,原创榜,2884035,100,81,20.0,3414594048,坏夏(BAD SUMmEr),13681435,朱恩池ZGODZ,390138828,坏夏（BAD SUMmEr）,,,,,https://music.163.com/song?id=3414594048,http://p1.music.126.net/-loVQIDvIQWdebAddFNtIA==/109951173672885698.jpg,https://music.163.com/discover/toplist?id=2884035,https://music.163.com/api/playlist/detail?id=2884035&n=100
20260812T132133+0800,2026-08-12T13:21:33+08:00,2026-08-06,netease_cloud_music,CN,original,原创榜,2884035,100,82,19.0,3414398830,只喝一杯,12126856,白皮书乐队,390077200,只喝一杯,,,,,https://music.163.com/song?id=3414398830,http://p1.music.126.net/kS2Vrbj7rtyLOtMiv766vg==/109951173670659812.jpg,https://music.163.com/discover/toplist?id=2884035,https://music.163.com/api/playlist/detail?id=2884035&n=100
20260812T132133+0800,2026-08-12T13:21:33+08:00,2026-08-06,netease_cloud_music,CN,original,原创榜,2884035,100,83,18.0,3413710903,Sad Girl,60864281,胧,389824304,Sad Girl,,,,,https://music.163.com/song?id=3413710903,http://p1.music.126.net/iJLOgdi-rPzn2BHxdxOueg==/109951173663129408.jpg,https://music.163.com/discover/toplist?id=2884035,https://music.163.com/api/playlist/detail?id=2884035&n=100
20260812T132133+0800,2026-08-12T13:21:33+08:00,2026-08-06,netease_cloud_music,CN,original,原创榜,2884035,100,84,17.0,3411984730,无声海域（silence sea),35247227,汤果果Apple,389250777,无声海域（silence sea),,,,,https://music.163.com/song?id=3411984730,http://p1.music.126.net/mddkW_fM0HzMibMvl8yMJQ==/109951173645972297.jpg,https://music.163.com/discover/toplist?id=2884035,https://music.163.com/api/playlist/detail?id=2884035&n=100
20260812T132133+0800,2026-08-12T13:21:33+08:00,2026-08-06,netease_cloud_music,CN,original,原创榜,2884035,100,85,16.0,3412048506,假面论,32036990,离离,389241574,假面论,,,,,https://music.163.com/song?id=3412048506,http://p1.music.126.net/W7qNmcHMfamP28KwgDUYEQ==/109951173646759512.jpg,https://music.163.com/discover/toplist?id=2884035,https://music.163.com/api/playlist/detail?id=2884035&n=100
20260812T132133+0800,2026-08-12T13:21:33+08:00,2026-08-06,netease_cloud_music,CN,original,原创榜,2884035,100,86,15.0,3411887302,Take You There,28420071,舵Diverseddie,389208981,Take You There,,,,,https://music.163.com/song?id=3411887302,http://p1.music.126.net/sNA6GNaOKgbTqGkP1Ubomw==/109951173644578729.jpg,https://music.163.com/discover/toplist?id=2884035,https://music.163.com/api/playlist/detail?id=2884035&n=100
20260812T132133+0800,2026-08-12T13:21:33+08:00,2026-08-06,netease_cloud_music,CN,original,原创榜,2884035,100,87,14.0,3412542059,东屯渡Sh!t,12060069 | 1050364 | 54547508 | 12319437,Jio吉欧 | Yee | KazChou | RANZER叶润泽,389437516,东屯渡Mixtape Vol.1,,,,,https://music.163.com/song?id=3412542059,http://p1.music.126.net/0v2C6gRhGGiCHR_e_Y3hgQ==/109951173651463729.jpg,https://music.163.com/discover/toplist?id=2884035,https://music.163.com/api/playlist/detail?id=2884035&n=100
20260812T132133+0800,2026-08-12T13:21:33+08:00,2026-08-06,netease_cloud_music,CN,original,原创榜,2884035,100,88,13.0,3409267450,情绪,12037062 | 12552425,NaCho | Even仇依文,388171302,情绪,,,,,https://music.163.com/song?id=3409267450,http://p1.music.126.net/Ob9udo-tVGgh4ZkxC7fITQ==/109951173602872889.jpg,https://music.163.com/discover/toplist?id=2884035,https://music.163.com/api/playlist/detail?id=2884035&n=100
20260812T132133+0800,2026-08-12T13:21:33+08:00,2026-08-06,netease_cloud_music,CN,original,原创榜,2884035,100,89,12.0,3414988815,假面世界,34145969,太陽無限,390244414,假面三部曲,,,,,https://music.163.com/song?id=3414988815,http://p1.music.126.net/tY6lJ0m9ULaM-yLTAi6Odg==/109951173676880197.jpg,https://music.163.com/discover/toplist?id=2884035,https://music.163.com/api/playlist/detail?id=2884035&n=100
20260812T132133+0800,2026-08-12T13:21:33+08:00,2026-08-06,netease_cloud_music,CN,original,原创榜,2884035,100,90,11.0,3414912403,自述,59694404 |  | 59655434,烟花燕QianSYp | 星尘 | 洛天依,390153057,自述,,,,,https://music.163.com/song?id=3414912403,http://p1.music.126.net/IMQftyXm04--G5fPHTY6Ug==/109951173676710381.jpg,https://music.163.com/discover/toplist?id=2884035,https://music.163.com/api/playlist/detail?id=2884035&n=100
20260812T132133+0800,2026-08-12T13:21:33+08:00,2026-08-06,netease_cloud_music,CN,original,原创榜,2884035,100,91,10.0,3411624774,风是故乡来信,34260409 | 30003051 | 51335248,月引 | 清音 | 亦骨,389030657,风是故乡来信,,,,,https://music.163.com/song?id=3411624774,http://p1.music.126.net/2h-diwn32bbP6aQdfZKXzQ==/109951173639764634.jpg,https://music.163.com/discover/toplist?id=2884035,https://music.163.com/api/playlist/detail?id=2884035&n=100
20260812T132133+0800,2026-08-12T13:21:33+08:00,2026-08-06,netease_cloud_music,CN,original,原创榜,2884035,100,92,9.0,3411963375,人类无法飞翔,52474116 | 122307884,CASHCOWI凯希考艾 | simo^_^,389241207,清醒梦症候群,,,,,https://music.163.com/song?id=3411963375,http://p1.music.126.net/DZztg-yhTvKCKQDxl3TdKw==/109951173603591189.jpg,https://music.163.com/discover/toplist?id=2884035,https://music.163.com/api/playlist/detail?id=2884035&n=100
20260812T132133+0800,2026-08-12T13:21:33+08:00,2026-08-06,netease_cloud_music,CN,original,原创榜,2884035,100,93,8.0,3410617081,叮叮当,12443292 | 13059447,朴冉 | 林超泽,388724491,叮叮当,,,,,https://music.163.com/song?id=3410617081,http://p1.music.126.net/C800n6IN32BtHt4y3dqo8A==/109951173663036956.jpg,https://music.163.com/discover/toplist?id=2884035,https://music.163.com/api/playlist/detail?id=2884035&n=100
20260812T132133+0800,2026-08-12T13:21:33+08:00,2026-08-06,netease_cloud_music,CN,original,原创榜,2884035,100,94,7.0,3413865146,0730:slow me,94319010,止述,389824956,0730:slow me,,,,,https://music.163.com/song?id=3413865146,http://p1.music.126.net/yOdqYaGoyzw6k4Ay3ALfGg==/109951173664560413.jpg,https://music.163.com/discover/toplist?id=2884035,https://music.163.com/api/playlist/detail?id=2884035&n=100
20260812T132133+0800,2026-08-12T13:21:33+08:00,2026-08-06,netease_cloud_music,CN,original,原创榜,2884035,100,95,6.0,3415933619,空镜,52979623,非弹力碰撞,373759258,未寄出的信,,,,,https://music.163.com/song?id=3415933619,http://p1.music.126.net/_NILIkMvJNOUx5IihmD86w==/109951173146124711.jpg,https://music.163.com/discover/toplist?id=2884035,https://music.163.com/api/playlist/detail?id=2884035&n=100
20260812T132133+0800,2026-08-12T13:21:33+08:00,2026-08-06,netease_cloud_music,CN,original,原创榜,2884035,100,96,5.0,3412623185,暑假,966147,三册柏,389467365,春雪,,,,,https://music.163.com/song?id=3412623185,http://p1.music.126.net/qABCiibsfD6Ux-W57bQixg==/109951173652299349.jpg,https://music.163.com/discover/toplist?id=2884035,https://music.163.com/api/playlist/detail?id=2884035&n=100
20260812T132133+0800,2026-08-12T13:21:33+08:00,2026-08-06,netease_cloud_music,CN,original,原创榜,2884035,100,97,4.0,3411943630,爱莲说,12768886,周舟,389194769,LOTUS,,,,,https://music.163.com/song?id=3411943630,http://p1.music.126.net/Ng8Bq4DkSxCGsfkQwcYRGg==/109951173645427728.jpg,https://music.163.com/discover/toplist?id=2884035,https://music.163.com/api/playlist/detail?id=2884035&n=100
20260812T132133+0800,2026-08-12T13:21:33+08:00,2026-08-06,netease_cloud_music,CN,original,原创榜,2884035,100,98,3.0,3414469834,亚洲超模,27907744,YuGo,390095779,本自具足,,,,,https://music.163.com/song?id=3414469834,http://p1.music.126.net/jc8RzFsg0X60sqqsjnYBrA==/109951173671437241.jpg,https://music.163.com/discover/toplist?id=2884035,https://music.163.com/api/playlist/detail?id=2884035&n=100
20260812T132133+0800,2026-08-12T13:21:33+08:00,2026-08-06,netease_cloud_music,CN,original,原创榜,2884035,100,99,2.0,3415936154,Smoke,1159206,JOKER,390507795,Smoke,,,,,https://music.163.com/song?id=3415936154,http://p1.music.126.net/mFvewpYGsv0_W1g_RWa-Ow==/109951173688244604.jpg,https://music.163.com/discover/toplist?id=2884035,https://music.163.com/api/playlist/detail?id=2884035&n=100
20260812T132133+0800,2026-08-12T13:21:33+08:00,2026-08-06,netease_cloud_music,CN,original,原创榜,2884035,100,100,1.0,3413741422,帕罗西汀,12496255,Juan,389831357,Paroxetine,,,,,https://music.163.com/song?id=3413741422,http://p1.music.126.net/CD7O_OkawUNW47W0BkdI6g==/109951173663496939.jpg,https://music.163.com/discover/toplist?id=2884035,https://music.163.com/api/playlist/detail?id=2884035&n=100
20260812T132133+0800,2026-08-12T13:21:33+08:00,2026-08-11,netease_cloud_music,CN,potential,潜力爆款榜,5338990334,10,1,100.0,1982325620,Forever,13616276,The Little Dippers,151785750,Forever,,,21,20,https://music.163.com/song?id=1982325620,http://p2.music.126.net/MsfFA3vwbxV_lZijYlkOhg==/109951167886780601.jpg,https://music.163.com/discover/toplist?id=5338990334,https://music.163.com/api/playlist/detail?id=5338990334&n=100
20260812T132133+0800,2026-08-12T13:21:33+08:00,2026-08-11,netease_cloud_music,CN,potential,潜力爆款榜,5338990334,10,2,90.0,307594,泪海,9943,许茹芸,30544,泪海,1996-03-28,,,,https://music.163.com/song?id=307594,http://p2.music.126.net/TougJlCvAbS1wf6M3kif6w==/109951172702570259.jpg,https://music.163.com/discover/toplist?id=5338990334,https://music.163.com/api/playlist/detail?id=5338990334&n=100
20260812T132133+0800,2026-08-12T13:21:33+08:00,2026-08-11,netease_cloud_music,CN,potential,潜力爆款榜,5338990334,10,3,80.0,444323757,我想 （正式版）feat.泠风,865007 | 12541056,法老 | 泠风,35021549,东海岸,2016-12-03,,19,16,https://music.163.com/song?id=444323757,http://p2.music.126.net/z253qn2_rIiK0NvaD5_btA==/109951162817129061.jpg,https://music.163.com/discover/toplist?id=5338990334,https://music.163.com/api/playlist/detail?id=5338990334&n=100
20260812T132133+0800,2026-08-12T13:21:33+08:00,2026-08-11,netease_cloud_music,CN,potential,潜力爆款榜,5338990334,10,4,70.0,439121070,梦幻诛仙,5538,汪苏泷,34975031,梦幻诛仙,2016-11-07,,,,https://music.163.com/song?id=439121070,http://p2.music.126.net/7-xKJpu0oVB9wCkR5owNXg==/3265549612049272.jpg,https://music.163.com/discover/toplist?id=5338990334,https://music.163.com/api/playlist/detail?id=5338990334&n=100
20260812T132133+0800,2026-08-12T13:21:33+08:00,2026-08-11,netease_cloud_music,CN,potential,潜力爆款榜,5338990334,10,5,60.0,27867073,연애의 조건 (Love Options),791553,BESTie,2685301,연애의 조건 (Love Options),2013-10-17,,25,20,https://music.163.com/song?id=27867073,http://p2.music.126.net/6rRfz31BrRX6R3GGl_10kA==/109951169710211584.jpg,https://music.163.com/discover/toplist?id=5338990334,https://music.163.com/api/playlist/detail?id=5338990334&n=100
20260812T132133+0800,2026-08-12T13:21:33+08:00,2026-08-11,netease_cloud_music,CN,potential,潜力爆款榜,5338990334,10,6,50.0,70713,Love U 2,2164,陈伟霆,6874,WOW,2011-08-26,,,,https://music.163.com/song?id=70713,http://p2.music.126.net/ojCbbM9Q9r2_QkKSJhVAwA==/109951165674704515.jpg,https://music.163.com/discover/toplist?id=5338990334,https://music.163.com/api/playlist/detail?id=5338990334&n=100
20260812T132133+0800,2026-08-12T13:21:33+08:00,2026-08-11,netease_cloud_music,CN,potential,潜力爆款榜,5338990334,10,7,40.0,2150300403,在你心中那毫不起眼模糊界限的,33440585,王唯灿,193857195,在你心中那毫不起眼模糊界限的,,,,,https://music.163.com/song?id=2150300403,http://p2.music.126.net/O7_T0EUROwELcEitjrVUJQ==/109951169539006942.jpg,https://music.163.com/discover/toplist?id=5338990334,https://music.163.com/api/playlist/detail?id=5338990334&n=100
20260812T132133+0800,2026-08-12T13:21:33+08:00,2026-08-11,netease_cloud_music,CN,potential,潜力爆款榜,5338990334,10,8,30.0,32507737,不要忘记我爱你,1024308,张碧晨,3162391,不要忘记我爱你,2015-06-09,,52,44,https://music.163.com/song?id=32507737,http://p2.music.126.net/OFiXw-QakOoUHqMzcSF-GQ==/109951172626052373.jpg,https://music.163.com/discover/toplist?id=5338990334,https://music.163.com/api/playlist/detail?id=5338990334&n=100
20260812T132133+0800,2026-08-12T13:21:33+08:00,2026-08-11,netease_cloud_music,CN,potential,潜力爆款榜,5338990334,10,9,20.0,1376142151,无名之辈,14420803,陈雪燃,80419340,亲爱的，热爱的 影视原声带,,,50,41,https://music.163.com/song?id=1376142151,http://p2.music.126.net/wRrT0pLk_6gFODEwo-A-wg==/109951164217552025.jpg,https://music.163.com/discover/toplist?id=5338990334,https://music.163.com/api/playlist/detail?id=5338990334&n=100
20260812T132133+0800,2026-08-12T13:21:33+08:00,2026-08-11,netease_cloud_music,CN,potential,潜力爆款榜,5338990334,10,10,10.0,1865902042,什么是逍遥,34469478,王同学Able,131175618,什么是逍遥,2021-08-02,,42,32,https://music.163.com/song?id=1865902042,http://p2.music.126.net/oayzb1MKLrKXmrFbw6WB7A==/109951166239668143.jpg,https://music.163.com/discover/toplist?id=5338990334,https://music.163.com/api/playlist/detail?id=5338990334&n=100
20260812T132133+0800,2026-08-12T13:21:33+08:00,2026-08-12,netease_cloud_music,CN,realtime_share,实时分享榜,18176153161,10,1,100.0,2080324987,Love Me,37263,JMSN,174285450,Soft Spot,2023-10-11,,,,https://music.163.com/song?id=2080324987,http://p2.music.126.net/1YV5JGnq3zfddKH6IE1Z3Q==/109951172418838714.jpg,https://music.163.com/discover/toplist?id=18176153161,https://music.163.com/api/playlist/detail?id=18176153161&n=100
20260812T132133+0800,2026-08-12T13:21:33+08:00,2026-08-12,netease_cloud_music,CN,realtime_share,实时分享榜,18176153161,10,2,90.0,287398,我不难过,9272,孙燕姿,28539,未完成,2003-01-10,,1,-1,https://music.163.com/song?id=287398,http://p2.music.126.net/Pzxy6py26NgNmhJjYMf2RQ==/109951169724216323.jpg,https://music.163.com/discover/toplist?id=18176153161,https://music.163.com/api/playlist/detail?id=18176153161&n=100
20260812T132133+0800,2026-08-12T13:21:33+08:00,2026-08-12,netease_cloud_music,CN,realtime_share,实时分享榜,18176153161,10,3,80.0,2097443876,碎碎念,1143033,队长,177709425,碎碎念,2023-11-15,,7,4,https://music.163.com/song?id=2097443876,http://p2.music.126.net/RYIrCEYzgeAD85DJ0rgOQA==/109951169256300966.jpg,https://music.163.com/discover/toplist?id=18176153161,https://music.163.com/api/playlist/detail?id=18176153161&n=100
20260812T132133+0800,2026-08-12T13:21:33+08:00,2026-08-12,netease_cloud_music,CN,realtime_share,实时分享榜,18176153161,10,4,70.0,1951500280,我的祖国,7781,郭兰英,145692744,郭兰英个人专辑,1999-05-18,,2,-2,https://music.163.com/song?id=1951500280,http://p2.music.126.net/qoQiHci-OWd4c4Ufg0rpTg==/109951167486544221.jpg,https://music.163.com/discover/toplist?id=18176153161,https://music.163.com/api/playlist/detail?id=18176153161&n=100
20260812T132133+0800,2026-08-12T13:21:33+08:00,2026-08-12,netease_cloud_music,CN,realtime_share,实时分享榜,18176153161,10,5,60.0,1472921626,刻在我心底的名字,3690,卢广仲,94304499,刻在我心底的名字,2020-08-25,,4,-1,https://music.163.com/song?id=1472921626,http://p2.music.126.net/hP30WVUoRy-wE3c-prxr0g==/109951165256630492.jpg,https://music.163.com/discover/toplist?id=18176153161,https://music.163.com/api/playlist/detail?id=18176153161&n=100
20260812T132133+0800,2026-08-12T13:21:33+08:00,2026-08-12,netease_cloud_music,CN,realtime_share,实时分享榜,18176153161,10,6,50.0,3399839173,甲乙丙丁 (你我怎么两清),8753,李佳薇,384452271,甲乙丙丁,2026-07-02,,5,-1,https://music.163.com/song?id=3399839173,http://p2.music.126.net/H9iDvukTit_jx-fmhhvXUQ==/109951173482378749.jpg,https://music.163.com/discover/toplist?id=18176153161,https://music.163.com/api/playlist/detail?id=18176153161&n=100
20260812T132133+0800,2026-08-12T13:21:33+08:00,2026-08-12,netease_cloud_music,CN,realtime_share,实时分享榜,18176153161,10,7,40.0,3404238777,周旋,12236125 | 1203045,王以太 | 艾热 AIR,386145067,太热爱,2026-07-12,,3,-4,https://music.163.com/song?id=3404238777,http://p2.music.126.net/rDv1qod6MDsYcEHKtxCdAA==/109951173532089932.jpg,https://music.163.com/discover/toplist?id=18176153161,https://music.163.com/api/playlist/detail?id=18176153161&n=100
20260812T132133+0800,2026-08-12T13:21:33+08:00,2026-08-12,netease_cloud_music,CN,realtime_share,实时分享榜,18176153161,10,8,30.0,277382,盛夏的果实,8926,莫文蔚,27539,含情莫莫 莫文蔚全精选辑,2002-03-01,,11,3,https://music.163.com/song?id=277382,http://p1.music.126.net/3eVhNBf4fv133FRgMj4IPQ==/109951164628978750.jpg,https://music.163.com/discover/toplist?id=18176153161,https://music.163.com/api/playlist/detail?id=18176153161&n=100
20260812T132133+0800,2026-08-12T13:21:33+08:00,2026-08-12,netease_cloud_music,CN,realtime_share,实时分享榜,18176153161,10,9,20.0,2136806746,狗狗,12277473,李大奔BENZO,189277354,STAY STRONG,,,16,7,https://music.163.com/song?id=2136806746,http://p1.music.126.net/08gifTiSLnI2pEUd_6Gtdw==/109951169421977365.jpg,https://music.163.com/discover/toplist?id=18176153161,https://music.163.com/api/playlist/detail?id=18176153161&n=100
20260812T132133+0800,2026-08-12T13:21:33+08:00,2026-08-12,netease_cloud_music,CN,realtime_share,实时分享榜,18176153161,10,10,10.0,108965,冻结,3684,林俊杰,10808,乐行者,2003-04-01,,9,-1,https://music.163.com/song?id=108965,http://p1.music.126.net/BU26yl8XSsV4g1_eYYTCWg==/109951172002804127.jpg,https://music.163.com/discover/toplist?id=18176153161,https://music.163.com/api/playlist/detail?id=18176153161&n=100
